primeiro_nome;sobrenome;nome_completo
Daniela;Pinto;Daniela Pinto
Larissa;Brito;Larissa Brito
Larissa;Lima;Bruna Lima
Alan;Campos;Alan Campos
Paula;Freitas;Paula Freitas
Wagner;Estrela;Wagner Estrela
Joana;Gouveia;Joana Gouveia
Michele;Rodrigues;Michele Rodrigues
André;Valente;André Valente
Douglas;Amorim;Douglas Amorim
Nelson;Martins;Nelson Martins
Murilo;Barros;Murilo Barros
Igor;Freitas;Igor Freitas
Rafael;Saraiva;Rafael Saraiva
Débora;Cardoso;Débora Cardoso
Rodrigo;Costa;Rodrigo Costa
Jaqueline;Sampaio;Jaqueline Sampaio
Cecília;Valente;Cecília Valente
Paulo;Holanda;Paulo Holanda
Davi;Medeiros;Davi Medeiros
Letícia;Simões;Letícia Simões
Larissa;Oliveira;Larissa Oliveira
Rafaela;Marinho;Rafaela Marinho
Bianca;Passos;Bianca Passos
Leonardo;Campos;Leonardo Campos
Rosa;Moraes;Rosa Moraes
Mauro;Serafim;Mauro Serafim
Bruna;Benevides;Bruna Benevides
Débora;Mascarenhas;Débora Mascarenhas
Simone;Coutinho;Simone Coutinho
Fabiana;Xavier;Fabiana Xavier
Cecília;Santos;Cecília Santos
Rafael;Marinho;Rafael Marinho
Rafael;Aragão;Rafael Aragão
Natália;Souza;Natália Souza
Nilson;Valente;Nilson Valente
Caio;Cintra;Caio Cintra
Wallace;Ribeiro;Wallace Ribeiro
Elisângela;Barros;Elisângela Barros
Jaqueline;Rodrigues;Jaqueline Rodrigues
Bruna;Martins;Bruna Martins
Flávia;Silva;Flávia Silva
Rafael;Tavares;Rafael Tavares
Bianca;Lima;Bianca Lima
Murilo;Vasconcelos;Murilo Vasconcelos
Vinícius;Aragão;Vinícius Aragão
Pedro;Quevedo;Pedro Quevedo
Antônio;Assis;Antônio Assis
Roberto;Moreira;Roberto Moreira
Rafael;Maia;Rafael Maia
Adriana;Simões;Adriana Simões
Priscila;Nunes;Priscila Nunes
Roberta;Dias;Roberta Dias
Leonardo;Prado;Leonardo Prado
Igor;Simões;Igor Simões
Renato;Estrela;Renato Estrela
Patrícia;Rocha;Patrícia Rocha
Carla;Pereira;Carla Pereira
Fernanda;Amorim;Fernanda Amorim
Daniel;Saraiva;Daniel Saraiva
Joana;Cunha;Joana Cunha
Priscila;Ferreira;Priscila Ferreira
Flávia;Damasceno;Flávia Damasceno
Rosa;Farias;Rosa Farias
Gabriel;Santana;Gabriel Santana
Teresa;Serafim;Teresa Serafim
Joana;Castro;Joana Castro
Henrique;Marinho;Henrique Marinho
Paulo;Peixoto;Paulo Peixoto
Leonardo;Nunes;Leonardo Nunes
Vinícius;Azevedo;Vinícius Azevedo
Nelson;Assis;Nelson Assis
Débora;Porto;Débora Porto
Débora;Campos;Débora Campos
Henrique;Moreira;Henrique Moreira
Camila;Moraes;Camila Moraes
Henrique;Cintra;Henrique Cintra
Silvio;Siqueira;Silvio Siqueira
Mônica;Monteiro;Mônica Monteiro
Isabela;Barros;Isabela Barros
Daniela;Duarte;Daniela Duarte
Pedro;Ribeiro;Pedro Ribeiro
Murilo;Dorneles;Murilo Dorneles
Alan;Tavares;Alan Tavares
Renata;Macedo;Renata Macedo
Marcelo;Rodrigues;Marcelo Rodrigues
Ana;Guimarães;Ana Guimarães
Cecília;Alves;Cecília Alves
Juliana;Mascarenhas;Juliana Mascarenhas
Patrícia;Serafim;Patrícia Serafim
Mônica;Paiva;Mônica Paiva
Renato;Prado;Renato Prado
Jorge;Cardoso;Jorge Cardoso
Mateus;Guimarães;Mateus Guimarães
Douglas;Vasconcelos;Douglas Vasconcelos
Fabiana;Rangel;Fabiana Rangel
Silvio;Barros;Silvio Barros
Henrique;Lima;Henrique Lima
Wagner;Teles;Wagner Teles
Silvio;Teles;Silvio Teles
Nilson;Santana;Nilson Santana
Wallace;Simões;Wallace Simões
Eliane;Moreira;Eliane Moreira
Cristiano;Passos;Cristiano Passos
Rodrigo;Braga;Rodrigo Braga
Michele;Amorim;Michele Amorim
Roberto;Bastos;Roberto Bastos
Débora;Rodrigues;Débora Rodrigues
Rodrigo;Batista;Rodrigo Batista
Joana;Mascarenhas;Joana Mascarenhas
Jaqueline;Souza;Jaqueline Souza
Elisângela;Mascarenhas;Elisângela Mascarenhas
Thiago;Zago;Thiago Zago
Fábio;Tavares;Fábio Tavares
Rafael;Porto;Rafael Porto
Bruna;Queiroz;Bruna Queiroz
Fernanda;Correia;Fernanda Correia
Nelson;Quevedo;Nelson Quevedo
Davi;Pinto;Davi Pinto
José;Passos;José Passos
Leonardo;Rocha;Leonardo Rocha
Marcelo;Dias;Marcelo Dias
Rafael;Bezerra;Rafael Bezerra
Hugo;Silva;Hugo Silva
Maria;Duarte;Maria Duarte
Wallace;Ferreira;Wallace Ferreira
Adriana;Lima;Adriana Lima
Leonardo;Gomes;Leonardo Gomes
Luciano;Duarte;Luciano Duarte
Maria;Cardoso;Maria Cardoso
Mateus;Loureiro;Mateus Loureiro
Kelly;Neves;Kelly Neves
Nelson;Tavares;Nelson Tavares
Caio;Castro;Caio Castro
Guilherme;Marinho;Guilherme Marinho
Álvaro;Neves;Álvaro Neves
Adriana;Pedrosa;Adriana Pedrosa
Mauro;Farias;Mauro Farias
Vitor;Lemos;Vitor Lemos
Adriana;Braga;Adriana Braga
Wallace;Braga;Wallace Braga
Carla;Torres;Carla Torres
Vanessa;Rocha;Vanessa Rocha
Larissa;Passos;Larissa Passos
Diego;Serafim;Diego Serafim
Roberta;Barros;Roberta Barros
Bruna;Dorneles;Bruna Dorneles
Rafael;Macedo;Rafael Macedo
Paula;Ferreira;Paula Ferreira
Mônica;Valente;Mônica Valente
Marcelo;Neves;Marcelo Neves
Antônio;Macedo;Antônio Macedo
Sérgio;Benevides;Sérgio Benevides
Isabela;Correia;Isabela Correia
Rafaela;Barros;Rafaela Barros
Marcelo;Bastos;Marcelo Bastos
João;Figueiredo;João Figueiredo
Nilson;Dias;Nilson Dias
Isabela;França;Isabela França
Rafael;Cintra;Rafael Cintra
Gabriel;Neves;Gabriel Neves
Samuel;Batista;Samuel Batista
Henrique;Mesquita;Henrique Mesquita
Nelson;Rezende;Nelson Rezende
Sérgio;Porto;Sérgio Porto
Priscila;Valente;Priscila Valente
Alexandre;Brito;Alexandre Brito
Sérgio;Lima;Sérgio Lima
Douglas;Cunha;Douglas Cunha
Mariana;Loureiro;Mariana Loureiro
Alan;Simões;Alan Simões
Paulo;Quevedo;Paulo Quevedo
Érica;Passos;Érica Passos
Bianca;Souza;Bianca Souza
Michele;Pires;Michele Pires
Wagner;Lemos;Wagner Lemos
Felipe;Queiroz;Felipe Queiroz
Jorge;Aragão;Jorge Aragão
Luciana;Quevedo;Luciana Quevedo
Eduardo;Santos;Eduardo Santos
André;Cunha;André Cunha
Mariana;Pinto;Mariana Pinto
Roberta;Coutinho;Roberta Coutinho
Paulo;Viana;Paulo Viana
Mônica;Seabra;Mônica Seabra
João;Queiroz;João Queiroz
Lucas;Costa;Lucas Costa
Jorge;Vasconcelos;Jorge Vasconcelos
Camila;Duarte;Camila Duarte
Daniela;Monteiro;Daniela Monteiro
Paula;Moreira;Paula Moreira
Talita;Coelho;Talita Coelho
Guilherme;Vasconcelos;Guilherme Vasconcelos
Márcia;Moura;Márcia Moura
Aline;Aragão;Aline Aragão
Vinícius;Torres;Vinícius Torres
Sônia;Teles;Sônia Teles
Mônica;Souza;Mônica Souza
Guilherme;Carvalho;Guilherme Carvalho
Paulo;Xavier;Paulo Xavier
Luciano;Porto;Luciano Porto
Eliane;Mendonça;Eliane Mendonça
José;Pires;José Pires
Alexandre;Pedrosa;Alexandre Pedrosa
Helena;Rezende;Helena Rezende
Murilo;Bezerra;Murilo Bezerra
Regina;Paiva;Regina Paiva
Helena;Martins;Helena Martins
Vinícius;Prado;Vinícius Prado
Larissa;Estrela;Larissa Estrela
Cristiano;Ribeiro;Cristiano Ribeiro
Renata;Gouveia;Renata Gouveia
Ana;Carvalho;Ana Carvalho
Talita;Leitão;Talita Leitão
Cecília;Castro;Cecília Castro
Vinícius;Mendonça;Vinícius Mendonça
Ana;Simões;Ana Simões
Adriana;Antunes;Adriana Antunes
Vitor;Santana;Vitor Santana
Murilo;Rangel;Murilo Rangel
Maria;Macedo;Maria Macedo
Antônio;Porto;Antônio Porto
Nilson;Melo;Nilson Melo
Paula;Duarte;Paula Duarte
Cláudia;Souza;Cláudia Souza
Rafael;Pires;Rafael Pires
Rodrigo;Campos;Rodrigo Campos
Sônia;Barros;Sônia Barros
Patrícia;Gouveia;Patrícia Gouveia
Sofia;Silva;Sofia Silva
Renata;Vieira;Renata Vieira
Adriana;Prado;Adriana Prado
Cássio;Azevedo;Cássio Azevedo
Vanessa;Mascarenhas;Vanessa Mascarenhas
Bianca;Gouveia;Bianca Gouveia
Mariana;Saraiva;Mariana Saraiva
Camila;Carvalho;Camila Carvalho
Daniela;Seabra;Daniela Seabra
Bianca;Valente;Bianca Valente
Mateus;Araújo;Mateus Araújo
Sofia;Carvalho;Sofia Carvalho
Alexandre;Coelho;Alexandre Coelho
Antônio;Farias;Antônio Farias
Patrícia;Bastos;Patrícia Bastos
Márcia;Souza;Márcia Souza
Mauro;Cardoso;Mauro Cardoso
Cássio;França;Cássio França
Talita;Teles;Talita Teles
Igor;Coutinho;Igor Coutinho
Daniela;Passos;Daniela Passos
Henrique;Martins;Henrique Martins
Jorge;Benevides;Jorge Benevides
Mauro;Valente;Mauro Valente
Aline;Sales;Aline Sales
Luciano;Seabra;Luciano Seabra
Joana;Queiroz;Joana Queiroz
Alan;Bezerra;Alan Bezerra
André;Martins;André Martins
Nelson;Barreto;Nelson Barreto
André;Vasconcelos;André Vasconcelos
Wagner;Loureiro;Wagner Loureiro
Helena;Correia;Helena Correia
Patrícia;Duarte;Patrícia Duarte
Bruna;Ferreira;Bruna Ferreira
Simone;Dorneles;Simone Dorneles
Natália;Valente;Natália Valente
Lucas;Fonseca;Lucas Fonseca
Renata;Tavares;Renata Tavares
Priscila;Santos;Priscila Santos
Sérgio;Loureiro;Sérgio Loureiro
Nelson;Lemos;Nelson Lemos
José;Campos;José Campos
Cecília;Vieira;Cecília Vieira
Isabela;Magalhães;Isabela Magalhães
Mônica;Barreto;Mônica Barreto
Marcelo;Cunha;Marcelo Cunha
Gabriela;Lima;Gabriela Lima
Fabiana;Duarte;Fabiana Duarte
Kelly;Coelho;Kelly Coelho
Isabela;Monteiro;Isabela Monteiro
Caio;Gomes;Caio Gomes
Maria;Barros;Maria Barros
Felipe;Benevides;Felipe Benevides
Cássio;Loureiro;Cássio Loureiro
Lucas;Tavares;Lucas Tavares
Michele;Pedrosa;Michele Pedrosa
Joana;Guimarães;Joana Guimarães
Patrícia;Medeiros;Patrícia Medeiros
Alexandre;Tavares;Alexandre Tavares
Mateus;Santana;Mateus Santana
Silvio;Marinho;Silvio Marinho
Márcia;Rodrigues;Márcia Rodrigues
Jorge;Pinto;Jorge Pinto
Vitor;Castro;Vitor Castro
Aline;Paiva;Aline Paiva
Carlos;Carvalho;Carlos Carvalho
Alan;Amorim;Alan Amorim
Gabriela;Moreira;Gabriela Moreira
Vinícius;Cardoso;Vinícius Cardoso
Vanessa;Azevedo;Vanessa Azevedo
Carla;Ribeiro;Carla Ribeiro
Thiago;Estrela;Thiago Estrela
Helena;Barros;Helena Barros
João;Sampaio;João Sampaio
Diego;Pereira;Diego Pereira
Rafaela;Sampaio;Rafaela Sampaio
Hugo;Queiroz;Hugo Queiroz
Marcelo;Saraiva;Marcelo Saraiva
Everton;Duarte;Everton Duarte
Fernanda;Figueiredo;Fernanda Figueiredo
Wagner;Oliveira;Wagner Oliveira
Eliane;Freitas;Eliane Freitas
Larissa;Serafim;Larissa Serafim
Gabriel;Dias;Gabriel Dias
Letícia;Santos;Letícia Santos
Rafaela;Cunha;Rafaela Cunha
Renato;Cardoso;Renato Cardoso
Elisângela;Barros;Elisângela Barros
Luciano;Cintra;Luciano Cintra
Érica;Figueiredo;Érica Figueiredo
Eduardo;Pires;Eduardo Pires
Alan;Zago;Alan Zago
Sérgio;Aragão;Sérgio Aragão
Mateus;Vieira;Mateus Vieira
Débora;Holanda;Débora Holanda
Guilherme;Sampaio;Guilherme Sampaio
Elisângela;Seabra;Elisângela Seabra
Bruna;Silva;Bruna Silva
Nilson;Siqueira;Nilson Siqueira
Samuel;Medeiros;Samuel Medeiros
Osmar;Ferreira;Osmar Ferreira
Érica;Xavier;Érica Xavier
Osmar;Bezerra;Osmar Bezerra
Teresa;Quevedo;Teresa Quevedo
Luciana;Gomes;Luciana Gomes
Juliana;Castro;Juliana Castro
Luciana;Coutinho;Luciana Coutinho
Kelly;Damasceno;Kelly Damasceno
Diego;Batista;Diego Batista
Helena;Vasconcelos;Helena Vasconcelos
Mateus;Macedo;Mateus Macedo
Mariana;Moraes;Mariana Moraes
Patrícia;Barros;Patrícia Barros
Ana;Damasceno;Ana Damasceno
Carlos;Assis;Carlos Assis
Débora;Figueiredo;Débora Figueiredo
Silvio;Serafim;Silvio Serafim
Renata;Rocha;Renata Rocha
Silvio;Queiroz;Silvio Queiroz
Aline;Araújo;Aline Araújo
Letícia;Barros;Letícia Barros
Wagner;Teixeira;Wagner Teixeira
Roberto;Barros;Roberto Barros
Flávia;Zago;Flávia Zago
Mateus;Melo;Mateus Melo
Vanessa;Ferreira;Vanessa Ferreira
Roberto;Serafim;Roberto Serafim
Márcia;Lemos;Márcia Lemos
Lucas;Lemos;Lucas Lemos
Eliane;Zago;Eliane Zago
Everton;Maia;Everton Maia
Rodrigo;Zago;Rodrigo Zago
Cássio;Paiva;Cássio Paiva
Luciana;Macedo;Luciana Macedo
Carlos;Leitão;Carlos Leitão
Kelly;Campos;Kelly Campos
Alan;Silva;Alan Silva
Renato;Barros;Renato Barros
Carlos;Maia;Carlos Maia
Cristiane;Mendonça;Cristiane Mendonça
Samuel;Moreira;Samuel Moreira
Hugo;Santos;Hugo Santos
Kelly;Pires;Kelly Pires
Henrique;Moura;Henrique Moura
Guilherme;Loureiro;Guilherme Loureiro
Sofia;Lemos;Sofia Lemos
Bianca;Ferreira;Bianca Ferreira
Patrícia;Queiroz;Patrícia Queiroz
Patrícia;Magalhães;Patrícia Magalhães
Talita;Maia;Talita Maia
Alan;Martins;Alan Martins
Luciano;Viana;Luciano Viana
Diego;Assis;Diego Assis
Henrique;Rodrigues;Henrique Rodrigues
Hugo;Farias;Hugo Farias
Murilo;Santos;Murilo Santos
Rafael;Neves;Rafael Neves
Nilson;Serafim;Nilson Serafim
Adriana;Mesquita;Adriana Mesquita
Gabriela;Leitão;Gabriela Leitão
Paulo;Tavares;Paulo Tavares
Cássio;Costa;Cássio Costa
Vitor;Dias;Vitor Dias
Helena;Marinho;Helena Marinho
Ana;Brito;Ana Brito
Bianca;Viana;Bianca Viana
Rafaela;Passos;Rafaela Passos
Rafael;Passos;Rafael Passos
Henrique;Gomes;Henrique Gomes
Douglas;Pinto;Douglas Pinto
Luciana;Barreto;Luciana Barreto
Jorge;Holanda;Jorge Holanda
Thiago;Holanda;Thiago Holanda
Bruno;Xavier;Bruno Xavier
Fabiana;Paiva;Fabiana Paiva
Joana;Campos;Joana Campos
Nelson;Mascarenhas;Nelson Mascarenhas
Cristiane;Pedrosa;Cristiane Pedrosa
Vinícius;Viana;Vinícius Viana
André;Bezerra;André Bezerra
Mateus;Gomes;Mateus Gomes
Lucas;Quevedo;Lucas Quevedo
Daniel;Martins;Daniel Martins
Murilo;Valente;Murilo Valente
Marcelo;Passos;Marcelo Passos
Helena;Amorim;Helena Amorim
Eliane;Ferreira;Eliane Ferreira
Gabriel;Costa;Gabriel Costa
Fabiana;Barreto;Fabiana Barreto
Roberto;Rocha;Roberto Rocha
Douglas;Oliveira;Douglas Oliveira
Cláudia;Rodrigues;Cláudia Rodrigues
Diego;Duarte;Diego Duarte
Kelly;Gomes;Kelly Gomes
Teresa;Xavier;Teresa Xavier
Guilherme;Cintra;Guilherme Cintra
Flávia;Batista;Flávia Batista
Thiago;Guimarães;Thiago Guimarães
Eduardo;Carvalho;Eduardo Carvalho
Murilo;Lemos;Murilo Lemos
Davi;Rezende;Davi Rezende
Renata;Xavier;Renata Xavier
Daniel;Prado;Daniel Prado
Daniela;Braga;Daniela Braga
Mariana;Guimarães;Mariana Guimarães
Talita;Mascarenhas;Talita Mascarenhas
Bruna;Melo;Bruna Melo
Antônio;Santana;Antônio Santana
Hugo;Xavier;Hugo Xavier
Fernanda;Rodrigues;Fernanda Rodrigues
Elisângela;Farias;Elisângela Farias
Letícia;Serafim;Letícia Serafim
Gustavo;Sales;Gustavo Sales
Tatiane;Mesquita;Tatiane Mesquita
Carlos;Campos;Carlos Campos
Felipe;Antunes;Felipe Antunes
João;Nunes;João Nunes
Rodrigo;Castro;Rodrigo Castro
Bruna;Farias;Bruna Farias
Igor;Pereira;Igor Pereira
Caio;Pires;Caio Pires
Mauro;Pedrosa;Mauro Pedrosa
Carlos;Duarte;Carlos Duarte
Hugo;Macedo;Hugo Macedo
Carla;Rezende;Carla Rezende
José;Guimarães;José Guimarães
Sônia;Pedrosa;Sônia Pedrosa
Carla;Moreira;Carla Moreira
Aline;Peixoto;Aline Peixoto
Larissa;Silva;Larissa Silva
Gabriel;Azevedo;Gabriel Azevedo
Vitor;Vasconcelos;Vitor Vasconcelos
Rafael;Alves;Rafael Alves
Helena;Seabra;Helena Seabra
Carla;Oliveira;Carla Oliveira
Kelly;Viana;Kelly Viana
Natália;Estrela;Natália Estrela
Camila;Simões;Camila Simões
Sérgio;Gomes;Sérgio Gomes
Vanessa;Torres;Vanessa Torres
Maria;Figueiredo;Maria Figueiredo
Felipe;Magalhães;Felipe Magalhães
Talita;Bezerra;Talita Bezerra
Gabriel;Nunes;Gabriel Nunes
Rodrigo;Aragão;Rodrigo Aragão
Cristiane;Ribeiro;Cristiane Ribeiro
Natália;Rocha;Natália Rocha
Álvaro;Prado;Álvaro Prado
Camila;Moura;Camila Moura
Aline;Braga;Aline Braga
Natália;Teixeira;Natália Teixeira
Flávia;Campos;Flávia Campos
Wallace;Tavares;Wallace Tavares
Talita;Benevides;Talita Benevides
Carlos;Dias;Carlos Dias
Joana;Silva;Joana Silva
Guilherme;Pires;Guilherme Pires
Vanessa;Assis;Vanessa Assis
Joana;Ferreira;Joana Ferreira
Lucas;Queiroz;Lucas Queiroz
Wallace;Bezerra;Wallace Bezerra
Sônia;Benevides;Sônia Benevides
Maria;Passos;Maria Passos
Thiago;Torres;Thiago Torres
Cristiano;Brito;Cristiano Brito
Regina;Vieira;Regina Vieira
Patrícia;Bezerra;Patrícia Bezerra
Camila;Campos;Camila Campos
João;Moreira;João Moreira
Jorge;Santana;Jorge Santana
Cristiano;Zago;Cristiano Zago
Michele;Duarte;Michele Duarte
Cecília;Martins;Cecília Martins
Osmar;Monteiro;Osmar Monteiro
Jaqueline;Magalhães;Jaqueline Magalhães
Carla;Pinto;Carla Pinto
Eliane;Torres;Eliane Torres
Luciana;Pinto;Luciana Pinto
Cristiano;Pedrosa;Cristiano Pedrosa
Paulo;Guimarães;Paulo Guimarães
Paula;Mendonça;Paula Mendonça
Patrícia;Zago;Patrícia Zago
Elisângela;Teles;Elisângela Teles
Maria;Estrela;Maria Estrela
Elisângela;Pires;Elisângela Pires
Alexandre;Saraiva;Alexandre Saraiva
Márcia;Estrela;Márcia Estrela
Douglas;Pereira;Douglas Pereira
Michele;Cunha;Michele Cunha
Marcelo;Rezende;Marcelo Rezende
Cristiano;Mesquita;Cristiano Mesquita
Ana;Leitão;Ana Leitão
Vinícius;Assis;Vinícius Assis
Ana;Amorim;Ana Amorim
Rodrigo;França;Rodrigo França
Hugo;Costa;Hugo Costa
Isabela;Castro;Isabela Castro
Fernanda;Xavier;Fernanda Xavier
Caio;Campos;Caio Campos
Joana;Magalhães;Joana Magalhães
Rafaela;Mesquita;Rafaela Mesquita
Antônio;Ferreira;Antônio Ferreira
Diego;Moraes;Diego Moraes
Larissa;Mascarenhas;Larissa Mascarenhas
João;Leitão;João Leitão
Lucas;Rezende;Lucas Rezende
Kelly;Teixeira;Kelly Teixeira
Eliane;Moraes;Eliane Moraes
Roberta;Martins;Roberta Martins
Leonardo;Estrela;Leonardo Estrela
Juliana;Moraes;Juliana Moraes
Isabela;Moura;Isabela Moura
Alan;Pedrosa;Alan Pedrosa
Carla;Santos;Carla Santos
Antônio;Rodrigues;Antônio Rodrigues
Cássio;Melo;Cássio Melo
Cristiano;Benevides;Cristiano Benevides
Letícia;Torres;Letícia Torres
Rosa;Sampaio;Rosa Sampaio
Tatiane;Magalhães;Tatiane Magalhães
Osmar;Dias;Osmar Dias
Diego;Melo;Diego Melo
Maria;Holanda;Maria Holanda
Flávia;Saraiva;Flávia Saraiva
Mônica;Moraes;Mônica Moraes
Flávia;Martins;Flávia Martins
Cristiano;Bezerra;Cristiano Bezerra
Rafaela;Freitas;Rafaela Freitas
Roberto;Porto;Roberto Porto
Rafael;Dias;Rafael Dias
Sônia;Queiroz;Sônia Queiroz
Álvaro;Alves;Álvaro Alves
Natália;Amorim;Natália Amorim
Alexandre;Alves;Alexandre Alves
Bianca;Castro;Bianca Castro
Sônia;Dias;Sônia Dias
Marcelo;Assis;Marcelo Assis
Ana;Torres;Ana Torres
Helena;Braga;Helena Braga
Gabriel;Coutinho;Gabriel Coutinho
Larissa;Souza;Larissa Souza
Gustavo;Guimarães;Gustavo Guimarães
Gustavo;Oliveira;Gustavo Oliveira
Mariana;Santos;Mariana Santos
Leonardo;Guimarães;Leonardo Guimarães
Helena;Prado;Helena Prado
Larissa;França;Larissa França
Álvaro;Monteiro;Álvaro Monteiro
Leonardo;Barros;Leonardo Barros
Michele;Xavier;Michele Xavier
Roberto;Torres;Roberto Torres
Felipe;Lima;Felipe Lima
Regina;Melo;Regina Melo
Davi;Saraiva;Davi Saraiva
Mariana;Maia;Mariana Maia
Carlos;Barros;Carlos Barros
Antônio;Maia;Antônio Maia
Roberta;Lima;Roberta Lima
Sônia;Barreto;Sônia Barreto
Natália;Braga;Natália Braga
Érica;França;Érica França
Isabela;Coelho;Isabela Coelho
Jaqueline;Freitas;Jaqueline Freitas
Talita;Valente;Talita Valente
Pedro;Teles;Pedro Teles
Igor;Nunes;Igor Nunes
Vanessa;Santana;Vanessa Santana
Débora;Rezende;Débora Rezende
Márcia;Gomes;Márcia Gomes
Eliane;Marinho;Eliane Marinho
Sofia;Guimarães;Sofia Guimarães
André;Moura;André Moura
Leonardo;Correia;Leonardo Correia
Hugo;Barros;Hugo Barros
Elisângela;Costa;Elisângela Costa
Talita;Duarte;Talita Duarte
Ana;Cintra;Ana Cintra
Fabiana;Rodrigues;Fabiana Rodrigues
Gabriela;Freitas;Gabriela Freitas
Juliana;Freitas;Juliana Freitas
Carla;Campos;Carla Campos
Michele;Rezende;Michele Rezende
Guilherme;Fonseca;Guilherme Fonseca
Paulo;Saraiva;Paulo Saraiva
Everton;Guimarães;Everton Guimarães
Fabiana;Gouveia;Fabiana Gouveia
Paulo;Porto;Paulo Porto
Guilherme;Silva;Guilherme Silva
Caio;Seabra;Caio Seabra
Luciana;Serafim;Luciana Serafim
Pedro;Lima;Pedro Lima
Flávia;Rezende;Flávia Rezende
Daniela;Maia;Daniela Maia
Gabriel;Coelho;Gabriel Coelho
Letícia;Santana;Letícia Santana
Sofia;Vasconcelos;Sofia Vasconcelos
Paula;Carvalho;Paula Carvalho
Kelly;Costa;Kelly Costa
Vanessa;Antunes;Vanessa Antunes
Eliane;Fonseca;Eliane Fonseca
Roberta;Prado;Roberta Prado
Juliana;Quevedo;Juliana Quevedo
Caio;Holanda;Caio Holanda
Bianca;Carvalho;Bianca Carvalho
Luciana;Nunes;Luciana Nunes
Sofia;Moura;Sofia Moura
Eduardo;Maia;Eduardo Maia
Kelly;Farias;Kelly Farias
Leonardo;Sampaio;Leonardo Sampaio
Fábio;Queiroz;Fábio Queiroz
Maria;Peixoto;Maria Peixoto
Sofia;Passos;Sofia Passos
Vitor;Porto;Vitor Porto
Joana;Pinto;Joana Pinto
Sofia;Prado;Sofia Prado
Cristiano;Prado;Cristiano Prado
Priscila;Coutinho;Priscila Coutinho
Jaqueline;Siqueira;Jaqueline Siqueira
Murilo;Martins;Murilo Martins
Mateus;Castro;Mateus Castro
Camila;Rocha;Camila Rocha
Gabriela;Bezerra;Gabriela Bezerra
Felipe;Viana;Felipe Viana
Elisângela;Nunes;Elisângela Nunes
André;Ferreira;André Ferreira
João;Melo;João Melo
Nelson;Gomes;Nelson Gomes
Rodrigo;Bezerra;Rodrigo Bezerra
Luciana;Siqueira;Luciana Siqueira
Aline;Viana;Aline Viana
Tatiane;Prado;Tatiane Prado
Luciana;Figueiredo;Luciana Figueiredo
Gustavo;Simões;Gustavo Simões
Daniel;Bezerra;Daniel Bezerra
José;Costa;José Costa
Letícia;Queiroz;Letícia Queiroz
Mauro;Moreira;Mauro Moreira
Fabiana;Bezerra;Fabiana Bezerra
Rodrigo;Carvalho;Rodrigo Carvalho
Igor;Saraiva;Igor Saraiva
Roberto;Fonseca;Roberto Fonseca
Sofia;Sampaio;Sofia Sampaio
Vinícius;Seabra;Vinícius Seabra
Vinícius;Lemos;Vinícius Lemos
Wagner;Santana;Wagner Santana
André;Holanda;André Holanda
Sônia;Duarte;Sônia Duarte
Wallace;Medeiros;Wallace Medeiros
Vanessa;Freitas;Vanessa Freitas
Sérgio;Torres;Sérgio Torres
Bruna;Maia;Bruna Maia
Carla;Medeiros;Carla Medeiros
Cássio;Mendonça;Cássio Mendonça
Ana;Rocha;Ana Rocha
Álvaro;Rocha;Álvaro Rocha
Mauro;Macedo;Mauro Macedo
Lucas;Marinho;Lucas Marinho
Murilo;Dias;Murilo Dias
Antônio;Moreira;Antônio Moreira
Hugo;França;Hugo França
Joana;Vasconcelos;Joana Vasconcelos
Maria;Paiva;Maria Paiva
Paulo;Aragão;Paulo Aragão
Rodrigo;Santos;Rodrigo Santos
Natália;Farias;Natália Farias
Teresa;Melo;Teresa Melo
Roberto;Xavier;Roberto Xavier
Roberto;Leitão;Roberto Leitão
Vitor;Valente;Vitor Valente
Roberto;Quevedo;Roberto Quevedo
Vanessa;Dias;Vanessa Dias
Alan;Guimarães;Alan Guimarães
Caio;Damasceno;Caio Damasceno
Daniel;Lemos;Daniel Lemos
Juliana;Benevides;Juliana Benevides
Elisângela;Moura;Elisângela Moura
Jorge;Azevedo;Jorge Azevedo
João;Vasconcelos;João Vasconcelos
Larissa;Nunes;Larissa Nunes
Cássio;Sales;Cássio Sales
Carla;Coutinho;Carla Coutinho
Talita;Rocha;Talita Rocha
Cecília;Figueiredo;Cecília Figueiredo
Cláudia;Ferreira;Cláudia Ferreira
Cecília;Brito;Cecília Brito
Silvio;Valente;Silvio Valente
Kelly;Marinho;Kelly Marinho
Juliana;Paiva;Juliana Paiva
Mateus;Xavier;Mateus Xavier
Vinícius;Bastos;Vinícius Bastos
Michele;Nunes;Michele Nunes
Luciano;Maia;Luciano Maia
Sérgio;Souza;Sérgio Souza
Felipe;Bastos;Felipe Bastos
Cristiano;Mendonça;Cristiano Mendonça
Bruno;Correia;Bruno Correia
José;Aragão;José Aragão
Douglas;Pires;Douglas Pires
Alexandre;Barros;Alexandre Barros
Letícia;Farias;Letícia Farias
Talita;Barros;Talita Barros
Jorge;Maia;Jorge Maia
Osmar;Benevides;Osmar Benevides
Leonardo;Sales;Leonardo Sales
Larissa;Medeiros;Larissa Medeiros
Hugo;Passos;Hugo Passos
Cláudia;Farias;Cláudia Farias
Nelson;Loureiro;Nelson Loureiro
Bruna;Santos;Bruna Santos
Daniel;Pinto;Daniel Pinto
Gustavo;Nunes;Gustavo Nunes
Rodrigo;Nunes;Rodrigo Nunes
Wagner;Batista;Wagner Batista
Márcia;Alves;Márcia Alves
Osmar;Barros;Osmar Barros
Hugo;Zago;Hugo Zago
Luciano;Pires;Luciano Pires
Wallace;Cunha;Wallace Cunha
Isabela;Guimarães;Isabela Guimarães
Nilson;Queiroz;Nilson Queiroz
Cássio;Dias;Cássio Dias
Fabiana;Ribeiro;Fabiana Ribeiro
Sônia;Barros;Sônia Barros
Hugo;Cardoso;Hugo Cardoso
Cristiano;Rezende;Cristiano Rezende
Márcia;Sales;Márcia Sales
Helena;Vieira;Helena Vieira
Silvio;Batista;Silvio Batista
Juliana;Vasconcelos;Juliana Vasconcelos
Letícia;Dias;Letícia Dias
Roberto;Cardoso;Roberto Cardoso
Rafael;Valente;Rafael Valente
Mônica;Mesquita;Mônica Mesquita
Daniela;Tavares;Daniela Tavares
Fernanda;Costa;Fernanda Costa
Marcelo;Prado;Marcelo Prado
Vinícius;Campos;Vinícius Campos
Nilson;Benevides;Nilson Benevides
Gabriel;Ferreira;Gabriel Ferreira
Leonardo;Monteiro;Leonardo Monteiro
Hugo;Assis;Hugo Assis
Alan;Santos;Alan Santos
Carlos;Xavier;Carlos Xavier
Aline;Zago;Aline Zago
Luciano;Batista;Luciano Batista
Cláudia;Benevides;Cláudia Benevides
Flávia;Peixoto;Flávia Peixoto
Rodrigo;Prado;Rodrigo Prado
Mariana;Assis;Mariana Assis
Paula;Queiroz;Paula Queiroz
Marcelo;Barros;Marcelo Barros
Gabriela;Tavares;Gabriela Tavares
Paulo;Pereira;Paulo Pereira
Everton;Moraes;Everton Moraes
Isabela;Azevedo;Isabela Azevedo
Gustavo;Leitão;Gustavo Leitão
Nilson;Batista;Nilson Batista
Cecília;Paiva;Cecília Paiva
Samuel;Queiroz;Samuel Queiroz
Mônica;Bastos;Mônica Bastos
Hugo;Barros;Hugo Barros
Camila;Pires;Camila Pires
Jorge;Quevedo;Jorge Quevedo
Igor;Santos;Igor Santos
Mateus;Oliveira;Mateus Oliveira
Cecília;Barreto;Cecília Barreto
Érica;Campos;Érica Campos
Diego;Gouveia;Diego Gouveia
Alexandre;Cardoso;Alexandre Cardoso
Rosa;Souza;Rosa Souza
Alexandre;Prado;Alexandre Prado
Roberto;Pires;Roberto Pires
Jaqueline;Cintra;Jaqueline Cintra
Jorge;Mesquita;Jorge Mesquita
Cecília;Benevides;Cecília Benevides
Fábio;Mesquita;Fábio Mesquita
Everton;Barros;Everton Barros
Paulo;Souza;Paulo Souza
Paulo;Mendonça;Paulo Mendonça
Débora;Coelho;Débora Coelho
Paula;Braga;Paula Braga
Cristiane;Teixeira;Cristiane Teixeira
Joana;Moura;Joana Moura
Cristiano;Carvalho;Cristiano Carvalho
Rodrigo;Cintra;Rodrigo Cintra
Patrícia;Guimarães;Patrícia Guimarães
Priscila;Rezende;Priscila Rezende
Gabriela;Holanda;Gabriela Holanda
Daniel;Macedo;Daniel Macedo
Carla;Vasconcelos;Carla Vasconcelos
Michele;Porto;Michele Porto
Flávia;Lima;Flávia Lima
Kelly;Martins;Kelly Martins
Thiago;Assis;Thiago Assis
Wagner;Gomes;Wagner Gomes
Flávia;Magalhães;Flávia Magalhães
Vanessa;Pires;Vanessa Pires
Aline;Batista;Aline Batista
Samuel;Moura;Samuel Moura
Natália;Vasconcelos;Natália Vasconcelos
Hugo;Bezerra;Hugo Bezerra
Hugo;Aragão;Hugo Aragão
Mateus;Prado;Mateus Prado
Renato;Azevedo;Renato Azevedo
Flávia;Queiroz;Flávia Queiroz
Márcia;Melo;Márcia Melo
Gabriel;Sales;Gabriel Sales
Ana;Paiva;Ana Paiva
Alexandre;Melo;Alexandre Melo
Maria;Viana;Maria Viana
José;Antunes;José Antunes
Carlos;Silva;Carlos Silva
Nilson;Campos;Nilson Campos
Juliana;Sampaio;Juliana Sampaio
Elisângela;Cintra;Elisângela Cintra
Paula;Holanda;Paula Holanda
Patrícia;Marinho;Patrícia Marinho
Sérgio;Siqueira;Sérgio Siqueira
Eduardo;Bastos;Eduardo Bastos
Cristiano;Castro;Cristiano Castro
Renata;Cardoso;Renata Cardoso
Vitor;Siqueira;Vitor Siqueira
Igor;Gouveia;Igor Gouveia
Letícia;Costa;Letícia Costa
Everton;Bezerra;Everton Bezerra
Patrícia;Rezende;Patrícia Rezende
Eliane;Cunha;Eliane Cunha
Mônica;Cintra;Mônica Cintra
Lucas;Rodrigues;Lucas Rodrigues
Vinícius;Tavares;Vinícius Tavares
Regina;Aragão;Regina Aragão
Renata;Pinto;Renata Pinto
Priscila;Sampaio;Priscila Sampaio
Roberto;Santana;Roberto Santana
Sônia;Silva;Sônia Silva
Daniel;Magalhães;Daniel Magalhães
Aline;Figueiredo;Aline Figueiredo
Érica;Pedrosa;Érica Pedrosa
Adriana;Alves;Adriana Alves
Vinícius;Mesquita;Vinícius Mesquita
Mauro;Sales;Mauro Sales
Daniel;Moraes;Daniel Moraes
Cristiano;Amorim;Cristiano Amorim
Elisângela;Lemos;Elisângela Lemos
Samuel;Benevides;Samuel Benevides
Fernanda;Cintra;Fernanda Cintra
Cássio;Mesquita;Cássio Mesquita
Davi;Mesquita;Davi Mesquita
Felipe;Pinto;Felipe Pinto
Rosa;Magalhães;Rosa Magalhães
Sofia;Freitas;Sofia Freitas
Daniel;Batista;Daniel Batista
Rafael;Serafim;Rafael Serafim
Mauro;França;Mauro França
Alexandre;Castro;Alexandre Castro
Mauro;Guimarães;Mauro Guimarães
Mauro;Seabra;Mauro Seabra
Alexandre;Marinho;Alexandre Marinho
Pedro;Torres;Pedro Torres
André;Gouveia;André Gouveia
Nilson;Cardoso;Nilson Cardoso
Gabriela;Lemos;Gabriela Lemos
Mateus;Moura;Mateus Moura
Antônio;Valente;Antônio Valente
Flávia;Pires;Flávia Pires
Felipe;Paiva;Felipe Paiva
Luciana;Viana;Luciana Viana
Cláudia;Azevedo;Cláudia Azevedo
Luciano;Aragão;Luciano Aragão
Letícia;Guimarães;Letícia Guimarães
Aline;Benevides;Aline Benevides
Thiago;Pires;Thiago Pires
Silvio;Peixoto;Silvio Peixoto
Sofia;Simões;Sofia Simões
Flávia;Rodrigues;Flávia Rodrigues
Felipe;Holanda;Felipe Holanda
Luciana;Valente;Luciana Valente
Gustavo;Pereira;Gustavo Pereira
Gabriela;Teixeira;Gabriela Teixeira
Fabiana;Batista;Fabiana Batista
José;Holanda;José Holanda
Carla;Azevedo;Carla Azevedo
Fábio;Correia;Fábio Correia
Silvio;Costa;Silvio Costa
Érica;Marinho;Érica Marinho
Aline;Loureiro;Aline Loureiro
Fernanda;Fonseca;Fernanda Fonseca
Aline;Mesquita;Aline Mesquita
Eduardo;Queiroz;Eduardo Queiroz
Cecília;Macedo;Cecília Macedo
Cláudia;Monteiro;Cláudia Monteiro
Marcelo;Magalhães;Marcelo Magalhães
Gabriel;Pinto;Gabriel Pinto
Simone;Dias;Simone Dias
Caio;Araújo;Caio Araújo
Natália;Neves;Natália Neves
Hugo;Campos;Hugo Campos
Everton;Sales;Everton Sales
Gabriel;Seabra;Gabriel Seabra
Érica;Ribeiro;Érica Ribeiro
Álvaro;Castro;Álvaro Castro
Bruna;Fonseca;Bruna Fonseca
Vinícius;Barros;Vinícius Barros
Gustavo;Duarte;Gustavo Duarte
Samuel;Loureiro;Samuel Loureiro
Gabriel;Rocha;Gabriel Rocha
Vanessa;Melo;Vanessa Melo
Daniela;Rezende;Daniela Rezende
Osmar;Moraes;Osmar Moraes
Michele;Leitão;Michele Leitão
Mônica;Medeiros;Mônica Medeiros
Kelly;Dias;Kelly Dias
André;Mascarenhas;André Mascarenhas
Aline;Maia;Aline Maia
Bianca;Maia;Bianca Maia
Kelly;Rezende;Kelly Rezende
Daniel;Duarte;Daniel Duarte
Álvaro;Loureiro;Álvaro Loureiro
Hugo;Martins;Hugo Martins
Felipe;Teles;Felipe Teles
Vitor;Costa;Vitor Costa
Daniel;Barreto;Daniel Barreto
Fábio;Coelho;Fábio Coelho
Samuel;Campos;Samuel Campos
Vanessa;Rodrigues;Vanessa Rodrigues
Larissa;Peixoto;Larissa Peixoto
Daniel;Damasceno;Daniel Damasceno
Eduardo;Batista;Eduardo Batista
Adriana;Macedo;Adriana Macedo
Carlos;Cunha;Carlos Cunha
Talita;Holanda;Talita Holanda
Pedro;Sampaio;Pedro Sampaio
Osmar;Teixeira;Osmar Teixeira
Lucas;Figueiredo;Lucas Figueiredo
Renato;Amorim;Renato Amorim
Mariana;Fonseca;Mariana Fonseca
Thiago;Saraiva;Thiago Saraiva
Érica;Coutinho;Érica Coutinho
Carla;Carvalho;Carla Carvalho
Antônio;Sales;Antônio Sales
Vanessa;Barreto;Vanessa Barreto
Bruno;Martins;Bruno Martins
Vinícius;Maia;Vinícius Maia
Douglas;Azevedo;Douglas Azevedo
Roberto;Estrela;Roberto Estrela
Cláudia;Xavier;Cláudia Xavier
Silvio;Braga;Silvio Braga
André;Moraes;André Moraes
Jorge;Cintra;Jorge Cintra
Antônio;Santos;Antônio Santos
Wallace;Vasconcelos;Wallace Vasconcelos
Alan;Cintra;Alan Cintra
Bianca;Assis;Bianca Assis
Juliana;Amorim;Juliana Amorim
Márcia;Correia;Márcia Correia
Rosa;Ribeiro;Rosa Ribeiro
Maria;Pedrosa;Maria Pedrosa
Thiago;Mascarenhas;Thiago Mascarenhas
Caio;Lemos;Caio Lemos
Thiago;Araújo;Thiago Araújo
Nilson;Castro;Nilson Castro
Mariana;Melo;Mariana Melo
Renata;Prado;Renata Prado
Simone;Valente;Simone Valente
Sérgio;Vieira;Sérgio Vieira
Mariana;Tavares;Mariana Tavares
Daniel;Coutinho;Daniel Coutinho
Felipe;Mesquita;Felipe Mesquita
Mariana;Cunha;Mariana Cunha
Vanessa;Zago;Vanessa Zago
Simone;Azevedo;Simone Azevedo
Luciano;Moura;Luciano Moura
Wallace;Mendonça;Wallace Mendonça
Luciano;Rangel;Luciano Rangel
Carla;Tavares;Carla Tavares
Natália;Guimarães;Natália Guimarães
Letícia;Castro;Letícia Castro
Ana;Xavier;Ana Xavier
Álvaro;Quevedo;Álvaro Quevedo
Alexandre;Moura;Alexandre Moura
Renato;França;Renato França
Alexandre;Sampaio;Alexandre Sampaio
Vitor;Torres;Vitor Torres
João;Macedo;João Macedo
Bruno;Porto;Bruno Porto
Diego;Teles;Diego Teles
Maria;Lima;Maria Lima
Bianca;Lemos;Bianca Lemos
Caio;Gouveia;Caio Gouveia
Roberta;Quevedo;Roberta Quevedo
Bianca;Dorneles;Bianca Dorneles
Felipe;Azevedo;Felipe Azevedo
Bianca;Monteiro;Bianca Monteiro
Cristiano;Queiroz;Cristiano Queiroz
Everton;Rezende;Everton Rezende
Sofia;Cardoso;Sofia Cardoso
Gabriela;Moraes;Gabriela Moraes
Alan;Vieira;Alan Vieira
Pedro;Costa;Pedro Costa
Camila;França;Camila França
Felipe;Xavier;Felipe Xavier
Tatiane;Moraes;Tatiane Moraes
Érica;Azevedo;Érica Azevedo
Bianca;Gomes;Bianca Gomes
Gabriel;Martins;Gabriel Martins
Mauro;Marinho;Mauro Marinho
Luciano;Prado;Luciano Prado
André;Siqueira;André Siqueira
Juliana;Rocha;Juliana Rocha
Pedro;Peixoto;Pedro Peixoto
Michele;Carvalho;Michele Carvalho
Samuel;Moraes;Samuel Moraes
Vinícius;Marinho;Vinícius Marinho
Paulo;Ferreira;Paulo Ferreira
Osmar;Damasceno;Osmar Damasceno
Larissa;Magalhães;Larissa Magalhães
Patrícia;França;Patrícia França
Eliane;Sales;Eliane Sales
Érica;Seabra;Érica Seabra
Eliane;Dorneles;Eliane Dorneles
Leonardo;Lemos;Leonardo Lemos
Ana;Benevides;Ana Benevides
Vinícius;Loureiro;Vinícius Loureiro
Nilson;Rangel;Nilson Rangel
Elisângela;Castro;Elisângela Castro
Talita;Torres;Talita Torres
Rafaela;Serafim;Rafaela Serafim
Renata;Valente;Renata Valente
Jorge;Antunes;Jorge Antunes
Flávia;Viana;Flávia Viana
Letícia;Peixoto;Letícia Peixoto
Sônia;Castro;Sônia Castro
Nelson;Pereira;Nelson Pereira
Érica;Lima;Érica Lima
Fernanda;Siqueira;Fernanda Siqueira
Everton;Costa;Everton Costa
Fabiana;Mascarenhas;Fabiana Mascarenhas
Larissa;Cardoso;Larissa Cardoso
Natália;Melo;Natália Melo
Everton;Santos;Everton Santos
Teresa;Lima;Teresa Lima
Sérgio;Pires;Sérgio Pires
Talita;Gomes;Talita Gomes
Daniel;Carvalho;Daniel Carvalho
Cláudia;Rezende;Cláudia Rezende
José;Coelho;José Coelho
Larissa;Vasconcelos;Larissa Vasconcelos
Henrique;Araújo;Henrique Araújo
Isabela;Bastos;Isabela Bastos
Maria;Simões;Maria Simões
Felipe;Rodrigues;Felipe Rodrigues
Daniela;Araújo;Daniela Araújo
Renato;Costa;Renato Costa
Camila;Braga;Camila Braga
Renata;Barros;Renata Barros
Luciana;Cardoso;Luciana Cardoso
Eliane;Viana;Eliane Viana
Débora;Pereira;Débora Pereira
Aline;Bezerra;Aline Bezerra
Davi;Prado;Davi Prado
Renata;Barros;Renata Barros
Márcia;Aragão;Márcia Aragão
Flávia;Moreira;Flávia Moreira
Marcelo;Farias;Marcelo Farias
Rafaela;Viana;Rafaela Viana
Luciana;Holanda;Luciana Holanda
Bruna;Assis;Bruna Assis
Wagner;Lima;Wagner Lima
Carla;Siqueira;Carla Siqueira
Marcelo;Bezerra;Marcelo Bezerra
Antônio;Bezerra;Antônio Bezerra
Gabriela;Duarte;Gabriela Duarte
Ana;Bastos;Ana Bastos
Sofia;Aragão;Sofia Aragão
Eliane;Gouveia;Eliane Gouveia
Felipe;Moreira;Felipe Moreira
Joana;Rocha;Joana Rocha
Michele;Simões;Michele Simões
João;Batista;João Batista
Roberta;Carvalho;Roberta Carvalho
Roberto;Peixoto;Roberto Peixoto
Daniela;Holanda;Daniela Holanda
Rafaela;Macedo;Rafaela Macedo
Bruno;Zago;Bruno Zago
Márcia;Campos;Márcia Campos
Fabiana;Amorim;Fabiana Amorim
Alan;Pinto;Alan Pinto
Regina;Valente;Regina Valente
Jaqueline;Gomes;Jaqueline Gomes
Alexandre;Teixeira;Alexandre Teixeira
Henrique;Xavier;Henrique Xavier
Guilherme;Benevides;Guilherme Benevides
Tatiane;Torres;Tatiane Torres
Everton;Rezende;Everton Rezende
Murilo;Amorim;Murilo Amorim
Cláudia;Damasceno;Cláudia Damasceno
Larissa;Sales;Larissa Sales
Márcia;Rangel;Márcia Rangel
Simone;Nunes;Simone Nunes
Letícia;Vasconcelos;Letícia Vasconcelos
Thiago;Cardoso;Thiago Cardoso
Adriana;Cunha;Adriana Cunha
Hugo;Azevedo;Hugo Azevedo
Sofia;Araújo;Sofia Araújo
Sofia;Xavier;Sofia Xavier
Hugo;Pires;Hugo Pires
Cláudia;Mascarenhas;Cláudia Mascarenhas
Roberto;Teles;Roberto Teles
Carlos;Costa;Carlos Costa
Guilherme;Magalhães;Guilherme Magalhães
Paula;Mascarenhas;Paula Mascarenhas
Cláudia;Torres;Cláudia Torres
Helena;Santana;Helena Santana
Vanessa;Oliveira;Vanessa Oliveira
Kelly;Cintra;Kelly Cintra
Fábio;Bastos;Fábio Bastos
Kelly;Cardoso;Kelly Cardoso
Lucas;Mesquita;Lucas Mesquita
Patrícia;Moreira;Patrícia Moreira
Cássio;Sampaio;Cássio Sampaio
Fernanda;Neves;Fernanda Neves
Simone;Prado;Simone Prado
Osmar;Holanda;Osmar Holanda
Nelson;Cunha;Nelson Cunha
Flávia;Barreto;Flávia Barreto
Nelson;Zago;Nelson Zago
Sérgio;Prado;Sérgio Prado
Fabiana;Martins;Fabiana Martins
Fábio;Oliveira;Fábio Oliveira
Camila;Porto;Camila Porto
Mateus;Gouveia;Mateus Gouveia
Gabriel;Assis;Gabriel Assis
Flávia;Rezende;Flávia Rezende
Lucas;Viana;Lucas Viana
Diego;Saraiva;Diego Saraiva
Cristiane;Sales;Cristiane Sales
Pedro;Silva;Pedro Silva
Débora;Bezerra;Débora Bezerra
Cristiano;Mascarenhas;Cristiano Mascarenhas
Maria;Souza;Maria Souza
Roberta;Simões;Roberta Simões
Alexandre;Dias;Alexandre Dias
Mônica;Martins;Mônica Martins
Letícia;Nunes;Letícia Nunes
Helena;Ribeiro;Helena Ribeiro
Samuel;Assis;Samuel Assis
Teresa;Dorneles;Teresa Dorneles
Paula;França;Paula França
Larissa;Lima;Larissa Lima
Eduardo;Serafim;Eduardo Serafim
Cássio;Amorim;Cássio Amorim
Talita;Cunha;Talita Cunha
Bianca;Tavares;Bianca Tavares
Bruno;Santana;Bruno Santana
Gabriel;Simões;Gabriel Simões
Fábio;Fonseca;Fábio Fonseca
Davi;Freitas;Davi Freitas
Fábio;Moraes;Fábio Moraes
Luciana;Santos;Luciana Santos
Rodrigo;Assis;Rodrigo Assis
Cássio;Viana;Cássio Viana
Guilherme;Lima;Guilherme Lima
Sérgio;Santana;Sérgio Santana
Rafaela;Barreto;Rafaela Barreto
Flávia;Mendonça;Flávia Mendonça
Rafael;Siqueira;Rafael Siqueira
Luciana;Fonseca;Luciana Fonseca
Mauro;Antunes;Mauro Antunes
Rodrigo;Peixoto;Rodrigo Peixoto
Gabriel;Mascarenhas;Gabriel Mascarenhas
Rodrigo;Medeiros;Rodrigo Medeiros
Alexandre;Coutinho;Alexandre Coutinho
Daniel;Maia;Daniel Maia
Mônica;Zago;Mônica Zago
Regina;Azevedo;Regina Azevedo
Leonardo;Neves;Leonardo Neves
José;Siqueira;José Siqueira
Elisângela;Torres;Elisângela Torres
Roberto;Campos;Roberto Campos
Luciana;Assis;Luciana Assis
Osmar;Lemos;Osmar Lemos
Gustavo;Silva;Gustavo Silva
Adriana;Souza;Adriana Souza
Alan;Prado;Alan Prado
Felipe;Freitas;Felipe Freitas
Davi;Peixoto;Davi Peixoto
Gustavo;Mesquita;Gustavo Mesquita
Everton;Sampaio;Everton Sampaio
Teresa;Teixeira;Teresa Teixeira
Diego;Bastos;Diego Bastos
Douglas;Santos;Douglas Santos
Douglas;Torres;Douglas Torres
Camila;Coelho;Camila Coelho
Rodrigo;Lemos;Rodrigo Lemos
Douglas;Rezende;Douglas Rezende
Rosa;Valente;Rosa Valente
Bianca;Santos;Bianca Santos
Bruno;Dias;Bruno Dias
Mauro;Oliveira;Mauro Oliveira
Sônia;Mascarenhas;Sônia Mascarenhas
Nilson;Moraes;Nilson Moraes
Juliana;Silva;Juliana Silva
Débora;Valente;Débora Valente
Alexandre;Loureiro;Alexandre Loureiro
Wagner;Passos;Wagner Passos
Cristiane;Monteiro;Cristiane Monteiro
Davi;Braga;Davi Braga
Camila;Damasceno;Camila Damasceno
Eduardo;Dorneles;Eduardo Dorneles
Pedro;Santos;Pedro Santos
Roberta;Moreira;Roberta Moreira
Alexandre;Fonseca;Alexandre Fonseca
Diego;Cintra;Diego Cintra
Bruna;Moreira;Bruna Moreira
Rafaela;Lemos;Rafaela Lemos
Luciano;Guimarães;Luciano Guimarães
José;Rezende;José Rezende
Mateus;Duarte;Mateus Duarte
Daniel;Simões;Daniel Simões
Kelly;Lima;Kelly Lima
Davi;Assis;Davi Assis
Simone;França;Simone França
Gustavo;Costa;Gustavo Costa
Maria;Rangel;Maria Rangel
Rafaela;Oliveira;Rafaela Oliveira
Michele;Monteiro;Michele Monteiro
Renato;Macedo;Renato Macedo
Douglas;Campos;Douglas Campos
Roberto;Duarte;Roberto Duarte
Cássio;Zago;Cássio Zago
Wagner;Monteiro;Wagner Monteiro
Cláudia;Pires;Cláudia Pires
Igor;Alves;Igor Alves
Ana;Medeiros;Ana Medeiros
Vitor;Bezerra;Vitor Bezerra
Sônia;Rezende;Sônia Rezende
Guilherme;Pereira;Guilherme Pereira
Cláudia;Loureiro;Cláudia Loureiro
Samuel;Souza;Samuel Souza
Henrique;Nunes;Henrique Nunes
Hugo;Rodrigues;Hugo Rodrigues
Luciana;Farias;Luciana Farias
Daniel;Neves;Daniel Neves
Maria;Zago;Maria Zago
Murilo;Paiva;Murilo Paiva
Davi;Holanda;Davi Holanda
Bianca;Figueiredo;Bianca Figueiredo
Joana;Viana;Joana Viana
Cláudia;Barreto;Cláudia Barreto
Rafael;Batista;Rafael Batista
Mateus;Brito;Mateus Brito
Talita;Dorneles;Talita Dorneles
Mauro;Gouveia;Mauro Gouveia
Daniela;Barros;Daniela Barros
Henrique;Pires;Henrique Pires
Marcelo;Medeiros;Marcelo Medeiros
Natália;Brito;Natália Brito
Renata;Rezende;Renata Rezende
Vitor;Maia;Vitor Maia
Larissa;Melo;Larissa Melo
Patrícia;Santana;Patrícia Santana
Mateus;Porto;Mateus Porto
Flávia;Dias;Flávia Dias
Daniel;Souza;Daniel Souza
Talita;Brito;Talita Brito
Fabiana;França;Fabiana França
Everton;Pires;Everton Pires
Helena;Coelho;Helena Coelho
Jorge;Santos;Jorge Santos
Débora;Monteiro;Débora Monteiro
Thiago;Melo;Thiago Melo
João;Pereira;João Pereira
Douglas;Seabra;Douglas Seabra
Daniela;Moura;Daniela Moura
Kelly;Batista;Kelly Batista
Nelson;Mesquita;Nelson Mesquita
Antônio;Mesquita;Antônio Mesquita
Antônio;Zago;Antônio Zago
Fernanda;Dias;Fernanda Dias
Gabriela;Braga;Gabriela Braga
Fabiana;Benevides;Fabiana Benevides
José;Duarte;José Duarte
Larissa;Duarte;Larissa Duarte
Jorge;Pires;Jorge Pires
Silvio;Castro;Silvio Castro
Daniel;Monteiro;Daniel Monteiro
Kelly;Nunes;Kelly Nunes
Mauro;Coelho;Mauro Coelho
Regina;Magalhães;Regina Magalhães
Igor;Fonseca;Igor Fonseca
Wagner;Barreto;Wagner Barreto
Pedro;Viana;Pedro Viana
Nilson;Ferreira;Nilson Ferreira
Joana;Zago;Joana Zago
Isabela;Vieira;Isabela Vieira
Alan;Coelho;Alan Coelho
Gabriel;Peixoto;Gabriel Peixoto
Márcia;Coutinho;Márcia Coutinho
Mateus;Torres;Mateus Torres
Fernanda;Medeiros;Fernanda Medeiros
Roberto;Mesquita;Roberto Mesquita
João;Correia;João Correia
Vinícius;Duarte;Vinícius Duarte
Antônio;Cardoso;Antônio Cardoso
Antônio;Queiroz;Antônio Queiroz
Davi;Batista;Davi Batista
Daniel;Coelho;Daniel Coelho
Cristiane;Cunha;Cristiane Cunha
Ana;Batista;Ana Batista
Talita;Bastos;Talita Bastos
Hugo;Peixoto;Hugo Peixoto
Everton;Saraiva;Everton Saraiva
Eliane;Tavares;Eliane Tavares
Paulo;Sampaio;Paulo Sampaio
Henrique;Silva;Henrique Silva
Gabriela;Cardoso;Gabriela Cardoso
Pedro;Campos;Pedro Campos
Priscila;Neves;Priscila Neves
Mauro;Moura;Mauro Moura
André;Simões;André Simões
Fábio;Batista;Fábio Batista
Felipe;Leitão;Felipe Leitão
Letícia;Bezerra;Letícia Bezerra
Fábio;Barreto;Fábio Barreto
Sérgio;Gouveia;Sérgio Gouveia
Marcelo;Batista;Marcelo Batista
Fabiana;Magalhães;Fabiana Magalhães
Gustavo;Alves;Gustavo Alves
Bruna;Dias;Bruna Dias
Nelson;Ribeiro;Nelson Ribeiro
Diego;Nunes;Diego Nunes
Henrique;Azevedo;Henrique Azevedo
Regina;Guimarães;Regina Guimarães
Sônia;Tavares;Sônia Tavares
Cecília;Pinto;Cecília Pinto
Renata;Castro;Renata Castro
Priscila;Barros;Priscila Barros
Bianca;Silva;Bianca Silva
Camila;Fonseca;Camila Fonseca
Caio;Barros;Caio Barros
Roberto;Nunes;Roberto Nunes
Michele;Melo;Michele Melo
Letícia;Sales;Letícia Sales
Wagner;Bezerra;Wagner Bezerra
Cássio;Valente;Cássio Valente
Érica;Rezende;Érica Rezende
Cristiano;Peixoto;Cristiano Peixoto
Roberta;Castro;Roberta Castro
Rosa;Paiva;Rosa Paiva
Daniel;Antunes;Daniel Antunes
Felipe;Mascarenhas;Felipe Mascarenhas
Rafaela;Coutinho;Rafaela Coutinho
Álvaro;Azevedo;Álvaro Azevedo
Rosa;Teles;Rosa Teles
Kelly;Pedrosa;Kelly Pedrosa
Maria;Magalhães;Maria Magalhães
Bianca;Leitão;Bianca Leitão
Paula;Monteiro;Paula Monteiro
Lucas;Braga;Lucas Braga
Everton;Tavares;Everton Tavares
Natália;Holanda;Natália Holanda
Isabela;Batista;Isabela Batista
Pedro;Leitão;Pedro Leitão
Érica;Mesquita;Érica Mesquita
Kelly;Ribeiro;Kelly Ribeiro
Daniela;Melo;Daniela Melo
Isabela;Barreto;Isabela Barreto
Camila;Freitas;Camila Freitas
Gabriela;Coutinho;Gabriela Coutinho
Jaqueline;Mendonça;Jaqueline Mendonça
José;Medeiros;José Medeiros
Paulo;Rezende;Paulo Rezende
Vinícius;Carvalho;Vinícius Carvalho
Adriana;Cardoso;Adriana Cardoso
Rodrigo;Paiva;Rodrigo Paiva
Flávia;Teles;Flávia Teles
Gabriela;Moura;Gabriela Moura
Aline;Costa;Aline Costa
Roberta;Rezende;Roberta Rezende
Alan;Lima;Alan Lima
Débora;Leitão;Débora Leitão
Rosa;Santos;Rosa Santos
Talita;Guimarães;Talita Guimarães
Teresa;Rocha;Teresa Rocha
Samuel;Araújo;Samuel Araújo
Alexandre;Correia;Alexandre Correia
Mauro;Xavier;Mauro Xavier
Adriana;Coelho;Adriana Coelho
Renato;Quevedo;Renato Quevedo
Bruna;Pedrosa;Bruna Pedrosa
Carla;Valente;Carla Valente
Wagner;Nunes;Wagner Nunes
Cristiano;Farias;Cristiano Farias
Débora;Vasconcelos;Débora Vasconcelos
Álvaro;Martins;Álvaro Martins
Pedro;Antunes;Pedro Antunes
Everton;Azevedo;Everton Azevedo
Paula;Fonseca;Paula Fonseca
Kelly;Pereira;Kelly Pereira
Douglas;Coelho;Douglas Coelho
Sônia;Valente;Sônia Valente
Nilson;Moreira;Nilson Moreira
Helena;Tavares;Helena Tavares
Fabiana;Pedrosa;Fabiana Pedrosa
Gabriela;França;Gabriela França
Flávia;Souza;Flávia Souza
Rodrigo;Pereira;Rodrigo Pereira
Débora;Oliveira;Débora Oliveira
Helena;Monteiro;Helena Monteiro
Murilo;Gouveia;Murilo Gouveia
Bruno;Mendonça;Bruno Mendonça
Jorge;Martins;Jorge Martins
Paulo;Brito;Paulo Brito
Larissa;Rangel;Larissa Rangel
Patrícia;Sampaio;Patrícia Sampaio
Jorge;Amorim;Jorge Amorim
Henrique;Assis;Henrique Assis
Everton;Campos;Everton Campos
Mateus;Campos;Mateus Campos
Eliane;Rodrigues;Eliane Rodrigues
Maria;Aragão;Maria Aragão
Camila;Teles;Camila Teles
Hugo;Porto;Hugo Porto
Silvio;Prado;Silvio Prado
Paulo;Paiva;Paulo Paiva
Adriana;Guimarães;Adriana Guimarães
Murilo;Zago;Murilo Zago
Bruno;Gomes;Bruno Gomes
Isabela;Zago;Isabela Zago
Wallace;Batista;Wallace Batista
Simone;Silva;Simone Silva
Álvaro;Cardoso;Álvaro Cardoso
Osmar;Correia;Osmar Correia
Marcelo;Dorneles;Marcelo Dorneles
Everton;Xavier;Everton Xavier
Gustavo;Fonseca;Gustavo Fonseca
Cristiano;Vasconcelos;Cristiano Vasconcelos
Priscila;Pedrosa;Priscila Pedrosa
Thiago;Teixeira;Thiago Teixeira
Bruna;Sampaio;Bruna Sampaio
Rosa;Prado;Rosa Prado
Douglas;Duarte;Douglas Duarte
Paula;Damasceno;Paula Damasceno
Larissa;Tavares;Larissa Tavares
Helena;Alves;Helena Alves
Cássio;Queiroz;Cássio Queiroz
Renato;Duarte;Renato Duarte
Roberto;Maia;Roberto Maia
Nilson;Peixoto;Nilson Peixoto
Carlos;Antunes;Carlos Antunes
Cecília;Dorneles;Cecília Dorneles
Gustavo;Moura;Gustavo Moura
Carlos;Paiva;Carlos Paiva
Fabiana;Gomes;Fabiana Gomes
Diego;Amorim;Diego Amorim
José;Teixeira;José Teixeira
Carlos;Siqueira;Carlos Siqueira
Ana;Pedrosa;Ana Pedrosa
Cláudia;Coelho;Cláudia Coelho
Fabiana;Aragão;Fabiana Aragão
Carla;Mendonça;Carla Mendonça
Cláudia;Rocha;Cláudia Rocha
Leonardo;Silva;Leonardo Silva
Lucas;Monteiro;Lucas Monteiro
Samuel;Fonseca;Samuel Fonseca
Letícia;Pereira;Letícia Pereira
Cláudia;Lemos;Cláudia Lemos
Ana;Rezende;Ana Rezende
Marcelo;Sales;Marcelo Sales
Everton;Pinto;Everton Pinto
Cláudia;Oliveira;Cláudia Oliveira
Wallace;Coutinho;Wallace Coutinho
Talita;Damasceno;Talita Damasceno
Fabiana;Rezende;Fabiana Rezende
Isabela;Assis;Isabela Assis
José;Assis;José Assis
Luciano;Rocha;Luciano Rocha
Mariana;Simões;Mariana Simões
Fabiana;Pereira;Fabiana Pereira
Roberta;Lemos;Roberta Lemos
Patrícia;Silva;Patrícia Silva
Álvaro;Dorneles;Álvaro Dorneles
Natália;Costa;Natália Costa
Adriana;Tavares;Adriana Tavares
José;Barreto;José Barreto
Davi;Siqueira;Davi Siqueira
Joana;Aragão;Joana Aragão
Bruno;Paiva;Bruno Paiva
Ana;Magalhães;Ana Magalhães
Alexandre;Rodrigues;Alexandre Rodrigues
Michele;Rocha;Michele Rocha
Davi;Coutinho;Davi Coutinho
Gabriela;Porto;Gabriela Porto
Hugo;Cintra;Hugo Cintra
Talita;Cardoso;Talita Cardoso
Nelson;Magalhães;Nelson Magalhães
Henrique;Pinto;Henrique Pinto
Alan;Barros;Alan Barros
Aline;Ribeiro;Aline Ribeiro
Flávia;Alves;Flávia Alves
Adriana;Araújo;Adriana Araújo
Luciano;Macedo;Luciano Macedo
Bruno;Vieira;Bruno Vieira
Daniela;Neves;Daniela Neves
Marcelo;Mendonça;Marcelo Mendonça
Carlos;Tavares;Carlos Tavares
Nelson;Bastos;Nelson Bastos
Osmar;Tavares;Osmar Tavares
Rodrigo;Valente;Rodrigo Valente
Fábio;Campos;Fábio Campos
Rodrigo;Cunha;Rodrigo Cunha
Roberta;Assis;Roberta Assis
Helena;Cunha;Helena Cunha
Maria;Gouveia;Maria Gouveia
Gabriel;Lemos;Gabriel Lemos
Elisângela;Benevides;Elisângela Benevides
Nilson;Paiva;Nilson Paiva
Cláudia;Paiva;Cláudia Paiva
Wallace;Pereira;Wallace Pereira
Flávia;Holanda;Flávia Holanda
Eduardo;Barreto;Eduardo Barreto
Antônio;Mascarenhas;Antônio Mascarenhas
Eliane;Bastos;Eliane Bastos
Samuel;Dias;Samuel Dias
Simone;Viana;Simone Viana
Nilson;Fonseca;Nilson Fonseca
Everton;Brito;Everton Brito
Sônia;Viana;Sônia Viana
Felipe;Barros;Felipe Barros
Carlos;Cardoso;Carlos Cardoso
Samuel;Peixoto;Samuel Peixoto
Rodrigo;Maia;Rodrigo Maia
Rafaela;Tavares;Rafaela Tavares
Sérgio;Ferreira;Sérgio Ferreira
Igor;Holanda;Igor Holanda
Álvaro;Porto;Álvaro Porto
Bruno;Tavares;Bruno Tavares
Marcelo;Damasceno;Marcelo Damasceno
Joana;Rodrigues;Joana Rodrigues
Érica;Pinto;Érica Pinto
Carla;Souza;Carla Souza
Luciana;Barros;Luciana Barros
Flávia;Barros;Flávia Barros
Gabriel;Barreto;Gabriel Barreto
Diego;Moreira;Diego Moreira
Rafael;Duarte;Rafael Duarte
Fernanda;Serafim;Fernanda Serafim
Roberto;Moraes;Roberto Moraes
Pedro;Medeiros;Pedro Medeiros
José;Torres;José Torres
Mateus;França;Mateus França
Nelson;Azevedo;Nelson Azevedo
Priscila;Dias;Priscila Dias
Gabriel;Valente;Gabriel Valente
Érica;Guimarães;Érica Guimarães
Alexandre;Guimarães;Alexandre Guimarães
Renata;Pereira;Renata Pereira
Mauro;Assis;Mauro Assis
Jorge;Fonseca;Jorge Fonseca
Helena;França;Helena França
Roberto;Figueiredo;Roberto Figueiredo
Jorge;Estrela;Jorge Estrela
Rosa;Brito;Rosa Brito
Adriana;França;Adriana França
Márcia;Moraes;Márcia Moraes
Bianca;Braga;Bianca Braga
Simone;Teixeira;Simone Teixeira
Kelly;Alves;Kelly Alves
Gustavo;Sampaio;Gustavo Sampaio
Caio;Brito;Caio Brito
Helena;Saraiva;Helena Saraiva
Elisângela;Simões;Elisângela Simões
Igor;Sampaio;Igor Sampaio
Isabela;Valente;Isabela Valente
Isabela;Brito;Isabela Brito
Nilson;Barros;Nilson Barros
Débora;Barros;Débora Barros
Fabiana;Pires;Fabiana Pires
Everton;Castro;Everton Castro
Felipe;Cintra;Felipe Cintra
Igor;Pinto;Igor Pinto
Leonardo;Duarte;Leonardo Duarte
Regina;Costa;Regina Costa
Antônio;Neves;Antônio Neves
Renato;Peixoto;Renato Peixoto
Samuel;Bastos;Samuel Bastos
Elisângela;Dorneles;Elisângela Dorneles
Alexandre;Macedo;Alexandre Macedo
Felipe;Coelho;Felipe Coelho
Davi;Teles;Davi Teles
Nilson;Moura;Nilson Moura
Cristiano;Teles;Cristiano Teles
Mônica;Simões;Mônica Simões
Samuel;Porto;Samuel Porto
Carlos;Damasceno;Carlos Damasceno
André;Maia;André Maia
Renata;Braga;Renata Braga
Bruna;Gouveia;Bruna Gouveia
Hugo;Rezende;Hugo Rezende
Márcia;Cintra;Márcia Cintra
Gustavo;Figueiredo;Gustavo Figueiredo
José;Mendonça;José Mendonça
Simone;Gomes;Simone Gomes
Everton;Benevides;Everton Benevides
Henrique;Melo;Henrique Melo
Helena;Passos;Helena Passos
Gabriela;Carvalho;Gabriela Carvalho
Marcelo;Moura;Marcelo Moura
Paula;Mesquita;Paula Mesquita
Flávia;Estrela;Flávia Estrela
Joana;Alves;Joana Alves
Vanessa;Moreira;Vanessa Moreira
Bianca;Fonseca;Bianca Fonseca
Paula;Quevedo;Paula Quevedo
Jaqueline;Cardoso;Jaqueline Cardoso
Cláudia;Amorim;Cláudia Amorim
Talita;Medeiros;Talita Medeiros
José;Pereira;José Pereira
José;Lima;José Lima
Larissa;Braga;Larissa Braga
Jaqueline;Correia;Jaqueline Correia
Priscila;Monteiro;Priscila Monteiro
Teresa;Brito;Teresa Brito
Sérgio;Peixoto;Sérgio Peixoto
Gabriela;Vieira;Gabriela Vieira
Regina;Castro;Regina Castro
Tatiane;Marinho;Tatiane Marinho
Priscila;Rodrigues;Priscila Rodrigues
Felipe;Quevedo;Felipe Quevedo
Wallace;Amorim;Wallace Amorim
Bruno;Farias;Bruno Farias
Fernanda;Leitão;Fernanda Leitão
Maria;Benevides;Maria Benevides
Fábio;Dorneles;Fábio Dorneles
Talita;Mendonça;Talita Mendonça
Carla;Mascarenhas;Carla Mascarenhas
Cristiano;Assis;Cristiano Assis
Nelson;Dias;Nelson Dias
Cristiane;Gomes;Cristiane Gomes
Carlos;Guimarães;Carlos Guimarães
Letícia;Rezende;Letícia Rezende
Juliana;Cintra;Juliana Cintra
João;Silva;João Silva
Maria;Ferreira;Maria Ferreira
Cássio;Moreira;Cássio Moreira
Fernanda;Rocha;Fernanda Rocha
Vinícius;Pereira;Vinícius Pereira
José;Gomes;José Gomes
Bruno;Viana;Bruno Viana
Eduardo;Martins;Eduardo Martins
Renato;Rezende;Renato Rezende
Márcia;Freitas;Márcia Freitas
Eliane;Simões;Eliane Simões
Kelly;Mendonça;Kelly Mendonça
Regina;Benevides;Regina Benevides
Érica;Rangel;Érica Rangel
Carla;Silva;Carla Silva
Ana;Melo;Ana Melo
André;Pinto;André Pinto
Cristiano;Martins;Cristiano Martins
Bruna;Barros;Bruna Barros
Eliane;Passos;Eliane Passos
Henrique;Bastos;Henrique Bastos
Cristiane;Campos;Cristiane Campos
Leonardo;Brito;Leonardo Brito
Vitor;Peixoto;Vitor Peixoto
Alexandre;Paiva;Alexandre Paiva
Diego;Freitas;Diego Freitas
Cristiano;Neves;Cristiano Neves
Mauro;Carvalho;Mauro Carvalho
Sônia;Holanda;Sônia Holanda
Antônio;Pereira;Antônio Pereira
Larissa;Carvalho;Larissa Carvalho
Guilherme;Ribeiro;Guilherme Ribeiro
Marcelo;Rocha;Marcelo Rocha
Cássio;Brito;Cássio Brito
Patrícia;Teixeira;Patrícia Teixeira
Osmar;Nunes;Osmar Nunes
Rafael;Nunes;Rafael Nunes
Wallace;Farias;Wallace Farias
Cecília;Amorim;Cecília Amorim
Luciano;Monteiro;Luciano Monteiro
Henrique;Teixeira;Henrique Teixeira
Mauro;Magalhães;Mauro Magalhães
Nelson;Damasceno;Nelson Damasceno
Cássio;Oliveira;Cássio Oliveira
Nelson;Peixoto;Nelson Peixoto
Carla;Serafim;Carla Serafim
Daniela;Moreira;Daniela Moreira
Pedro;Pinto;Pedro Pinto
Vanessa;Passos;Vanessa Passos
Diego;Quevedo;Diego Quevedo
Fábio;Damasceno;Fábio Damasceno
Kelly;Figueiredo;Kelly Figueiredo
Daniela;Vieira;Daniela Vieira
Caio;Paiva;Caio Paiva
Osmar;Duarte;Osmar Duarte
Renato;Campos;Renato Campos
Tatiane;Batista;Tatiane Batista
Eduardo;Macedo;Eduardo Macedo
Teresa;Passos;Teresa Passos
Alexandre;Viana;Alexandre Viana
Sérgio;Brito;Sérgio Brito
Mariana;Pereira;Mariana Pereira
Rafael;Braga;Rafael Braga
Helena;Neves;Helena Neves
Cristiano;Coelho;Cristiano Coelho
Wallace;Cardoso;Wallace Cardoso
Bruna;Sales;Bruna Sales
Larissa;Viana;Larissa Viana
Samuel;Siqueira;Samuel Siqueira
Fernanda;Mascarenhas;Fernanda Mascarenhas
Luciana;Gouveia;Luciana Gouveia
Cláudia;Correia;Cláudia Correia
Isabela;Araújo;Isabela Araújo
Mauro;Nunes;Mauro Nunes
Michele;Bastos;Michele Bastos
Rafaela;Rocha;Rafaela Rocha
José;Ferreira;José Ferreira
Bruna;Cardoso;Bruna Cardoso
Vitor;Souza;Vitor Souza
Rodrigo;Brito;Rodrigo Brito
Talita;Serafim;Talita Serafim
Sofia;Nunes;Sofia Nunes
Diego;Dorneles;Diego Dorneles
Jaqueline;Xavier;Jaqueline Xavier
Nilson;Saraiva;Nilson Saraiva
Tatiane;Rodrigues;Tatiane Rodrigues
Fabiana;Torres;Fabiana Torres
Mauro;Barros;Mauro Barros
Tatiane;Martins;Tatiane Martins
Patrícia;Fonseca;Patrícia Fonseca
Renata;Nunes;Renata Nunes
Ana;Silva;Ana Silva
Érica;Simões;Érica Simões
Simone;Freitas;Simone Freitas
Diego;Valente;Diego Valente
Mariana;Freitas;Mariana Freitas
Felipe;Batista;Felipe Batista
Camila;Mascarenhas;Camila Mascarenhas
Antônio;Serafim;Antônio Serafim
Carlos;Saraiva;Carlos Saraiva
Bruno;Pinto;Bruno Pinto
Wallace;Monteiro;Wallace Monteiro
Thiago;Batista;Thiago Batista
Thiago;Castro;Thiago Castro
Tatiane;Cunha;Tatiane Cunha
Gustavo;Moraes;Gustavo Moraes
Antônio;Guimarães;Antônio Guimarães
Gabriela;Barros;Gabriela Barros
Adriana;Coutinho;Adriana Coutinho
Renata;Duarte;Renata Duarte
Daniela;Costa;Daniela Costa
Daniela;Dorneles;Daniela Dorneles
Daniel;Farias;Daniel Farias
Cássio;Rezende;Cássio Rezende
Vinícius;Ferreira;Vinícius Ferreira
Cássio;Campos;Cássio Campos
Leonardo;Souza;Leonardo Souza
Rodrigo;Rangel;Rodrigo Rangel
Vanessa;Magalhães;Vanessa Magalhães
Juliana;Moreira;Juliana Moreira
Luciano;Tavares;Luciano Tavares
Daniela;Cunha;Daniela Cunha
Osmar;Santana;Osmar Santana
Daniela;Estrela;Daniela Estrela
Vanessa;Gomes;Vanessa Gomes
Fernanda;Paiva;Fernanda Paiva
Bruno;Teixeira;Bruno Teixeira
Osmar;Macedo;Osmar Macedo
Alexandre;Barros;Alexandre Barros
Fernanda;Lima;Fernanda Lima
Fernanda;Simões;Fernanda Simões
Samuel;Lemos;Samuel Lemos
Pedro;Paiva;Pedro Paiva
Felipe;Martins;Felipe Martins
Bruna;Moura;Bruna Moura
Alan;Alves;Alan Alves
Rosa;Passos;Rosa Passos
Alexandre;Serafim;Alexandre Serafim
Camila;Souza;Camila Souza
Elisângela;Viana;Elisângela Viana
Roberta;Dorneles;Roberta Dorneles
Márcia;Magalhães;Márcia Magalhães
Joana;Gomes;Joana Gomes
Fábio;Valente;Fábio Valente
Antônio;Nunes;Antônio Nunes
Guilherme;Gomes;Guilherme Gomes
Márcia;Pereira;Márcia Pereira
Camila;Guimarães;Camila Guimarães
Natália;Benevides;Natália Benevides
Priscila;Farias;Priscila Farias
Bianca;Melo;Bianca Melo
Cláudia;Antunes;Cláudia Antunes
Igor;Serafim;Igor Serafim
Flávia;Maia;Flávia Maia
Daniela;Lima;Daniela Lima
Adriana;Magalhães;Adriana Magalhães
Osmar;Serafim;Osmar Serafim
Kelly;Prado;Kelly Prado
Teresa;Barreto;Teresa Barreto
Mauro;Amorim;Mauro Amorim
Vinícius;Teles;Vinícius Teles
Teresa;Coutinho;Teresa Coutinho
Fernanda;Rezende;Fernanda Rezende
Osmar;Rocha;Osmar Rocha
Cláudia;Moreira;Cláudia Moreira
Talita;Xavier;Talita Xavier
Isabela;Passos;Isabela Passos
Márcia;Lima;Márcia Lima
Flávia;Barros;Flávia Barros
Helena;Cardoso;Helena Cardoso
Hugo;Lemos;Hugo Lemos
Helena;Batista;Helena Batista
Fábio;Marinho;Fábio Marinho
Cristiane;Antunes;Cristiane Antunes
Davi;Dorneles;Davi Dorneles
Cristiano;Correia;Cristiano Correia
Vinícius;Passos;Vinícius Passos
Murilo;Neves;Murilo Neves
Ana;Fonseca;Ana Fonseca
Gabriel;Marinho;Gabriel Marinho
Letícia;Antunes;Letícia Antunes
Adriana;Barros;Adriana Barros
Mariana;Rocha;Mariana Rocha
Lucas;Campos;Lucas Campos
Álvaro;Torres;Álvaro Torres
Luciana;Queiroz;Luciana Queiroz
José;Teles;José Teles
Henrique;Souza;Henrique Souza
Carla;Nunes;Carla Nunes
Vitor;Macedo;Vitor Macedo
Mariana;Lima;Mariana Lima
Gabriela;Magalhães;Gabriela Magalhães
Mônica;Tavares;Mônica Tavares
Vanessa;Pinto;Vanessa Pinto
João;Farias;João Farias
Maria;Porto;Maria Porto
Priscila;Queiroz;Priscila Queiroz
Débora;Santana;Débora Santana
Sérgio;Moreira;Sérgio Moreira
Cristiano;Monteiro;Cristiano Monteiro
José;Figueiredo;José Figueiredo
Carlos;Bastos;Carlos Bastos
Diego;Antunes;Diego Antunes
Alan;Gomes;Alan Gomes
Renato;Moura;Renato Moura
Cláudia;Nunes;Cláudia Nunes
Elisângela;Guimarães;Elisângela Guimarães
Douglas;Passos;Douglas Passos
Lucas;Moraes;Lucas Moraes
Patrícia;Dorneles;Patrícia Dorneles
Rafael;Teles;Rafael Teles
Igor;Vieira;Igor Vieira
Jorge;França;Jorge França
Rafaela;Santana;Rafaela Santana
Nelson;Cardoso;Nelson Cardoso
Michele;Alves;Michele Alves
Nilson;Costa;Nilson Costa
Débora;Carvalho;Débora Carvalho
Teresa;Saraiva;Teresa Saraiva
Aline;Neves;Aline Neves
Vitor;Martins;Vitor Martins
Alan;Porto;Alan Porto
Rafaela;Seabra;Rafaela Seabra
André;Figueiredo;André Figueiredo
Fabiana;Quevedo;Fabiana Quevedo
Talita;Antunes;Talita Antunes
Felipe;Peixoto;Felipe Peixoto
Alan;Paiva;Alan Paiva
Jaqueline;Moura;Jaqueline Moura
Gabriela;Paiva;Gabriela Paiva
Gabriel;Batista;Gabriel Batista
Igor;Souza;Igor Souza
Adriana;Gouveia;Adriana Gouveia
Guilherme;Rodrigues;Guilherme Rodrigues
Roberto;França;Roberto França
Vinícius;Coutinho;Vinícius Coutinho
Mônica;Serafim;Mônica Serafim
Gabriel;Loureiro;Gabriel Loureiro
Letícia;Dorneles;Letícia Dorneles
Leonardo;Pedrosa;Leonardo Pedrosa
Guilherme;Cunha;Guilherme Cunha
Cristiane;Batista;Cristiane Batista
Roberto;Benevides;Roberto Benevides
Flávia;Coutinho;Flávia Coutinho
Marcelo;Santana;Marcelo Santana
Antônio;Fonseca;Antônio Fonseca
Kelly;Paiva;Kelly Paiva
Helena;Simões;Helena Simões
Felipe;Neves;Felipe Neves
Osmar;Simões;Osmar Simões
Luciano;Cardoso;Luciano Cardoso
Paulo;Santos;Paulo Santos
Cláudia;Cardoso;Cláudia Cardoso
Michele;Benevides;Michele Benevides
Luciana;Guimarães;Luciana Guimarães
Henrique;Oliveira;Henrique Oliveira
Eliane;Medeiros;Eliane Medeiros
Caio;Macedo;Caio Macedo
Osmar;Queiroz;Osmar Queiroz
Vanessa;Serafim;Vanessa Serafim
Kelly;Medeiros;Kelly Medeiros
Murilo;Correia;Murilo Correia
Paula;Bezerra;Paula Bezerra
Mauro;Aragão;Mauro Aragão
Cristiano;Lima;Cristiano Lima
Fábio;Melo;Fábio Melo
Teresa;Neves;Teresa Neves
Talita;Macedo;Talita Macedo
Érica;Sampaio;Érica Sampaio
Davi;Teixeira;Davi Teixeira
Cristiane;Holanda;Cristiane Holanda
Isabela;Porto;Isabela Porto
Nilson;Passos;Nilson Passos
Lucas;Melo;Lucas Melo
Samuel;Pires;Samuel Pires
Renata;Loureiro;Renata Loureiro
Nilson;Vasconcelos;Nilson Vasconcelos
Carlos;Monteiro;Carlos Monteiro
Everton;Paiva;Everton Paiva
Guilherme;Monteiro;Guilherme Monteiro
Renata;Gomes;Renata Gomes
Sônia;Santana;Sônia Santana
Débora;Barreto;Débora Barreto
Murilo;Damasceno;Murilo Damasceno
Pedro;Dias;Pedro Dias
Larissa;Ferreira;Larissa Ferreira
Michele;Siqueira;Michele Siqueira
Débora;Araújo;Débora Araújo
Adriana;Seabra;Adriana Seabra
Fernanda;Nunes;Fernanda Nunes
Sofia;Barros;Sofia Barros
Gustavo;Coutinho;Gustavo Coutinho
Vanessa;Martins;Vanessa Martins
Bianca;Paiva;Bianca Paiva
Talita;Prado;Talita Prado
Cecília;Guimarães;Cecília Guimarães
Débora;Zago;Débora Zago
Patrícia;Leitão;Patrícia Leitão
Fabiana;Araújo;Fabiana Araújo
Luciana;Correia;Luciana Correia
Larissa;Coelho;Larissa Coelho
Érica;Mascarenhas;Érica Mascarenhas
Cláudia;Queiroz;Cláudia Queiroz
Letícia;Martins;Letícia Martins
Murilo;Bastos;Murilo Bastos
Rafaela;Costa;Rafaela Costa
Douglas;Magalhães;Douglas Magalhães
Fábio;Gouveia;Fábio Gouveia
Érica;Correia;Érica Correia
Márcia;Valente;Márcia Valente
Igor;Teles;Igor Teles
Larissa;Saraiva;Larissa Saraiva
Talita;Pinto;Talita Pinto
Igor;Zago;Igor Zago
Letícia;Cunha;Letícia Cunha
Vitor;Mendonça;Vitor Mendonça
Daniela;Teixeira;Daniela Teixeira
Érica;Barros;Érica Barros
Silvio;Oliveira;Silvio Oliveira
Caio;Guimarães;Caio Guimarães
Davi;Queiroz;Davi Queiroz
Diego;Paiva;Diego Paiva
Nilson;Holanda;Nilson Holanda
Daniela;Porto;Daniela Porto
Bruno;Saraiva;Bruno Saraiva
Rafaela;Pereira;Rafaela Pereira
Rodrigo;Pinto;Rodrigo Pinto
Everton;Ferreira;Everton Ferreira
Paulo;Oliveira;Paulo Oliveira
Daniela;Zago;Daniela Zago
Isabela;Rocha;Isabela Rocha
Natália;Rodrigues;Natália Rodrigues
Adriana;Peixoto;Adriana Peixoto
Mateus;Dias;Mateus Dias
Mônica;Freitas;Mônica Freitas
Teresa;Rodrigues;Teresa Rodrigues
Daniel;Viana;Daniel Viana
Paulo;Alves;Paulo Alves
Antônio;Loureiro;Antônio Loureiro
Wagner;Queiroz;Wagner Queiroz
Marcelo;Ribeiro;Marcelo Ribeiro
Bruna;Prado;Bruna Prado
Alan;Torres;Alan Torres
Diego;Torres;Diego Torres
Caio;Estrela;Caio Estrela
Talita;Viana;Talita Viana
Gabriel;Paiva;Gabriel Paiva
Vanessa;Mendonça;Vanessa Mendonça
Patrícia;Correia;Patrícia Correia
Samuel;Zago;Samuel Zago
Simone;Ferreira;Simone Ferreira
Cássio;Figueiredo;Cássio Figueiredo
Adriana;Quevedo;Adriana Quevedo
Cássio;Cardoso;Cássio Cardoso
Paula;Pedrosa;Paula Pedrosa
Thiago;Medeiros;Thiago Medeiros
Teresa;Amorim;Teresa Amorim
Davi;Rocha;Davi Rocha
Natália;Peixoto;Natália Peixoto
Vinícius;Teixeira;Vinícius Teixeira
Wagner;Zago;Wagner Zago
Priscila;Loureiro;Priscila Loureiro
Simone;Pereira;Simone Pereira
Fernanda;Oliveira;Fernanda Oliveira
Simone;Gouveia;Simone Gouveia
Patrícia;Saraiva;Patrícia Saraiva
Daniela;Serafim;Daniela Serafim
Diego;Oliveira;Diego Oliveira
Samuel;Sampaio;Samuel Sampaio
Vinícius;Costa;Vinícius Costa
Diego;Cardoso;Diego Cardoso
Gustavo;Valente;Gustavo Valente
Henrique;Simões;Henrique Simões
Osmar;Pedrosa;Osmar Pedrosa
Teresa;Mendonça;Teresa Mendonça
Daniela;Mesquita;Daniela Mesquita
Wallace;Souza;Wallace Souza
Eduardo;Vasconcelos;Eduardo Vasconcelos
Daniel;Medeiros;Daniel Medeiros
Vitor;Zago;Vitor Zago
Érica;Cintra;Érica Cintra
Fábio;Peixoto;Fábio Peixoto
Cecília;Ferreira;Cecília Ferreira
Paulo;Neves;Paulo Neves
Rosa;Vieira;Rosa Vieira
Nelson;Sales;Nelson Sales
Cristiano;Azevedo;Cristiano Azevedo
Samuel;Magalhães;Samuel Magalhães
Mônica;Passos;Mônica Passos
Simone;Correia;Simone Correia
Bruna;Holanda;Bruna Holanda
Priscila;Seabra;Priscila Seabra
Alan;Rocha;Alan Rocha
Vitor;Viana;Vitor Viana
Tatiane;Quevedo;Tatiane Quevedo
Antônio;Rezende;Antônio Rezende
Samuel;Monteiro;Samuel Monteiro
Renata;Estrela;Renata Estrela
Cristiano;Rodrigues;Cristiano Rodrigues
Guilherme;Teles;Guilherme Teles
Alexandre;Teles;Alexandre Teles
Davi;Gouveia;Davi Gouveia
Joana;Saraiva;Joana Saraiva
André;Pereira;André Pereira
Pedro;Azevedo;Pedro Azevedo
Douglas;Martins;Douglas Martins
Vitor;Silva;Vitor Silva
Henrique;Rezende;Henrique Rezende
Michele;Pereira;Michele Pereira
Wallace;Mesquita;Wallace Mesquita
Joana;Carvalho;Joana Carvalho
Paula;Assis;Paula Assis
Henrique;França;Henrique França
Nilson;Macedo;Nilson Macedo
Fábio;Mendonça;Fábio Mendonça
Sofia;Seabra;Sofia Seabra
Nilson;Coutinho;Nilson Coutinho
Helena;Rezende;Helena Rezende
Leonardo;Viana;Leonardo Viana
Vitor;Vieira;Vitor Vieira
Davi;Souza;Davi Souza
Lucas;Rocha;Lucas Rocha
Priscila;Correia;Priscila Correia
Maria;Loureiro;Maria Loureiro
Diego;Mendonça;Diego Mendonça
Sérgio;Fonseca;Sérgio Fonseca
Larissa;Campos;Larissa Campos
Regina;Seabra;Regina Seabra
Eduardo;Mesquita;Eduardo Mesquita
Rodrigo;Lima;Rodrigo Lima
Isabela;Carvalho;Isabela Carvalho
Thiago;Correia;Thiago Correia
Flávia;Rangel;Flávia Rangel
Rosa;Castro;Rosa Castro
Paula;Teixeira;Paula Teixeira
Carlos;Farias;Carlos Farias
Bruno;Queiroz;Bruno Queiroz
Carlos;Moraes;Carlos Moraes
Hugo;Torres;Hugo Torres
Rafael;Rodrigues;Rafael Rodrigues
Bruna;Brito;Bruna Brito
Antônio;Xavier;Antônio Xavier
Larissa;Rocha;Larissa Rocha
Tatiane;Oliveira;Tatiane Oliveira
Henrique;Serafim;Henrique Serafim
Davi;Bastos;Davi Bastos
Luciano;Azevedo;Luciano Azevedo
Fabiana;Souza;Fabiana Souza
Rafael;Rezende;Rafael Rezende
Gabriela;Martins;Gabriela Martins
Luciano;Zago;Luciano Zago
Wallace;Moraes;Wallace Moraes
Fábio;Lima;Fábio Lima
Roberto;Oliveira;Roberto Oliveira
Mauro;Ferreira;Mauro Ferreira
Lucas;Nunes;Lucas Nunes
Vitor;Quevedo;Vitor Quevedo
Mônica;Amorim;Mônica Amorim
Diego;Viana;Diego Viana
Fabiana;Guimarães;Fabiana Guimarães
Pedro;Rodrigues;Pedro Rodrigues
Bruno;Figueiredo;Bruno Figueiredo
Mateus;Viana;Mateus Viana
Cristiane;Amorim;Cristiane Amorim
Jaqueline;Medeiros;Jaqueline Medeiros
Cláudia;Melo;Cláudia Melo
Mônica;Oliveira;Mônica Oliveira
Pedro;Prado;Pedro Prado
Gustavo;Gomes;Gustavo Gomes
Gustavo;Marinho;Gustavo Marinho
Mauro;Siqueira;Mauro Siqueira
Mariana;Nunes;Mariana Nunes
Bruno;Lemos;Bruno Lemos
Renato;Sales;Renato Sales
Renato;Xavier;Renato Xavier
Cristiano;Magalhães;Cristiano Magalhães
Guilherme;Antunes;Guilherme Antunes
Mateus;Coelho;Mateus Coelho
Luciano;Lima;Luciano Lima
Mateus;Marinho;Mateus Marinho
Alexandre;Maia;Alexandre Maia
Daniel;Bastos;Daniel Bastos
Michele;Campos;Michele Campos
Tatiane;Lemos;Tatiane Lemos
Sônia;Cunha;Sônia Cunha
Kelly;Ferreira;Kelly Ferreira
Caio;Ribeiro;Caio Ribeiro
Wallace;Costa;Wallace Costa
Roberta;Pereira;Roberta Pereira
Carlos;Passos;Carlos Passos
Henrique;Queiroz;Henrique Queiroz
Luciano;Freitas;Luciano Freitas
Lucas;Bezerra;Lucas Bezerra
Cecília;Rocha;Cecília Rocha
Antônio;Peixoto;Antônio Peixoto
Felipe;Melo;Felipe Melo
Jorge;Pereira;Jorge Pereira
Davi;Rezende;Davi Rezende
Regina;Bastos;Regina Bastos
Paulo;Coutinho;Paulo Coutinho
Daniela;Alves;Daniela Alves
Bianca;Pereira;Bianca Pereira
Wallace;Campos;Wallace Campos
Regina;Monteiro;Regina Monteiro
Priscila;Marinho;Priscila Marinho
Rosa;Macedo;Rosa Macedo
Douglas;Rodrigues;Douglas Rodrigues
Rafael;Correia;Rafael Correia
Álvaro;Rodrigues;Álvaro Rodrigues
Cássio;Moraes;Cássio Moraes
Daniela;Aragão;Daniela Aragão
Felipe;Ferreira;Felipe Ferreira
Maria;Prado;Maria Prado
Kelly;Zago;Kelly Zago
Everton;Damasceno;Everton Damasceno
Murilo;Alves;Murilo Alves
Regina;Fonseca;Regina Fonseca
Wagner;Souza;Wagner Souza
Michele;Dorneles;Michele Dorneles
Ana;Pires;Ana Pires
Tatiane;Santos;Tatiane Santos
Márcia;Macedo;Márcia Macedo
Carlos;Rangel;Carlos Rangel
Paulo;Bastos;Paulo Bastos
Sérgio;França;Sérgio França
Flávia;Macedo;Flávia Macedo
Tatiane;Carvalho;Tatiane Carvalho
Henrique;Duarte;Henrique Duarte
Everton;Medeiros;Everton Medeiros
Fernanda;Farias;Fernanda Farias
João;Freitas;João Freitas
Helena;Nunes;Helena Nunes
Rosa;Rezende;Rosa Rezende
Priscila;Gomes;Priscila Gomes
Henrique;Rocha;Henrique Rocha
Silvio;Xavier;Silvio Xavier
Fernanda;Campos;Fernanda Campos
Rafaela;Lima;Rafaela Lima
Teresa;Barros;Teresa Barros
Larissa;Alves;Larissa Alves
Roberta;Ferreira;Roberta Ferreira
Roberto;Medeiros;Roberto Medeiros
Rodrigo;Antunes;Rodrigo Antunes
Márcia;Xavier;Márcia Xavier
Helena;Assis;Helena Assis
Adriana;Estrela;Adriana Estrela
Rodrigo;Siqueira;Rodrigo Siqueira
Sônia;Siqueira;Sônia Siqueira
Rafael;Teixeira;Rafael Teixeira
Bianca;Farias;Bianca Farias
Renato;Simões;Renato Simões
Rafaela;Rezende;Rafaela Rezende
Mauro;Teixeira;Mauro Teixeira
Mateus;Ferreira;Mateus Ferreira
Davi;Loureiro;Davi Loureiro
Vanessa;Farias;Vanessa Farias
Osmar;Guimarães;Osmar Guimarães
Maria;Vieira;Maria Vieira
Daniel;Gomes;Daniel Gomes
Antônio;Oliveira;Antônio Oliveira
Adriana;Freitas;Adriana Freitas
Gabriela;Estrela;Gabriela Estrela
João;Quevedo;João Quevedo
Elisângela;Leitão;Elisângela Leitão
Henrique;Farias;Henrique Farias
Tatiane;Sales;Tatiane Sales
Antônio;Duarte;Antônio Duarte
Camila;Magalhães;Camila Magalhães
Thiago;Vieira;Thiago Vieira
Caio;Maia;Caio Maia
Mônica;Correia;Mônica Correia
Gustavo;Ribeiro;Gustavo Ribeiro
Thiago;Marinho;Thiago Marinho
Helena;Aragão;Helena Aragão
Rafael;Loureiro;Rafael Loureiro
Carlos;França;Carlos França
Álvaro;Passos;Álvaro Passos
Tatiane;Estrela;Tatiane Estrela
Davi;Barros;Davi Barros
Fábio;Brito;Fábio Brito
Cristiano;Viana;Cristiano Viana
Cássio;Pedrosa;Cássio Pedrosa
Luciana;Rangel;Luciana Rangel
Patrícia;Lima;Patrícia Lima
Henrique;Sampaio;Henrique Sampaio
Gustavo;Barreto;Gustavo Barreto
Mateus;Dorneles;Mateus Dorneles
Gabriela;Marinho;Gabriela Marinho
Marcelo;Macedo;Marcelo Macedo
Caio;Martins;Caio Martins
Igor;Figueiredo;Igor Figueiredo
Sônia;Rezende;Sônia Rezende
Cristiano;Marinho;Cristiano Marinho
Alan;Teles;Alan Teles
Jaqueline;Teles;Jaqueline Teles
Marcelo;Monteiro;Marcelo Monteiro
Flávia;Neves;Flávia Neves
Talita;Queiroz;Talita Queiroz
Simone;Rezende;Simone Rezende
Samuel;Martins;Samuel Martins
Priscila;Benevides;Priscila Benevides
Renato;Medeiros;Renato Medeiros
Marcelo;Viana;Marcelo Viana
Larissa;Santana;Larissa Santana
Luciano;Marinho;Luciano Marinho
Cássio;Teixeira;Cássio Teixeira
Henrique;Leitão;Henrique Leitão
Fernanda;Dorneles;Fernanda Dorneles
José;Coutinho;José Coutinho
Michele;Assis;Michele Assis
Daniel;Sales;Daniel Sales
Regina;Dias;Regina Dias
Vitor;Leitão;Vitor Leitão
Fábio;Porto;Fábio Porto
Guilherme;Campos;Guilherme Campos
Leonardo;Lima;Leonardo Lima
Silvio;França;Silvio França
Gustavo;Rezende;Gustavo Rezende
José;Azevedo;José Azevedo
Lucas;Peixoto;Lucas Peixoto
Roberto;Passos;Roberto Passos
Wagner;Torres;Wagner Torres
Eliane;Martins;Eliane Martins
Rosa;Correia;Rosa Correia
Juliana;Holanda;Juliana Holanda
Sofia;Assis;Sofia Assis
Rosa;Pinto;Rosa Pinto
Adriana;Pereira;Adriana Pereira
Adriana;Azevedo;Adriana Azevedo
Silvio;Mesquita;Silvio Mesquita
Wagner;Moraes;Wagner Moraes
Paula;Rezende;Paula Rezende
Diego;Queiroz;Diego Queiroz
Kelly;Duarte;Kelly Duarte
Camila;Valente;Camila Valente
Bianca;Vasconcelos;Bianca Vasconcelos
Cássio;Medeiros;Cássio Medeiros
Mateus;Barreto;Mateus Barreto
Isabela;Campos;Isabela Campos
Everton;Seabra;Everton Seabra
Cássio;Batista;Cássio Batista
Davi;Tavares;Davi Tavares
Roberta;Mesquita;Roberta Mesquita
Marcelo;Castro;Marcelo Castro
Wagner;Brito;Wagner Brito
Gustavo;Lemos;Gustavo Lemos
Michele;Rezende;Michele Rezende
Helena;Xavier;Helena Xavier
Aline;Queiroz;Aline Queiroz
Cecília;Rezende;Cecília Rezende
Talita;Ribeiro;Talita Ribeiro
Roberta;Santana;Roberta Santana
Thiago;Bastos;Thiago Bastos
Davi;Pereira;Davi Pereira
Tatiane;Moreira;Tatiane Moreira
Gabriela;Sampaio;Gabriela Sampaio
Marcelo;Melo;Marcelo Melo
Davi;Melo;Davi Melo
Pedro;Cardoso;Pedro Cardoso
Elisângela;França;Elisângela França
Jaqueline;Cunha;Jaqueline Cunha
Márcia;Damasceno;Márcia Damasceno
Juliana;Braga;Juliana Braga
Vanessa;Sampaio;Vanessa Sampaio
Helena;Santos;Helena Santos
Carla;Brito;Carla Brito
Samuel;Freitas;Samuel Freitas
Gabriela;Pereira;Gabriela Pereira
Pedro;Martins;Pedro Martins
Rafael;Coutinho;Rafael Coutinho
Davi;Benevides;Davi Benevides
Luciano;Farias;Luciano Farias
Débora;Braga;Débora Braga
Jorge;Cunha;Jorge Cunha
Everton;Vieira;Everton Vieira
Maria;Dias;Maria Dias
Sônia;Moraes;Sônia Moraes
Bruno;Lima;Bruno Lima
Renata;Neves;Renata Neves
Caio;Figueiredo;Caio Figueiredo
Renata;Freitas;Renata Freitas
Samuel;Carvalho;Samuel Carvalho
Igor;Mascarenhas;Igor Mascarenhas
Luciano;Souza;Luciano Souza
Hugo;Damasceno;Hugo Damasceno
Aline;Valente;Aline Valente
Vitor;Assis;Vitor Assis
João;Rocha;João Rocha
Larissa;Castro;Larissa Castro
Joana;Cardoso;Joana Cardoso
Vinícius;Bezerra;Vinícius Bezerra
Priscila;Mendonça;Priscila Mendonça
José;Oliveira;José Oliveira
Cristiane;Bezerra;Cristiane Bezerra
Cristiano;Sales;Cristiano Sales
Felipe;Farias;Felipe Farias
Leonardo;Pinto;Leonardo Pinto
Gustavo;Melo;Gustavo Melo
Roberta;Siqueira;Roberta Siqueira
Ana;Dias;Ana Dias
Joana;Batista;Joana Batista
Cristiane;Costa;Cristiane Costa
Roberta;Amorim;Roberta Amorim
Débora;Cunha;Débora Cunha
Fernanda;Queiroz;Fernanda Queiroz
Cássio;Passos;Cássio Passos
Márcia;Vasconcelos;Márcia Vasconcelos
Cristiane;Loureiro;Cristiane Loureiro
Everton;Santana;Everton Santana
Flávia;Melo;Flávia Melo
Cristiano;Medeiros;Cristiano Medeiros
Teresa;Ribeiro;Teresa Ribeiro
Rafael;Pedrosa;Rafael Pedrosa
Silvio;Rezende;Silvio Rezende
Juliana;Souza;Juliana Souza
Cecília;Ribeiro;Cecília Ribeiro
Rafael;Santos;Rafael Santos
Michele;Souza;Michele Souza
Letícia;Souza;Letícia Souza
Igor;Mendonça;Igor Mendonça
Diego;Azevedo;Diego Azevedo
Paula;Barros;Paula Barros
Bruna;Loureiro;Bruna Loureiro
Natália;Duarte;Natália Duarte
Roberta;Holanda;Roberta Holanda
Felipe;Prado;Felipe Prado
Marcelo;Pedrosa;Marcelo Pedrosa
Wagner;Macedo;Wagner Macedo
Joana;Moreira;Joana Moreira
Priscila;Vieira;Priscila Vieira
Regina;Coutinho;Regina Coutinho
Jaqueline;Seabra;Jaqueline Seabra
Pedro;Moraes;Pedro Moraes
José;Maia;José Maia
Leonardo;Batista;Leonardo Batista
Igor;Campos;Igor Campos
Mônica;Loureiro;Mônica Loureiro
João;Assis;João Assis
Cecília;Duarte;Cecília Duarte
Wagner;Moreira;Wagner Moreira
Sônia;Quevedo;Sônia Quevedo
Michele;Maia;Michele Maia
Bruna;Passos;Bruna Passos
Mateus;Bezerra;Mateus Bezerra
Henrique;Damasceno;Henrique Damasceno
Alan;Magalhães;Alan Magalhães
Daniela;Mascarenhas;Daniela Mascarenhas
Jaqueline;Coutinho;Jaqueline Coutinho
Caio;Valente;Caio Valente
Cláudia;Carvalho;Cláudia Carvalho
Luciana;Tavares;Luciana Tavares
Érica;Macedo;Érica Macedo
Ana;Rezende;Ana Rezende
Sônia;Cintra;Sônia Cintra
Aline;Coelho;Aline Coelho
Elisângela;Sales;Elisângela Sales
Teresa;Santana;Teresa Santana
Gustavo;Coelho;Gustavo Coelho
Luciano;Brito;Luciano Brito
Patrícia;Barreto;Patrícia Barreto
Álvaro;Aragão;Álvaro Aragão
Wagner;Freitas;Wagner Freitas
Everton;França;Everton França
Gabriel;Porto;Gabriel Porto
Samuel;Marinho;Samuel Marinho
Eliane;Holanda;Eliane Holanda
Wallace;Moura;Wallace Moura
Elisângela;Bastos;Elisângela Bastos
Vitor;Rezende;Vitor Rezende
Sofia;Bastos;Sofia Bastos
Rosa;Neves;Rosa Neves
Marcelo;Azevedo;Marcelo Azevedo
Kelly;Freitas;Kelly Freitas
Silvio;Carvalho;Silvio Carvalho
Elisângela;Neves;Elisângela Neves
Camila;Brito;Camila Brito
Kelly;Magalhães;Kelly Magalhães
Joana;Rangel;Joana Rangel
Aline;Rezende;Aline Rezende
Luciano;Medeiros;Luciano Medeiros
Sofia;Valente;Sofia Valente
Michele;Serafim;Michele Serafim
Kelly;Santos;Kelly Santos
Murilo;Serafim;Murilo Serafim
Mariana;Porto;Mariana Porto
Rafaela;Cardoso;Rafaela Cardoso
Carla;Holanda;Carla Holanda
Débora;Neves;Débora Neves
Davi;Castro;Davi Castro
Alexandre;Santos;Alexandre Santos
Roberta;Macedo;Roberta Macedo
Isabela;Santana;Isabela Santana
Lucas;Ribeiro;Lucas Ribeiro
Mateus;Estrela;Mateus Estrela
Kelly;Rocha;Kelly Rocha
Mateus;Seabra;Mateus Seabra
Murilo;Torres;Murilo Torres
Teresa;Bastos;Teresa Bastos
Rafaela;Pinto;Rafaela Pinto
Mateus;Mendonça;Mateus Mendonça
Letícia;Saraiva;Letícia Saraiva
Alan;Cardoso;Alan Cardoso
Douglas;Peixoto;Douglas Peixoto
Murilo;Holanda;Murilo Holanda
Isabela;Benevides;Isabela Benevides
Roberto;Lemos;Roberto Lemos
Sofia;Neves;Sofia Neves
Diego;Holanda;Diego Holanda
Adriana;Martins;Adriana Martins
Gabriela;Simões;Gabriela Simões
Tatiane;Xavier;Tatiane Xavier
Roberto;Marinho;Roberto Marinho
Aline;Medeiros;Aline Medeiros
Rodrigo;Barros;Rodrigo Barros
Cristiano;Macedo;Cristiano Macedo
Cláudia;Simões;Cláudia Simões
Érica;Vieira;Érica Vieira
Priscila;Rezende;Priscila Rezende
Hugo;Tavares;Hugo Tavares
Antônio;Martins;Antônio Martins
Érica;Fonseca;Érica Fonseca
Paula;Alves;Paula Alves
Vanessa;Aragão;Vanessa Aragão
Guilherme;Lemos;Guilherme Lemos
Bianca;Marinho;Bianca Marinho
Mônica;Rodrigues;Mônica Rodrigues
Rafael;Silva;Rafael Silva
Priscila;Viana;Priscila Viana
Fernanda;Teixeira;Fernanda Teixeira
Cecília;Batista;Cecília Batista
Wagner;Porto;Wagner Porto
Daniela;Figueiredo;Daniela Figueiredo
Roberta;Damasceno;Roberta Damasceno
João;Marinho;João Marinho
Ana;Teles;Ana Teles
Jaqueline;Santana;Jaqueline Santana
Alan;Barreto;Alan Barreto
Michele;Cardoso;Michele Cardoso
Jaqueline;Loureiro;Jaqueline Loureiro
Paulo;Magalhães;Paulo Magalhães
Carla;Monteiro;Carla Monteiro
Regina;Sampaio;Regina Sampaio
Roberta;Coelho;Roberta Coelho
José;Cunha;José Cunha
Ana;Mendonça;Ana Mendonça
Renato;Mesquita;Renato Mesquita
Marcelo;Peixoto;Marcelo Peixoto
Michele;Moraes;Michele Moraes
Thiago;Lemos;Thiago Lemos
Rafael;Araújo;Rafael Araújo
Camila;Bastos;Camila Bastos
Renata;Leitão;Renata Leitão
Patrícia;Azevedo;Patrícia Azevedo
José;Marinho;José Marinho
Mônica;Figueiredo;Mônica Figueiredo
Rodrigo;Loureiro;Rodrigo Loureiro
Lucas;Xavier;Lucas Xavier
Roberta;Leitão;Roberta Leitão
Vinícius;Macedo;Vinícius Macedo
Felipe;Santos;Felipe Santos
Wagner;Ribeiro;Wagner Ribeiro
Wagner;Costa;Wagner Costa
Paula;Rodrigues;Paula Rodrigues
Hugo;Leitão;Hugo Leitão
Rodrigo;Alves;Rodrigo Alves
Letícia;Porto;Letícia Porto
Alan;Loureiro;Alan Loureiro
Camila;Rangel;Camila Rangel
Hugo;Prado;Hugo Prado
Roberta;Teles;Roberta Teles
Elisângela;Freitas;Elisângela Freitas
Douglas;Ferreira;Douglas Ferreira
Nelson;Gouveia;Nelson Gouveia
Bruno;Siqueira;Bruno Siqueira
Márcia;Costa;Márcia Costa
Nilson;Nunes;Nilson Nunes
Douglas;Gomes;Douglas Gomes
Renata;Carvalho;Renata Carvalho
Eliane;Seabra;Eliane Seabra
Eduardo;Cardoso;Eduardo Cardoso
Roberto;Azevedo;Roberto Azevedo
Fábio;Holanda;Fábio Holanda
Simone;Pinto;Simone Pinto
Juliana;Santana;Juliana Santana
Teresa;Cardoso;Teresa Cardoso
Kelly;Estrela;Kelly Estrela
Paula;Estrela;Paula Estrela
Aline;Moreira;Aline Moreira
Leonardo;Pires;Leonardo Pires
Felipe;Correia;Felipe Correia
Luciana;Paiva;Luciana Paiva
Rosa;Batista;Rosa Batista
João;Braga;João Braga
Bruno;Duarte;Bruno Duarte
Michele;Sales;Michele Sales
Cláudia;Bezerra;Cláudia Bezerra
Sérgio;Macedo;Sérgio Macedo
Luciano;Santana;Luciano Santana
Daniela;Benevides;Daniela Benevides
Patrícia;Xavier;Patrícia Xavier
Joana;Pereira;Joana Pereira
Nilson;Gouveia;Nilson Gouveia
Felipe;Porto;Felipe Porto
Roberto;Freitas;Roberto Freitas
Bruna;Braga;Bruna Braga
Douglas;Moura;Douglas Moura
Lucas;Leitão;Lucas Leitão
Michele;Zago;Michele Zago
Cássio;Aragão;Cássio Aragão
Maria;Moreira;Maria Moreira
Nilson;Estrela;Nilson Estrela
Sofia;Pereira;Sofia Pereira
Letícia;Rezende;Letícia Rezende
Rafael;Pereira;Rafael Pereira
Bruna;Mesquita;Bruna Mesquita
Débora;Coutinho;Débora Coutinho
Nilson;Sampaio;Nilson Sampaio
Sofia;Torres;Sofia Torres
Jorge;Teixeira;Jorge Teixeira
Mônica;Teixeira;Mônica Teixeira
Murilo;Castro;Murilo Castro
Wallace;Torres;Wallace Torres
Rafaela;Alves;Rafaela Alves
João;Damasceno;João Damasceno
Mônica;Leitão;Mônica Leitão
Bruno;Loureiro;Bruno Loureiro
Gabriel;Rangel;Gabriel Rangel
Douglas;Holanda;Douglas Holanda
Jaqueline;Campos;Jaqueline Campos
Rafael;Assis;Rafael Assis
Vitor;Estrela;Vitor Estrela
Rodrigo;Coutinho;Rodrigo Coutinho
Mauro;Torres;Mauro Torres
Gustavo;Aragão;Gustavo Aragão
Wallace;Nunes;Wallace Nunes
Patrícia;Oliveira;Patrícia Oliveira
Álvaro;Guimarães;Álvaro Guimarães
Mateus;Batista;Mateus Batista
Nilson;Teixeira;Nilson Teixeira
Michele;França;Michele França
Pedro;Moreira;Pedro Moreira
Diego;Silva;Diego Silva
Aline;Nunes;Aline Nunes
Roberto;Zago;Roberto Zago
Roberto;Pedrosa;Roberto Pedrosa
Carla;Moura;Carla Moura
Paulo;Maia;Paulo Maia
Patrícia;Viana;Patrícia Viana
Silvio;Araújo;Silvio Araújo
André;Rocha;André Rocha
Luciano;Fonseca;Luciano Fonseca
Mauro;Correia;Mauro Correia
Elisângela;Moreira;Elisângela Moreira
Cláudia;Moraes;Cláudia Moraes
Diego;Aragão;Diego Aragão
Rodrigo;Quevedo;Rodrigo Quevedo
Diego;Ferreira;Diego Ferreira
Renato;Oliveira;Renato Oliveira
Vanessa;Campos;Vanessa Campos
Bianca;Neves;Bianca Neves
Vinícius;Moreira;Vinícius Moreira
Tatiane;Coelho;Tatiane Coelho
Luciana;Campos;Luciana Campos
Daniel;Braga;Daniel Braga
Eduardo;Bezerra;Eduardo Bezerra
Gabriela;Costa;Gabriela Costa
Sônia;Serafim;Sônia Serafim
Natália;Pires;Natália Pires
Rodrigo;Passos;Rodrigo Passos
Ana;Ribeiro;Ana Ribeiro
Thiago;Prado;Thiago Prado
Helena;Moreira;Helena Moreira
Mônica;França;Mônica França
Natália;Viana;Natália Viana
Nelson;Aragão;Nelson Aragão
Alexandre;Medeiros;Alexandre Medeiros
Kelly;Seabra;Kelly Seabra
Alan;Estrela;Alan Estrela
Wallace;Barros;Wallace Barros
Mauro;Passos;Mauro Passos
Helena;Cintra;Helena Cintra
Helena;Macedo;Helena Macedo
Larissa;Seabra;Larissa Seabra
Patrícia;Alves;Patrícia Alves
Rosa;Amorim;Rosa Amorim
Letícia;Benevides;Letícia Benevides
Ana;Vasconcelos;Ana Vasconcelos
Everton;Marinho;Everton Marinho
Sérgio;Melo;Sérgio Melo
Igor;França;Igor França
Elisângela;Rodrigues;Elisângela Rodrigues
Natália;Sampaio;Natália Sampaio
Simone;Cintra;Simone Cintra
Luciano;Leitão;Luciano Leitão
André;Peixoto;André Peixoto
Luciana;Teixeira;Luciana Teixeira
Eduardo;Rodrigues;Eduardo Rodrigues
Adriana;Rodrigues;Adriana Rodrigues
Priscila;Moura;Priscila Moura
Rafaela;Holanda;Rafaela Holanda
Isabela;Pereira;Isabela Pereira
Michele;Farias;Michele Farias
Henrique;Aragão;Henrique Aragão
Kelly;Benevides;Kelly Benevides
Sônia;Souza;Sônia Souza
Silvio;Torres;Silvio Torres
Igor;Damasceno;Igor Damasceno
Gabriel;Gouveia;Gabriel Gouveia
Simone;Bezerra;Simone Bezerra
Joana;Pires;Joana Pires
Regina;Ribeiro;Regina Ribeiro
Joana;Bastos;Joana Bastos
Fabiana;Medeiros;Fabiana Medeiros
Débora;Lemos;Débora Lemos
Priscila;Braga;Priscila Braga
Talita;Coutinho;Talita Coutinho
Helena;Costa;Helena Costa
Felipe;Castro;Felipe Castro
Alexandre;Rezende;Alexandre Rezende
Marcelo;Sampaio;Marcelo Sampaio
Ana;Barros;Ana Barros
Cristiane;Pereira;Cristiane Pereira
Álvaro;Sampaio;Álvaro Sampaio
Murilo;Medeiros;Murilo Medeiros
Douglas;Saraiva;Douglas Saraiva
Daniel;Leitão;Daniel Leitão
Sônia;Mesquita;Sônia Mesquita
Silvio;Gouveia;Silvio Gouveia
Flávia;Aragão;Flávia Aragão
Roberta;Pires;Roberta Pires
Gustavo;Paiva;Gustavo Paiva
Leonardo;Dorneles;Leonardo Dorneles
Rafael;Antunes;Rafael Antunes
Nilson;Carvalho;Nilson Carvalho
Joana;Correia;Joana Correia
Sofia;Paiva;Sofia Paiva
Fernanda;Carvalho;Fernanda Carvalho
Renato;Pires;Renato Pires
Cecília;Porto;Cecília Porto
Cássio;Alves;Cássio Alves
Talita;Mesquita;Talita Mesquita
Paula;Prado;Paula Prado
Sérgio;Barreto;Sérgio Barreto
Hugo;Pereira;Hugo Pereira
Priscila;Rangel;Priscila Rangel
Maria;Torres;Maria Torres
Thiago;Figueiredo;Thiago Figueiredo
Cláudia;Porto;Cláudia Porto
Lucas;Holanda;Lucas Holanda
Bruno;Barros;Bruno Barros
Priscila;Cintra;Priscila Cintra
Érica;Cunha;Érica Cunha
Wagner;Amorim;Wagner Amorim
Cecília;Holanda;Cecília Holanda
Gabriela;Fonseca;Gabriela Fonseca
Wallace;Vieira;Wallace Vieira
Elisângela;Carvalho;Elisângela Carvalho
Patrícia;Aragão;Patrícia Aragão
Patrícia;Assis;Patrícia Assis
Helena;Mendonça;Helena Mendonça
Simone;Cardoso;Simone Cardoso
Caio;Viana;Caio Viana
Leonardo;Costa;Leonardo Costa
Murilo;Cunha;Murilo Cunha
Rodrigo;Bastos;Rodrigo Bastos
Pedro;Zago;Pedro Zago
Natália;Mendonça;Natália Mendonça
Elisângela;Quevedo;Elisângela Quevedo
Simone;Magalhães;Simone Magalhães
Natália;Cunha;Natália Cunha
Mauro;Fonseca;Mauro Fonseca
Gabriel;Viana;Gabriel Viana
Vanessa;Amorim;Vanessa Amorim
Roberto;Ribeiro;Roberto Ribeiro
Sérgio;Magalhães;Sérgio Magalhães
Alexandre;Holanda;Alexandre Holanda
Jorge;Dorneles;Jorge Dorneles
Hugo;Medeiros;Hugo Medeiros
Juliana;Leitão;Juliana Leitão
Samuel;Santana;Samuel Santana
Fabiana;Antunes;Fabiana Antunes
Caio;Batista;Caio Batista
Bianca;Teles;Bianca Teles
Henrique;Ribeiro;Henrique Ribeiro
Roberto;Guimarães;Roberto Guimarães
Isabela;Cunha;Isabela Cunha
Talita;Silva;Talita Silva
Everton;Freitas;Everton Freitas
Eliane;Damasceno;Eliane Damasceno
Márcia;Azevedo;Márcia Azevedo
Douglas;Carvalho;Douglas Carvalho
Priscila;Damasceno;Priscila Damasceno
Elisângela;Braga;Elisângela Braga
Mônica;Magalhães;Mônica Magalhães
Teresa;Santos;Teresa Santos
Paula;Figueiredo;Paula Figueiredo
Michele;Torres;Michele Torres
Tatiane;Barros;Tatiane Barros
Natália;Assis;Natália Assis
Marcelo;Gomes;Marcelo Gomes
Vitor;Neves;Vitor Neves
Sônia;Campos;Sônia Campos
Cristiane;Rezende;Cristiane Rezende
Alan;Benevides;Alan Benevides
Débora;Pedrosa;Débora Pedrosa
Michele;Queiroz;Michele Queiroz
Cláudia;Valente;Cláudia Valente
Michele;Ribeiro;Michele Ribeiro
Jorge;Melo;Jorge Melo
Luciana;Loureiro;Luciana Loureiro
Rafaela;Correia;Rafaela Correia
Camila;Cintra;Camila Cintra
Gustavo;Queiroz;Gustavo Queiroz
Cristiane;Dias;Cristiane Dias
Helena;Moura;Helena Moura
Wagner;Cardoso;Wagner Cardoso
Eliane;França;Eliane França
Regina;Simões;Regina Simões
Lucas;Lima;Lucas Lima
Gabriela;Mendonça;Gabriela Mendonça
Márcia;Porto;Márcia Porto
Kelly;Pinto;Kelly Pinto
Murilo;Cintra;Murilo Cintra
Luciano;Bastos;Luciano Bastos
Fernanda;Zago;Fernanda Zago
Murilo;Estrela;Murilo Estrela
Camila;Seabra;Camila Seabra
Igor;Correia;Igor Correia
Fernanda;Sales;Fernanda Sales
Bruna;Magalhães;Bruna Magalhães
Igor;Peixoto;Igor Peixoto
Patrícia;Nunes;Patrícia Nunes
Gustavo;Teles;Gustavo Teles
Nilson;Sales;Nilson Sales
Cássio;Farias;Cássio Farias
Gabriel;Rezende;Gabriel Rezende
Simone;Amorim;Simone Amorim
Rafaela;Torres;Rafaela Torres
Elisângela;Campos;Elisângela Campos
Alan;Souza;Alan Souza
André;Antunes;André Antunes
Juliana;Melo;Juliana Melo
Wallace;Aragão;Wallace Aragão
Aline;Cardoso;Aline Cardoso
Carla;Lemos;Carla Lemos
Sérgio;Holanda;Sérgio Holanda
Antônio;Holanda;Antônio Holanda
Samuel;Cintra;Samuel Cintra
Paula;Coelho;Paula Coelho
Samuel;Rezende;Samuel Rezende
Patrícia;Braga;Patrícia Braga
Adriana;Maia;Adriana Maia
Alan;Passos;Alan Passos
Elisângela;Saraiva;Elisângela Saraiva
Flávia;Brito;Flávia Brito
Maria;Saraiva;Maria Saraiva
Gabriel;Brito;Gabriel Brito
Débora;Passos;Débora Passos
Ana;Tavares;Ana Tavares
Caio;Lima;Caio Lima
Camila;Aragão;Camila Aragão
Mariana;Lemos;Mariana Lemos
Fabiana;Prado;Fabiana Prado
Talita;Sales;Talita Sales
Mônica;Ribeiro;Mônica Ribeiro
Murilo;Maia;Murilo Maia
Samuel;Estrela;Samuel Estrela
Sônia;Pereira;Sônia Pereira
Rafael;Farias;Rafael Farias
Alexandre;Moraes;Alexandre Moraes
Paulo;Duarte;Paulo Duarte
Gabriel;Castro;Gabriel Castro
Teresa;Zago;Teresa Zago
Mariana;Seabra;Mariana Seabra
Elisângela;Alves;Elisângela Alves
Roberto;Braga;Roberto Braga
Priscila;Holanda;Priscila Holanda
Gabriel;Cardoso;Gabriel Cardoso
Pedro;Correia;Pedro Correia
Larissa;Macedo;Larissa Macedo
Cláudia;Aragão;Cláudia Aragão
Eduardo;Lima;Eduardo Lima
Cecília;Teixeira;Cecília Teixeira
Nilson;Coelho;Nilson Coelho
Isabela;Oliveira;Isabela Oliveira
Luciano;Simões;Luciano Simões
Wagner;Aragão;Wagner Aragão
Mariana;Prado;Mariana Prado
Eliane;Ribeiro;Eliane Ribeiro
Cláudia;Quevedo;Cláudia Quevedo
Isabela;Rodrigues;Isabela Rodrigues
Débora;Dorneles;Débora Dorneles
Alan;Sales;Alan Sales
Ana;Cardoso;Ana Cardoso
Bruna;Zago;Bruna Zago
Gabriel;Mendonça;Gabriel Mendonça
Bruna;Rodrigues;Bruna Rodrigues
Isabela;Gomes;Isabela Gomes
Gustavo;Loureiro;Gustavo Loureiro
Daniel;Barros;Daniel Barros
Guilherme;Queiroz;Guilherme Queiroz
Fernanda;Lemos;Fernanda Lemos
Flávia;Azevedo;Flávia Azevedo
Roberto;Damasceno;Roberto Damasceno
Álvaro;Bezerra;Álvaro Bezerra
Thiago;Paiva;Thiago Paiva
Paulo;Gouveia;Paulo Gouveia
Marcelo;Marinho;Marcelo Marinho
Murilo;Silva;Murilo Silva
Sofia;Saraiva;Sofia Saraiva
Luciano;Peixoto;Luciano Peixoto
Gustavo;Castro;Gustavo Castro
Murilo;Guimarães;Murilo Guimarães
Rafael;Oliveira;Rafael Oliveira
Juliana;Rodrigues;Juliana Rodrigues
José;Dorneles;José Dorneles
Lucas;Santos;Lucas Santos
Letícia;Fonseca;Letícia Fonseca
Cristiano;Dias;Cristiano Dias
Vanessa;Pedrosa;Vanessa Pedrosa
Tatiane;Barreto;Tatiane Barreto
Fernanda;Coutinho;Fernanda Coutinho
Maria;Marinho;Maria Marinho
Roberta;Valente;Roberta Valente
Kelly;Macedo;Kelly Macedo
Talita;Monteiro;Talita Monteiro
Pedro;Cintra;Pedro Cintra
Regina;Campos;Regina Campos
Luciana;Martins;Luciana Martins
Diego;Barros;Diego Barros
Luciana;Sales;Luciana Sales
Álvaro;Melo;Álvaro Melo
Lucas;Barreto;Lucas Barreto
Gabriela;Rezende;Gabriela Rezende
Alexandre;Cintra;Alexandre Cintra
João;Serafim;João Serafim
Luciana;Amorim;Luciana Amorim
Guilherme;Freitas;Guilherme Freitas
Cristiane;Santana;Cristiane Santana
Sérgio;Alves;Sérgio Alves
Regina;Bezerra;Regina Bezerra
Rafaela;Farias;Rafaela Farias
Roberta;Pedrosa;Roberta Pedrosa
Igor;Rezende;Igor Rezende
Joana;Simões;Joana Simões
Paula;Valente;Paula Valente
Renato;Barros;Renato Barros
Natália;Oliveira;Natália Oliveira
Samuel;Costa;Samuel Costa
Bruno;Carvalho;Bruno Carvalho
Paulo;Medeiros;Paulo Medeiros
Cristiane;Valente;Cristiane Valente
Rafaela;Nunes;Rafaela Nunes
Rafael;Xavier;Rafael Xavier
Osmar;Marinho;Osmar Marinho
Rodrigo;Fonseca;Rodrigo Fonseca
Rodrigo;Sampaio;Rodrigo Sampaio
Aline;Oliveira;Aline Oliveira
Guilherme;Araújo;Guilherme Araújo
Murilo;Azevedo;Murilo Azevedo
Daniel;Lima;Daniel Lima
Davi;Dias;Davi Dias
Sônia;Monteiro;Sônia Monteiro
Vitor;Oliveira;Vitor Oliveira
Guilherme;Medeiros;Guilherme Medeiros
Roberto;Mascarenhas;Roberto Mascarenhas
Roberto;Coutinho;Roberto Coutinho
Everton;Neves;Everton Neves
Bruna;Azevedo;Bruna Azevedo
Flávia;Bezerra;Flávia Bezerra
Eliane;Moura;Eliane Moura
Rodrigo;Xavier;Rodrigo Xavier
Felipe;Assis;Felipe Assis
Cristiane;Magalhães;Cristiane Magalhães
Luciano;Coelho;Luciano Coelho
Michele;Viana;Michele Viana
Diego;França;Diego França
José;Damasceno;José Damasceno
Vinícius;Dorneles;Vinícius Dorneles
Nelson;Vieira;Nelson Vieira
Jorge;Guimarães;Jorge Guimarães
Cristiane;Serafim;Cristiane Serafim
Lucas;Passos;Lucas Passos
Vanessa;Seabra;Vanessa Seabra
Eliane;Mascarenhas;Eliane Mascarenhas
Letícia;Amorim;Letícia Amorim
Alan;Quevedo;Alan Quevedo
Sônia;Cardoso;Sônia Cardoso
Álvaro;Gouveia;Álvaro Gouveia
João;Benevides;João Benevides
Mariana;Aragão;Mariana Aragão
Gabriela;Ribeiro;Gabriela Ribeiro
Bianca;Barreto;Bianca Barreto
Cristiano;Bastos;Cristiano Bastos
Cláudia;Serafim;Cláudia Serafim
Gabriela;Bastos;Gabriela Bastos
Vinícius;Santana;Vinícius Santana
Silvio;Amorim;Silvio Amorim
Fernanda;Aragão;Fernanda Aragão
José;Monteiro;José Monteiro
Juliana;Guimarães;Juliana Guimarães
Talita;Castro;Talita Castro
Caio;Melo;Caio Melo
Tatiane;Bezerra;Tatiane Bezerra
Leonardo;Passos;Leonardo Passos
Samuel;Barros;Samuel Barros
Roberto;Tavares;Roberto Tavares
Bruna;Rezende;Bruna Rezende
Márcia;Torres;Márcia Torres
Cássio;Coelho;Cássio Coelho
Caio;Freitas;Caio Freitas
Wagner;Pinto;Wagner Pinto
Leonardo;Moura;Leonardo Moura
Paula;Dorneles;Paula Dorneles
João;Loureiro;João Loureiro
Luciana;Prado;Luciana Prado
Guilherme;Santos;Guilherme Santos
Lucas;Sampaio;Lucas Sampaio
Rafael;Leitão;Rafael Leitão
Guilherme;Mascarenhas;Guilherme Mascarenhas
Samuel;Pereira;Samuel Pereira
Hugo;Mascarenhas;Hugo Mascarenhas
Márcia;Santos;Márcia Santos
Mateus;Maia;Mateus Maia
Álvaro;Magalhães;Álvaro Magalhães
Talita;Moraes;Talita Moraes
Renata;Antunes;Renata Antunes
Samuel;Sales;Samuel Sales
Joana;Siqueira;Joana Siqueira
Nilson;Alves;Nilson Alves
Marcelo;Brito;Marcelo Brito
Nelson;Araújo;Nelson Araújo
Larissa;Maia;Larissa Maia
Letícia;Xavier;Letícia Xavier
Diego;Guimarães;Diego Guimarães
Luciana;Costa;Luciana Costa
Antônio;Pires;Antônio Pires
Mônica;Azevedo;Mônica Azevedo
Teresa;Mascarenhas;Teresa Mascarenhas
Felipe;Duarte;Felipe Duarte
Kelly;Azevedo;Kelly Azevedo
Everton;Loureiro;Everton Loureiro
Marcelo;Costa;Marcelo Costa
Carlos;Nunes;Carlos Nunes
Gabriela;Aragão;Gabriela Aragão
Priscila;Saraiva;Priscila Saraiva
Flávia;Coelho;Flávia Coelho
Luciano;Holanda;Luciano Holanda
Gabriel;Fonseca;Gabriel Fonseca
Mauro;Lemos;Mauro Lemos
Bruno;Nunes;Bruno Nunes
Henrique;Carvalho;Henrique Carvalho
Regina;Lemos;Regina Lemos
Roberta;Queiroz;Roberta Queiroz
Antônio;Moura;Antônio Moura
Joana;Holanda;Joana Holanda
Fabiana;Peixoto;Fabiana Peixoto
Carla;Teles;Carla Teles
Tatiane;Barros;Tatiane Barros
Carla;Martins;Carla Martins
Henrique;Estrela;Henrique Estrela
Álvaro;Lemos;Álvaro Lemos
Igor;Dorneles;Igor Dorneles
André;Santos;André Santos
Nelson;Rangel;Nelson Rangel
Adriana;Holanda;Adriana Holanda
Márcia;Benevides;Márcia Benevides
Flávia;Carvalho;Flávia Carvalho
Mônica;Prado;Mônica Prado
Maria;Azevedo;Maria Azevedo
Silvio;Viana;Silvio Viana
Antônio;Figueiredo;Antônio Figueiredo
Juliana;Barros;Juliana Barros
Simone;Benevides;Simone Benevides
Fabiana;Alves;Fabiana Alves
Caio;Alves;Caio Alves
Daniela;Rodrigues;Daniela Rodrigues
Daniela;Viana;Daniela Viana
Cristiane;Vieira;Cristiane Vieira
Maria;Fonseca;Maria Fonseca
Everton;Farias;Everton Farias
Tatiane;Ribeiro;Tatiane Ribeiro
Thiago;Fonseca;Thiago Fonseca
Paula;Antunes;Paula Antunes
Adriana;Bezerra;Adriana Bezerra
Rafael;Amorim;Rafael Amorim
Silvio;Rangel;Silvio Rangel
Maria;Valente;Maria Valente
Henrique;Dias;Henrique Dias
Guilherme;Paiva;Guilherme Paiva
Silvio;Moura;Silvio Moura
Murilo;Seabra;Murilo Seabra
Aline;Pedrosa;Aline Pedrosa
Fabiana;Viana;Fabiana Viana
Cláudia;Neves;Cláudia Neves
Natália;Santana;Natália Santana
Marcelo;Silva;Marcelo Silva
Letícia;Pires;Letícia Pires
Marcelo;Antunes;Marcelo Antunes
Wallace;Saraiva;Wallace Saraiva
Daniela;Ferreira;Daniela Ferreira
Mariana;Medeiros;Mariana Medeiros
Guilherme;Viana;Guilherme Viana
Rafael;Gouveia;Rafael Gouveia
Adriana;Medeiros;Adriana Medeiros
Gabriel;Prado;Gabriel Prado
José;Prado;José Prado
Letícia;Holanda;Letícia Holanda
Felipe;Rezende;Felipe Rezende
Nilson;Brito;Nilson Brito
Tatiane;Maia;Tatiane Maia
Mariana;Araújo;Mariana Araújo
Caio;Santana;Caio Santana
Joana;Dias;Joana Dias
Marcelo;Braga;Marcelo Braga
Renato;Braga;Renato Braga
Camila;Queiroz;Camila Queiroz
Michele;Correia;Michele Correia
Teresa;Carvalho;Teresa Carvalho
João;Bezerra;João Bezerra
Cristiano;Moreira;Cristiano Moreira
Igor;Farias;Igor Farias
Wagner;Prado;Wagner Prado
Felipe;Rocha;Felipe Rocha
Luciana;Rodrigues;Luciana Rodrigues
José;Loureiro;José Loureiro
Rosa;Pereira;Rosa Pereira
Igor;Cintra;Igor Cintra
Juliana;Porto;Juliana Porto
Everton;Lemos;Everton Lemos
Sérgio;Barros;Sérgio Barros
Fábio;Sampaio;Fábio Sampaio
Mônica;Torres;Mônica Torres
Talita;Lima;Talita Lima
Mônica;Mascarenhas;Mônica Mascarenhas
André;Barreto;André Barreto
Samuel;Cardoso;Samuel Cardoso
Daniela;Marinho;Daniela Marinho
Diego;Barreto;Diego Barreto
Cecília;Serafim;Cecília Serafim
Gabriel;Xavier;Gabriel Xavier
Simone;Moraes;Simone Moraes
Hugo;Saraiva;Hugo Saraiva
André;Cardoso;André Cardoso
Daniel;Vieira;Daniel Vieira
Wagner;Farias;Wagner Farias
Igor;Moreira;Igor Moreira
Henrique;Teles;Henrique Teles
Sônia;Assis;Sônia Assis
Alexandre;Quevedo;Alexandre Quevedo
Nelson;Estrela;Nelson Estrela
Vanessa;Cardoso;Vanessa Cardoso
Isabela;Dorneles;Isabela Dorneles
Felipe;Marinho;Felipe Marinho
Renato;Porto;Renato Porto
Mônica;Pinto;Mônica Pinto
Teresa;Costa;Teresa Costa
Gabriela;Assis;Gabriela Assis
Pedro;Pereira;Pedro Pereira
Jaqueline;Lemos;Jaqueline Lemos
Talita;Zago;Talita Zago
Vitor;Moraes;Vitor Moraes
Guilherme;Gouveia;Guilherme Gouveia
Fabiana;Assis;Fabiana Assis
Cristiane;Moraes;Cristiane Moraes
Michele;Lima;Michele Lima
Talita;Braga;Talita Braga
Álvaro;Medeiros;Álvaro Medeiros
Vinícius;Valente;Vinícius Valente
Gabriel;Melo;Gabriel Melo
Joana;Melo;Joana Melo
Aline;Xavier;Aline Xavier
Igor;Marinho;Igor Marinho
Carla;Ferreira;Carla Ferreira
Isabela;Pedrosa;Isabela Pedrosa
Mariana;Cardoso;Mariana Cardoso
Patrícia;Cardoso;Patrícia Cardoso
Vanessa;Cintra;Vanessa Cintra
Felipe;Macedo;Felipe Macedo
Eliane;Santos;Eliane Santos
Guilherme;Braga;Guilherme Braga
Flávia;Costa;Flávia Costa
Osmar;Porto;Osmar Porto
Camila;Sampaio;Camila Sampaio
Juliana;Dias;Juliana Dias
André;Fonseca;André Fonseca
Rodrigo;Melo;Rodrigo Melo
Pedro;Barros;Pedro Barros
Everton;Carvalho;Everton Carvalho
Rafael;Souza;Rafael Souza
Luciana;Braga;Luciana Braga
Helena;Dias;Helena Dias
Eliane;Sampaio;Eliane Sampaio
Ana;Aragão;Ana Aragão
Leonardo;Peixoto;Leonardo Peixoto
Caio;Amorim;Caio Amorim
Paula;Passos;Paula Passos
Michele;Pinto;Michele Pinto
Mateus;Lima;Mateus Lima
Rafaela;Azevedo;Rafaela Azevedo
Cristiano;Gouveia;Cristiano Gouveia
Fábio;Vieira;Fábio Vieira
Fernanda;Quevedo;Fernanda Quevedo
Fernanda;Pinto;Fernanda Pinto
Samuel;Serafim;Samuel Serafim
Mateus;Neves;Mateus Neves
Talita;Moura;Talita Moura
Mateus;Medeiros;Mateus Medeiros
Cristiano;Vieira;Cristiano Vieira
Sônia;Sales;Sônia Sales
Aline;Correia;Aline Correia
Bruno;Simões;Bruno Simões
Rodrigo;Gomes;Rodrigo Gomes
Vitor;Mesquita;Vitor Mesquita
André;Lemos;André Lemos
Eduardo;Leitão;Eduardo Leitão
Douglas;Assis;Douglas Assis
Lucas;Correia;Lucas Correia
Vitor;Fonseca;Vitor Fonseca
Rafaela;Pires;Rafaela Pires
Maria;Mendonça;Maria Mendonça
Carlos;Correia;Carlos Correia
Sônia;Freitas;Sônia Freitas
Lucas;Cunha;Lucas Cunha
Guilherme;Vieira;Guilherme Vieira
Diego;Alves;Diego Alves
Murilo;Simões;Murilo Simões
Silvio;Souza;Silvio Souza
Eduardo;Barros;Eduardo Barros
Jaqueline;Carvalho;Jaqueline Carvalho
Aline;Moraes;Aline Moraes
Rafaela;Figueiredo;Rafaela Figueiredo
Leonardo;Santos;Leonardo Santos
Flávia;Oliveira;Flávia Oliveira
Nilson;Neves;Nilson Neves
Carla;Gomes;Carla Gomes
Samuel;Rocha;Samuel Rocha
Alexandre;Siqueira;Alexandre Siqueira
Rosa;Serafim;Rosa Serafim
Natália;Quevedo;Natália Quevedo
Priscila;Serafim;Priscila Serafim
Henrique;Neves;Henrique Neves
Rodrigo;Magalhães;Rodrigo Magalhães
Alan;Sampaio;Alan Sampaio
Cássio;Cunha;Cássio Cunha
Débora;Magalhães;Débora Magalhães
Mauro;Queiroz;Mauro Queiroz
Pedro;Estrela;Pedro Estrela
Bruna;Medeiros;Bruna Medeiros
Roberta;Porto;Roberta Porto
Wallace;Viana;Wallace Viana
Priscila;Vasconcelos;Priscila Vasconcelos
Carla;Pires;Carla Pires
Everton;Barreto;Everton Barreto
Igor;Amorim;Igor Amorim
Renata;Mascarenhas;Renata Mascarenhas
Igor;Carvalho;Igor Carvalho
Renato;Assis;Renato Assis
Sérgio;Ribeiro;Sérgio Ribeiro
Luciano;Magalhães;Luciano Magalhães
Priscila;Passos;Priscila Passos
Jaqueline;Vasconcelos;Jaqueline Vasconcelos
Carlos;Sampaio;Carlos Sampaio
Luciana;Saraiva;Luciana Saraiva
Ana;Neves;Ana Neves
Leonardo;Assis;Leonardo Assis
Eduardo;Duarte;Eduardo Duarte
Cristiane;Macedo;Cristiane Macedo
Letícia;Campos;Letícia Campos
Luciano;Nunes;Luciano Nunes
Henrique;Lemos;Henrique Lemos
Roberta;Estrela;Roberta Estrela
Paulo;Freitas;Paulo Freitas
Wallace;Xavier;Wallace Xavier
Paula;Saraiva;Paula Saraiva
Carlos;Souza;Carlos Souza
Carlos;Mesquita;Carlos Mesquita
Roberta;Torres;Roberta Torres
Bruna;Gomes;Bruna Gomes
Sofia;Leitão;Sofia Leitão
Fábio;Ribeiro;Fábio Ribeiro
Mônica;Damasceno;Mônica Damasceno
Paula;Lima;Paula Lima
Joana;Porto;Joana Porto
Douglas;Medeiros;Douglas Medeiros
Daniela;Mendonça;Daniela Mendonça
Vitor;Rangel;Vitor Rangel
Larissa;Rodrigues;Larissa Rodrigues
Patrícia;Dias;Patrícia Dias
Wagner;Barros;Wagner Barros
Everton;Barros;Everton Barros
Márcia;Figueiredo;Márcia Figueiredo
Sérgio;Martins;Sérgio Martins
Regina;Freitas;Regina Freitas
Regina;Peixoto;Regina Peixoto
Alan;Moraes;Alan Moraes
Helena;Siqueira;Helena Siqueira
Fábio;Bezerra;Fábio Bezerra
Paulo;Teixeira;Paulo Teixeira
Débora;Simões;Débora Simões
Douglas;Mascarenhas;Douglas Mascarenhas
Álvaro;Oliveira;Álvaro Oliveira
Sofia;Oliveira;Sofia Oliveira
Débora;Vieira;Débora Vieira
Mateus;Barros;Mateus Barros
Wagner;Silva;Wagner Silva
Eduardo;Ribeiro;Eduardo Ribeiro
Alexandre;Santana;Alexandre Santana
Wallace;Lima;Wallace Lima
Leonardo;Torres;Leonardo Torres
Sérgio;Pedrosa;Sérgio Pedrosa
Isabela;Antunes;Isabela Antunes
Igor;Cunha;Igor Cunha
Murilo;Mesquita;Murilo Mesquita
Diego;Gomes;Diego Gomes
Mauro;Ribeiro;Mauro Ribeiro
Rosa;Silva;Rosa Silva
Sônia;Rangel;Sônia Rangel
Ana;Rangel;Ana Rangel
Pedro;Holanda;Pedro Holanda
Jaqueline;Costa;Jaqueline Costa
Rosa;Nunes;Rosa Nunes
Sérgio;Pereira;Sérgio Pereira
Luciana;Santana;Luciana Santana
Jaqueline;Zago;Jaqueline Zago
Débora;Quevedo;Débora Quevedo
Carlos;Batista;Carlos Batista
Cássio;Xavier;Cássio Xavier
Gustavo;Rodrigues;Gustavo Rodrigues
Regina;Torres;Regina Torres
Fabiana;Pinto;Fabiana Pinto
Regina;Coelho;Regina Coelho
Tatiane;Simões;Tatiane Simões
Cristiano;Gomes;Cristiano Gomes
Lucas;Prado;Lucas Prado
Paula;Macedo;Paula Macedo
Gabriel;Passos;Gabriel Passos
Michele;Barros;Michele Barros
Fábio;Ferreira;Fábio Ferreira
Helena;Coutinho;Helena Coutinho
Mônica;Bezerra;Mônica Bezerra
Letícia;Monteiro;Letícia Monteiro
Cristiano;Xavier;Cristiano Xavier
Débora;Mendonça;Débora Mendonça
Daniela;Martins;Daniela Martins
Simone;Moreira;Simone Moreira
Henrique;Costa;Henrique Costa
Igor;Dias;Igor Dias
Marcelo;Teixeira;Marcelo Teixeira
Tatiane;Teixeira;Tatiane Teixeira
Fábio;Magalhães;Fábio Magalhães
Mariana;Torres;Mariana Torres
Gustavo;Pedrosa;Gustavo Pedrosa
Sérgio;Rodrigues;Sérgio Rodrigues
Bianca;Medeiros;Bianca Medeiros
Helena;Souza;Helena Souza
Bianca;Batista;Bianca Batista
Rafaela;Valente;Rafaela Valente
Mauro;Martins;Mauro Martins
Renata;Damasceno;Renata Damasceno
Mauro;Campos;Mauro Campos
Rafaela;Sales;Rafaela Sales
Paulo;Moreira;Paulo Moreira
Cláudia;Coutinho;Cláudia Coutinho
Elisângela;Zago;Elisângela Zago
Daniela;Gomes;Daniela Gomes
Caio;Magalhães;Caio Magalhães
Roberto;Rangel;Roberto Rangel
Priscila;Quevedo;Priscila Quevedo
Eduardo;Ferreira;Eduardo Ferreira
Douglas;Vieira;Douglas Vieira
Flávia;Prado;Flávia Prado
Osmar;Paiva;Osmar Paiva
Thiago;Coelho;Thiago Coelho
Rafaela;Saraiva;Rafaela Saraiva
Juliana;Teixeira;Juliana Teixeira
Juliana;Siqueira;Juliana Siqueira
Osmar;Silva;Osmar Silva
Leonardo;Seabra;Leonardo Seabra
João;Pedrosa;João Pedrosa
Aline;Holanda;Aline Holanda
Marcelo;Estrela;Marcelo Estrela
Wagner;Rocha;Wagner Rocha
Tatiane;Melo;Tatiane Melo
Talita;Neves;Talita Neves
Vitor;Cunha;Vitor Cunha
Mônica;Viana;Mônica Viana
Cássio;Castro;Cássio Castro
Douglas;Porto;Douglas Porto
Wallace;Correia;Wallace Correia
Patrícia;Mendonça;Patrícia Mendonça
Letícia;Ferreira;Letícia Ferreira
Renata;Zago;Renata Zago
Álvaro;Seabra;Álvaro Seabra
Mateus;Serafim;Mateus Serafim
Kelly;Teles;Kelly Teles
Sônia;Bezerra;Sônia Bezerra
Fernanda;Loureiro;Fernanda Loureiro
Natália;Lima;Natália Lima
Everton;Bastos;Everton Bastos
Sofia;Zago;Sofia Zago
Gustavo;Gouveia;Gustavo Gouveia
Elisângela;Holanda;Elisângela Holanda
Cássio;Rocha;Cássio Rocha
Everton;Cunha;Everton Cunha
Érica;Bezerra;Érica Bezerra
Mauro;Brito;Mauro Brito
Elisângela;Araújo;Elisângela Araújo
Daniela;Guimarães;Daniela Guimarães
Davi;Torres;Davi Torres
Priscila;Tavares;Priscila Tavares
Hugo;Brito;Hugo Brito
Eliane;Cardoso;Eliane Cardoso
Silvio;Pedrosa;Silvio Pedrosa
Cristiano;Cintra;Cristiano Cintra
Isabela;Alves;Isabela Alves
Tatiane;Monteiro;Tatiane Monteiro
Ana;Cunha;Ana Cunha
Caio;Vieira;Caio Vieira
Lucas;Saraiva;Lucas Saraiva
Thiago;Sampaio;Thiago Sampaio
Leonardo;Farias;Leonardo Farias
Cristiane;Castro;Cristiane Castro
João;Lima;João Lima
Wallace;Porto;Wallace Porto
Simone;Araújo;Simone Araújo
Gabriela;Quevedo;Gabriela Quevedo
Rafael;Ribeiro;Rafael Ribeiro
Jorge;Carvalho;Jorge Carvalho
Guilherme;França;Guilherme França
Wagner;Dias;Wagner Dias
Cláudia;Seabra;Cláudia Seabra
Vinícius;Antunes;Vinícius Antunes
Cássio;Monteiro;Cássio Monteiro
Daniel;Mascarenhas;Daniel Mascarenhas
Alexandre;Braga;Alexandre Braga
Roberto;Barros;Roberto Barros
Flávia;Pedrosa;Flávia Pedrosa
Cecília;Vasconcelos;Cecília Vasconcelos
Adriana;Ribeiro;Adriana Ribeiro
Everton;Braga;Everton Braga
Paula;Cardoso;Paula Cardoso
Mauro;Santos;Mauro Santos
Lucas;Barros;Lucas Barros
Márcia;Holanda;Márcia Holanda
Fábio;Barros;Fábio Barros
Aline;Rangel;Aline Rangel
Diego;Rezende;Diego Rezende
Osmar;Costa;Osmar Costa
Talita;Batista;Talita Batista
Mariana;Ferreira;Mariana Ferreira
Cecília;Lima;Cecília Lima
Paulo;Barros;Paulo Barros
Sofia;Figueiredo;Sofia Figueiredo
Gabriel;Quevedo;Gabriel Quevedo
Cássio;Siqueira;Cássio Siqueira
Fábio;Estrela;Fábio Estrela
Gabriel;Pires;Gabriel Pires
Márcia;Mascarenhas;Márcia Mascarenhas
Samuel;Oliveira;Samuel Oliveira
Gabriela;Nunes;Gabriela Nunes
Renato;Antunes;Renato Antunes
Daniel;Santos;Daniel Santos
Pedro;França;Pedro França
Gustavo;Rezende;Gustavo Rezende
Letícia;Maia;Letícia Maia
Talita;Barros;Talita Barros
Lucas;Sales;Lucas Sales
Priscila;Gouveia;Priscila Gouveia
Maria;Guimarães;Maria Guimarães
Larissa;Loureiro;Larissa Loureiro
Samuel;Pedrosa;Samuel Pedrosa
Hugo;Rangel;Hugo Rangel
Tatiane;Farias;Tatiane Farias
Luciano;Amorim;Luciano Amorim
Tatiane;Neves;Tatiane Neves
Mateus;Pinto;Mateus Pinto
Wagner;Simões;Wagner Simões
Wallace;Seabra;Wallace Seabra
Osmar;Aragão;Osmar Aragão
Daniel;Zago;Daniel Zago
Alexandre;Freitas;Alexandre Freitas
Rafael;Rangel;Rafael Rangel
Tatiane;Paiva;Tatiane Paiva
Michele;Rangel;Michele Rangel
Bruno;Araújo;Bruno Araújo
Maria;Neves;Maria Neves
Eliane;Estrela;Eliane Estrela
Diego;Neves;Diego Neves
Tatiane;Cardoso;Tatiane Cardoso
Renato;Monteiro;Renato Monteiro
Jaqueline;Gouveia;Jaqueline Gouveia
Cristiano;Ferreira;Cristiano Ferreira
Cecília;Quevedo;Cecília Quevedo
Luciano;Melo;Luciano Melo
Fabiana;Moura;Fabiana Moura
Renata;Mesquita;Renata Mesquita
Roberto;Simões;Roberto Simões
Luciano;Rezende;Luciano Rezende
Sônia;Pinto;Sônia Pinto
Henrique;Holanda;Henrique Holanda
Rodrigo;Farias;Rodrigo Farias
Thiago;Campos;Thiago Campos
Daniel;Cardoso;Daniel Cardoso
Pedro;Rezende;Pedro Rezende
Álvaro;Peixoto;Álvaro Peixoto
Marcelo;Moraes;Marcelo Moraes
Vitor;Amorim;Vitor Amorim
Regina;Pinto;Regina Pinto
Cecília;Xavier;Cecília Xavier
João;Porto;João Porto
Diego;Coutinho;Diego Coutinho
Mônica;Coelho;Mônica Coelho
Simone;Estrela;Simone Estrela
Nelson;Santos;Nelson Santos
Caio;Moraes;Caio Moraes
Joana;Valente;Joana Valente
Elisângela;Tavares;Elisângela Tavares
Fabiana;Farias;Fabiana Farias
Rafael;Santana;Rafael Santana
Eduardo;Monteiro;Eduardo Monteiro
Samuel;Rangel;Samuel Rangel
Davi;Serafim;Davi Serafim
Igor;Batista;Igor Batista
Jorge;Siqueira;Jorge Siqueira
Paula;Barreto;Paula Barreto
Teresa;Rezende;Teresa Rezende
Sônia;Lemos;Sônia Lemos
Bruno;Valente;Bruno Valente
Daniela;Assis;Daniela Assis
Patrícia;Cintra;Patrícia Cintra
Lucas;Pedrosa;Lucas Pedrosa
Cecília;Pires;Cecília Pires
Wallace;Silva;Wallace Silva
Fernanda;Pereira;Fernanda Pereira
Renato;Sampaio;Renato Sampaio
Maria;Braga;Maria Braga
Regina;Lima;Regina Lima
André;Lima;André Lima
Cássio;Porto;Cássio Porto
Wagner;Guimarães;Wagner Guimarães
Fabiana;Neves;Fabiana Neves
João;Dorneles;João Dorneles
Rafaela;Cintra;Rafaela Cintra
Álvaro;Amorim;Álvaro Amorim
Cláudia;Bastos;Cláudia Bastos
Jaqueline;Teixeira;Jaqueline Teixeira
Pedro;Barros;Pedro Barros
Vitor;Paiva;Vitor Paiva
Bruna;Torres;Bruna Torres
Renata;Seabra;Renata Seabra
Caio;Loureiro;Caio Loureiro
Mônica;Barros;Mônica Barros
Gabriela;Dorneles;Gabriela Dorneles
Tatiane;Vasconcelos;Tatiane Vasconcelos
Mateus;Holanda;Mateus Holanda
Sofia;Coutinho;Sofia Coutinho
Vanessa;Paiva;Vanessa Paiva
Teresa;Rangel;Teresa Rangel
Álvaro;Paiva;Álvaro Paiva
Priscila;Coelho;Priscila Coelho
Mônica;Moura;Mônica Moura
Mônica;Costa;Mônica Costa
Eduardo;Rezende;Eduardo Rezende
Fábio;Torres;Fábio Torres
Rosa;Marinho;Rosa Marinho
Maria;Pires;Maria Pires
Joana;Neves;Joana Neves
Fernanda;Coelho;Fernanda Coelho
Wagner;Coelho;Wagner Coelho
Kelly;Silva;Kelly Silva
Talita;Saraiva;Talita Saraiva
Rafaela;Martins;Rafaela Martins
Bruna;Costa;Bruna Costa
Davi;Simões;Davi Simões
Natália;Mascarenhas;Natália Mascarenhas
Carla;Xavier;Carla Xavier
Mariana;Pedrosa;Mariana Pedrosa
Davi;Alves;Davi Alves
Isabela;Serafim;Isabela Serafim
Tatiane;Damasceno;Tatiane Damasceno
Aline;França;Aline França
Ana;Campos;Ana Campos
Isabela;Sampaio;Isabela Sampaio
Márcia;Guimarães;Márcia Guimarães
Caio;Peixoto;Caio Peixoto
Helena;Mesquita;Helena Mesquita
Tatiane;Siqueira;Tatiane Siqueira
Débora;Lima;Débora Lima
Paulo;Simões;Paulo Simões
Fabiana;Azevedo;Fabiana Azevedo
Silvio;Bastos;Silvio Bastos
Márcia;Barros;Márcia Barros
Guilherme;Sales;Guilherme Sales
Marcelo;Duarte;Marcelo Duarte
Sérgio;Pinto;Sérgio Pinto
Rafaela;Gouveia;Rafaela Gouveia
Nelson;Vasconcelos;Nelson Vasconcelos
Camila;Vieira;Camila Vieira
Rafaela;Estrela;Rafaela Estrela
Cássio;Fonseca;Cássio Fonseca
Elisângela;Duarte;Elisângela Duarte
Bruna;Guimarães;Bruna Guimarães
Sônia;Bastos;Sônia Bastos
Marcelo;Figueiredo;Marcelo Figueiredo
Bruna;Ribeiro;Bruna Ribeiro
Nilson;Lima;Nilson Lima
Sofia;Mesquita;Sofia Mesquita
Roberto;Moura;Roberto Moura
Gustavo;Araújo;Gustavo Araújo
Natália;Correia;Natália Correia
Vanessa;Fonseca;Vanessa Fonseca
Jaqueline;Monteiro;Jaqueline Monteiro
Sofia;Quevedo;Sofia Quevedo
Tatiane;Aragão;Tatiane Aragão
Cecília;Mendonça;Cecília Mendonça
João;Rangel;João Rangel
Érica;Coelho;Érica Coelho
Teresa;Valente;Teresa Valente
Michele;Barros;Michele Barros
Kelly;Rangel;Kelly Rangel
Priscila;Castro;Priscila Castro
Álvaro;Moraes;Álvaro Moraes
Fábio;Santos;Fábio Santos
Mariana;Peixoto;Mariana Peixoto
Bruno;Quevedo;Bruno Quevedo
Douglas;Cardoso;Douglas Cardoso
Fábio;Loureiro;Fábio Loureiro
Juliana;Cardoso;Juliana Cardoso
Diego;Sales;Diego Sales
Adriana;Teles;Adriana Teles
Alan;Mascarenhas;Alan Mascarenhas
Fabiana;Rezende;Fabiana Rezende
Kelly;Torres;Kelly Torres
Alan;Monteiro;Alan Monteiro
Sofia;Teixeira;Sofia Teixeira
Márcia;Prado;Márcia Prado
Davi;Araújo;Davi Araújo
Ana;Gouveia;Ana Gouveia
Wagner;Rezende;Wagner Rezende
Márcia;Teles;Márcia Teles
Érica;Porto;Érica Porto
Camila;Alves;Camila Alves
Mariana;Queiroz;Mariana Queiroz
Nilson;Xavier;Nilson Xavier
Cecília;Maia;Cecília Maia
Cecília;Moraes;Cecília Moraes
Letícia;Tavares;Letícia Tavares
Natália;Vieira;Natália Vieira
Gabriela;Silva;Gabriela Silva
Juliana;Queiroz;Juliana Queiroz
Roberta;Rezende;Roberta Rezende
Álvaro;Silva;Álvaro Silva
Isabela;Barros;Isabela Barros
Renata;Alves;Renata Alves
Alan;Ribeiro;Alan Ribeiro
Tatiane;Gouveia;Tatiane Gouveia
Carla;Paiva;Carla Paiva
Bruno;Rezende;Bruno Rezende
Helena;Teixeira;Helena Teixeira
Ana;Vieira;Ana Vieira
Wagner;Fonseca;Wagner Fonseca
Everton;Silva;Everton Silva
Juliana;Rezende;Juliana Rezende
Rafael;Magalhães;Rafael Magalhães
José;Estrela;José Estrela
Cláudia;Leitão;Cláudia Leitão
André;Benevides;André Benevides
Vanessa;Leitão;Vanessa Leitão
Alexandre;Queiroz;Alexandre Queiroz
Mateus;Bastos;Mateus Bastos
Alexandre;Oliveira;Alexandre Oliveira
Cássio;Teles;Cássio Teles
Patrícia;Seabra;Patrícia Seabra
Carla;Coelho;Carla Coelho
Bruno;Fonseca;Bruno Fonseca
Cláudia;Dorneles;Cláudia Dorneles
Silvio;Leitão;Silvio Leitão
Pedro;Moura;Pedro Moura
Elisângela;Silva;Elisângela Silva
Érica;Magalhães;Érica Magalhães
Luciano;Lemos;Luciano Lemos
Álvaro;Zago;Álvaro Zago
Sônia;Prado;Sônia Prado
Felipe;Serafim;Felipe Serafim
Daniel;Gouveia;Daniel Gouveia
Henrique;Macedo;Henrique Macedo
Cláudia;França;Cláudia França
Murilo;Marinho;Murilo Marinho
Carlos;Castro;Carlos Castro
Juliana;Viana;Juliana Viana
João;Gouveia;João Gouveia
Lucas;Valente;Lucas Valente
Bruno;Passos;Bruno Passos
Alan;Valente;Alan Valente
Carlos;Prado;Carlos Prado
Teresa;Moraes;Teresa Moraes
Michele;Antunes;Michele Antunes
Marcelo;Tavares;Marcelo Tavares
Marcelo;Pinto;Marcelo Pinto
Alexandre;Mascarenhas;Alexandre Mascarenhas
Fábio;Benevides;Fábio Benevides
Guilherme;Tavares;Guilherme Tavares
Elisângela;Estrela;Elisângela Estrela
Nelson;Rocha;Nelson Rocha
Helena;Porto;Helena Porto
Sérgio;Silva;Sérgio Silva
Felipe;Siqueira;Felipe Siqueira
Cecília;Coutinho;Cecília Coutinho
Alexandre;Nunes;Alexandre Nunes
Antônio;Quevedo;Antônio Quevedo
Natália;Martins;Natália Martins
Alan;Viana;Alan Viana
André;Rezende;André Rezende
Luciano;Vasconcelos;Luciano Vasconcelos
Gabriela;Santana;Gabriela Santana
Luciano;Xavier;Luciano Xavier
Luciano;Gomes;Luciano Gomes
Talita;Pires;Talita Pires
Jorge;Coelho;Jorge Coelho
Jaqueline;Barros;Jaqueline Barros
Bruna;Peixoto;Bruna Peixoto
Samuel;Passos;Samuel Passos
Bruno;Magalhães;Bruno Magalhães
Gustavo;Barros;Gustavo Barros
Samuel;Guimarães;Samuel Guimarães
Renato;Mendonça;Renato Mendonça
Rafaela;Simões;Rafaela Simões
Eduardo;Barros;Eduardo Barros
Samuel;Xavier;Samuel Xavier
Fábio;Saraiva;Fábio Saraiva
Isabela;Costa;Isabela Costa
Rosa;França;Rosa França
Lucas;Barros;Lucas Barros
Larissa;Costa;Larissa Costa
Cristiane;Leitão;Cristiane Leitão
Gabriela;Castro;Gabriela Castro
Pedro;Siqueira;Pedro Siqueira
Diego;Lima;Diego Lima
Osmar;Campos;Osmar Campos
Caio;Queiroz;Caio Queiroz
Vanessa;Batista;Vanessa Batista
Diego;Teixeira;Diego Teixeira
Roberto;Silva;Roberto Silva
Ana;Prado;Ana Prado
Vitor;Pereira;Vitor Pereira
Rosa;Martins;Rosa Martins
Álvaro;Braga;Álvaro Braga
Sérgio;Castro;Sérgio Castro
Roberta;Freitas;Roberta Freitas
Diego;Rodrigues;Diego Rodrigues
Gustavo;Saraiva;Gustavo Saraiva
Mônica;Rezende;Mônica Rezende
Camila;Castro;Camila Castro
Guilherme;Rezende;Guilherme Rezende
Helena;Araújo;Helena Araújo
Alexandre;Barreto;Alexandre Barreto
Thiago;Alves;Thiago Alves
Paula;Dias;Paula Dias
Sônia;Coelho;Sônia Coelho
Pedro;Farias;Pedro Farias
Rafael;Moreira;Rafael Moreira
Cecília;Rezende;Cecília Rezende
Osmar;Teles;Osmar Teles
Fabiana;Mendonça;Fabiana Mendonça
Elisângela;Bezerra;Elisângela Bezerra
Patrícia;Macedo;Patrícia Macedo
Samuel;Aragão;Samuel Aragão
Davi;Rangel;Davi Rangel
Diego;Pires;Diego Pires
Érica;Araújo;Érica Araújo
Alexandre;Peixoto;Alexandre Peixoto
Ana;Araújo;Ana Araújo
Douglas;Freitas;Douglas Freitas
Rafael;Seabra;Rafael Seabra
Vanessa;Teixeira;Vanessa Teixeira
Henrique;Vasconcelos;Henrique Vasconcelos
Vitor;Bastos;Vitor Bastos
Lucas;Antunes;Lucas Antunes
Bruno;Dorneles;Bruno Dorneles
Cristiano;Barros;Cristiano Barros
Igor;Vasconcelos;Igor Vasconcelos
Helena;Medeiros;Helena Medeiros
Cristiano;Cunha;Cristiano Cunha
Mônica;Siqueira;Mônica Siqueira
Rafaela;Rodrigues;Rafaela Rodrigues
Fábio;Leitão;Fábio Leitão
Rosa;Quevedo;Rosa Quevedo
Daniela;Loureiro;Daniela Loureiro
Samuel;Torres;Samuel Torres
Isabela;Melo;Isabela Melo
Eduardo;Silva;Eduardo Silva
Nelson;Silva;Nelson Silva
Márcia;Carvalho;Márcia Carvalho
Daniela;Xavier;Daniela Xavier
Camila;Barros;Camila Barros
Bruna;Moraes;Bruna Moraes
Regina;Santana;Regina Santana
Eliane;Cintra;Eliane Cintra
Fernanda;Teles;Fernanda Teles
Samuel;Pinto;Samuel Pinto
Álvaro;Teixeira;Álvaro Teixeira
Paula;Moraes;Paula Moraes
Eliane;Benevides;Eliane Benevides
Daniela;Macedo;Daniela Macedo
Renato;Martins;Renato Martins
Renato;Fonseca;Renato Fonseca
Renata;Dias;Renata Dias
Roberto;Araújo;Roberto Araújo
João;Holanda;João Holanda
Adriana;Vasconcelos;Adriana Vasconcelos
Renato;Vasconcelos;Renato Vasconcelos
Simone;Santana;Simone Santana
Camila;Viana;Camila Viana
Carlos;Barros;Carlos Barros
Cecília;Bastos;Cecília Bastos
Fabiana;Moraes;Fabiana Moraes
Marcelo;Martins;Marcelo Martins
Alan;Leitão;Alan Leitão
Mateus;Magalhães;Mateus Magalhães
Hugo;Quevedo;Hugo Quevedo
Mônica;Xavier;Mônica Xavier
Antônio;Gouveia;Antônio Gouveia
Regina;Medeiros;Regina Medeiros
Wallace;Antunes;Wallace Antunes
Murilo;Coelho;Murilo Coelho
Renata;Barreto;Renata Barreto
Roberto;Antunes;Roberto Antunes
Camila;Bezerra;Camila Bezerra
Isabela;Lima;Isabela Lima
Nilson;Simões;Nilson Simões
Mônica;Dorneles;Mônica Dorneles
Joana;Seabra;Joana Seabra
Mariana;Correia;Mariana Correia
Lucas;Vasconcelos;Lucas Vasconcelos
Everton;Dias;Everton Dias
Mariana;Benevides;Mariana Benevides
Pedro;Macedo;Pedro Macedo
Mateus;Rangel;Mateus Rangel
Teresa;Antunes;Teresa Antunes
Samuel;Teles;Samuel Teles
Gabriela;Neves;Gabriela Neves
Mariana;Campos;Mariana Campos
Letícia;Passos;Letícia Passos
Letícia;Sampaio;Letícia Sampaio
Jorge;Pedrosa;Jorge Pedrosa
Luciana;Peixoto;Luciana Peixoto
Regina;Siqueira;Regina Siqueira
Fábio;Rangel;Fábio Rangel
Osmar;Prado;Osmar Prado
Rodrigo;Figueiredo;Rodrigo Figueiredo
Sônia;Nunes;Sônia Nunes
Paula;Oliveira;Paula Oliveira
Érica;Rocha;Érica Rocha
Flávia;Araújo;Flávia Araújo
Mauro;Quevedo;Mauro Quevedo
Wagner;Vasconcelos;Wagner Vasconcelos
Thiago;Cunha;Thiago Cunha
Cristiane;França;Cristiane França
Rafaela;Vieira;Rafaela Vieira
Simone;Peixoto;Simone Peixoto
Cristiane;Oliveira;Cristiane Oliveira
Caio;Teles;Caio Teles
Pedro;Pires;Pedro Pires
Sofia;Porto;Sofia Porto
Carla;Passos;Carla Passos
Alan;Dorneles;Alan Dorneles
Helena;Quevedo;Helena Quevedo
Wagner;Maia;Wagner Maia
Nelson;Sampaio;Nelson Sampaio
Cássio;Peixoto;Cássio Peixoto
Natália;Teles;Natália Teles
Alexandre;Seabra;Alexandre Seabra
Eduardo;Pedrosa;Eduardo Pedrosa
Paula;Farias;Paula Farias
Priscila;Silva;Priscila Silva
Érica;Holanda;Érica Holanda
Sérgio;Rangel;Sérgio Rangel
Márcia;Assis;Márcia Assis
Caio;Silva;Caio Silva
Mônica;Santos;Mônica Santos
Cristiano;Serafim;Cristiano Serafim
Isabela;Pinto;Isabela Pinto
Ana;Lemos;Ana Lemos
Luciana;Torres;Luciana Torres
Daniel;Rezende;Daniel Rezende
André;Oliveira;André Oliveira
Fabiana;Vieira;Fabiana Vieira
Renato;Bastos;Renato Bastos
Felipe;Alves;Felipe Alves
Sônia;Dorneles;Sônia Dorneles
Thiago;Rocha;Thiago Rocha
Juliana;Sales;Juliana Sales
Letícia;Prado;Letícia Prado
Luciano;Mascarenhas;Luciano Mascarenhas
Vitor;Braga;Vitor Braga
Aline;Pereira;Aline Pereira
José;Sampaio;José Sampaio
Kelly;Santana;Kelly Santana
Douglas;Batista;Douglas Batista
Guilherme;Bezerra;Guilherme Bezerra
Osmar;Sales;Osmar Sales
Everton;Mascarenhas;Everton Mascarenhas
Henrique;Benevides;Henrique Benevides
Simone;Antunes;Simone Antunes
Luciana;Coelho;Luciana Coelho
Douglas;Mendonça;Douglas Mendonça
Henrique;Santos;Henrique Santos
Aline;Cintra;Aline Cintra
Sofia;Rezende;Sofia Rezende
Ana;Porto;Ana Porto
Gabriel;Oliveira;Gabriel Oliveira
Érica;Barros;Érica Barros
Mateus;Rezende;Mateus Rezende
Bruno;Mesquita;Bruno Mesquita
Diego;Martins;Diego Martins
André;Dias;André Dias
Cristiano;Braga;Cristiano Braga
Vitor;Rodrigues;Vitor Rodrigues
Fabiana;Silva;Fabiana Silva
Rosa;Bezerra;Rosa Bezerra
Sérgio;Araújo;Sérgio Araújo
Cecília;Santana;Cecília Santana
Simone;Seabra;Simone Seabra
Murilo;Pires;Murilo Pires
Rosa;Fonseca;Rosa Fonseca
Renato;Passos;Renato Passos
Murilo;França;Murilo França
Nelson;Xavier;Nelson Xavier
Natália;Leitão;Natália Leitão
Alexandre;Assis;Alexandre Assis
Priscila;França;Priscila França
Vinícius;Nunes;Vinícius Nunes
Álvaro;Rezende;Álvaro Rezende
Gabriel;Antunes;Gabriel Antunes
Alan;Xavier;Alan Xavier
Cristiano;França;Cristiano França
Antônio;Barreto;Antônio Barreto
Caio;Prado;Caio Prado
Renata;Melo;Renata Melo
Priscila;Brito;Priscila Brito
Cláudia;Braga;Cláudia Braga
João;Martins;João Martins
Davi;Lemos;Davi Lemos
Cristiano;Santana;Cristiano Santana
Douglas;Monteiro;Douglas Monteiro
Adriana;Leitão;Adriana Leitão
Érica;Bastos;Érica Bastos
Douglas;Valente;Douglas Valente
Jaqueline;Damasceno;Jaqueline Damasceno
Mariana;Mesquita;Mariana Mesquita
Renato;Rocha;Renato Rocha
Fernanda;Azevedo;Fernanda Azevedo
Roberto;Barreto;Roberto Barreto
Álvaro;Araújo;Álvaro Araújo
Daniela;Saraiva;Daniela Saraiva
Samuel;Vieira;Samuel Vieira
Rosa;Mascarenhas;Rosa Mascarenhas
Natália;Damasceno;Natália Damasceno
Cláudia;Vasconcelos;Cláudia Vasconcelos
Letícia;Carvalho;Letícia Carvalho
Aline;Rodrigues;Aline Rodrigues
Carla;Rangel;Carla Rangel
Rosa;Pires;Rosa Pires
Mateus;Zago;Mateus Zago
Maria;Gomes;Maria Gomes
Jaqueline;Araújo;Jaqueline Araújo
Gustavo;Mendonça;Gustavo Mendonça
Cláudia;Marinho;Cláudia Marinho
Davi;Moreira;Davi Moreira
Cláudia;Pedrosa;Cláudia Pedrosa
Isabela;Prado;Isabela Prado
Mariana;Castro;Mariana Castro
Cássio;Barros;Cássio Barros
Rosa;Bastos;Rosa Bastos
Luciana;Magalhães;Luciana Magalhães
Rosa;Porto;Rosa Porto
Teresa;Leitão;Teresa Leitão
Michele;Neves;Michele Neves
Antônio;Gomes;Antônio Gomes
Bruna;Siqueira;Bruna Siqueira
Rafael;Castro;Rafael Castro
Ana;Braga;Ana Braga
Daniela;Moraes;Daniela Moraes
Mônica;Moreira;Mônica Moreira
Elisângela;Vasconcelos;Elisângela Vasconcelos
Bruno;Assis;Bruno Assis
Fernanda;Porto;Fernanda Porto
Sérgio;Cunha;Sérgio Cunha
Bruno;Castro;Bruno Castro
Juliana;Tavares;Juliana Tavares
Eduardo;Nunes;Eduardo Nunes
Rafael;Barros;Rafael Barros
Rafaela;Bastos;Rafaela Bastos
Rafaela;Monteiro;Rafaela Monteiro
Juliana;Aragão;Juliana Aragão
Joana;Sampaio;Joana Sampaio
Jorge;Farias;Jorge Farias
Roberto;Queiroz;Roberto Queiroz
Ana;Costa;Ana Costa
Carlos;Moura;Carlos Moura
Simone;Monteiro;Simone Monteiro
Sônia;Carvalho;Sônia Carvalho
João;Cardoso;João Cardoso
Guilherme;Serafim;Guilherme Serafim
Cristiano;Santos;Cristiano Santos
Bruna;Monteiro;Bruna Monteiro
Renato;Bezerra;Renato Bezerra
Bruno;França;Bruno França
Eduardo;Farias;Eduardo Farias
Álvaro;Moreira;Álvaro Moreira
Álvaro;Santos;Álvaro Santos
Thiago;Serafim;Thiago Serafim
Felipe;Ribeiro;Felipe Ribeiro
Cláudia;Castro;Cláudia Castro
José;Cintra;José Cintra
Elisângela;Pedrosa;Elisângela Pedrosa
Patrícia;Rodrigues;Patrícia Rodrigues
Maria;Bezerra;Maria Bezerra
Murilo;Vieira;Murilo Vieira
Leonardo;Siqueira;Leonardo Siqueira
Igor;Moraes;Igor Moraes
Silvio;Nunes;Silvio Nunes
Vitor;Sampaio;Vitor Sampaio
Helena;Rangel;Helena Rangel
Rosa;Carvalho;Rosa Carvalho
Márcia;Ribeiro;Márcia Ribeiro
Nelson;Dorneles;Nelson Dorneles
João;Guimarães;João Guimarães
José;Brito;José Brito
Osmar;Braga;Osmar Braga
Letícia;Neves;Letícia Neves
Fabiana;Estrela;Fabiana Estrela
Sofia;Tavares;Sofia Tavares
Jaqueline;Azevedo;Jaqueline Azevedo
Antônio;Paiva;Antônio Paiva
Henrique;Pereira;Henrique Pereira
Diego;Vasconcelos;Diego Vasconcelos
Rafaela;Loureiro;Rafaela Loureiro
Mauro;Bastos;Mauro Bastos
Thiago;Queiroz;Thiago Queiroz
Rosa;Vasconcelos;Rosa Vasconcelos
Mônica;Duarte;Mônica Duarte
Pedro;Barreto;Pedro Barreto
Álvaro;Barros;Álvaro Barros
Jaqueline;Aragão;Jaqueline Aragão
Eliane;Rocha;Eliane Rocha
Caio;Bezerra;Caio Bezerra
Rafaela;Medeiros;Rafaela Medeiros
Regina;Marinho;Regina Marinho
Vinícius;Correia;Vinícius Correia
Simone;Holanda;Simone Holanda
Flávia;Paiva;Flávia Paiva
Elisângela;Xavier;Elisângela Xavier
Caio;Dorneles;Caio Dorneles
Juliana;Pires;Juliana Pires
Letícia;Mendonça;Letícia Mendonça
Rodrigo;Mesquita;Rodrigo Mesquita
Juliana;Mesquita;Juliana Mesquita
Isabela;Freitas;Isabela Freitas
Nelson;Seabra;Nelson Seabra
Alexandre;Benevides;Alexandre Benevides
Hugo;Santana;Hugo Santana
Jaqueline;Prado;Jaqueline Prado
Nilson;Teles;Nilson Teles
Paulo;Correia;Paulo Correia
Paulo;Campos;Paulo Campos
Larissa;Coutinho;Larissa Coutinho
Juliana;Estrela;Juliana Estrela
Pedro;Amorim;Pedro Amorim
Tatiane;Figueiredo;Tatiane Figueiredo
Isabela;Holanda;Isabela Holanda
Regina;Mascarenhas;Regina Mascarenhas
Talita;Cintra;Talita Cintra
Paulo;Monteiro;Paulo Monteiro
Rafael;Quevedo;Rafael Quevedo
Daniela;Nunes;Daniela Nunes
Cristiane;Dorneles;Cristiane Dorneles
Isabela;Xavier;Isabela Xavier
Rafaela;Pedrosa;Rafaela Pedrosa
Bruna;Mascarenhas;Bruna Mascarenhas
Teresa;Marinho;Teresa Marinho
Nelson;Paiva;Nelson Paiva
André;Neves;André Neves
André;Estrela;André Estrela
Alan;Seabra;Alan Seabra
Daniela;Campos;Daniela Campos
Vitor;Dorneles;Vitor Dorneles
Pedro;Coutinho;Pedro Coutinho
Cristiane;Carvalho;Cristiane Carvalho
André;Torres;André Torres
Adriana;Batista;Adriana Batista
Patrícia;Barros;Patrícia Barros
Sônia;Sampaio;Sônia Sampaio
Wagner;Carvalho;Wagner Carvalho
Felipe;Vasconcelos;Felipe Vasconcelos
Lucas;Assis;Lucas Assis
Luciana;Carvalho;Luciana Carvalho
João;Tavares;João Tavares
Igor;Leitão;Igor Leitão
Sônia;Gouveia;Sônia Gouveia
Maria;Brito;Maria Brito
Regina;Brito;Regina Brito
Fernanda;Passos;Fernanda Passos
Mauro;Coutinho;Mauro Coutinho
Sofia;Mascarenhas;Sofia Mascarenhas
Jaqueline;Duarte;Jaqueline Duarte
Caio;Mascarenhas;Caio Mascarenhas
Gustavo;Prado;Gustavo Prado
Rafael;Sales;Rafael Sales
Nilson;Lemos;Nilson Lemos
Adriana;Ferreira;Adriana Ferreira
Talita;Peixoto;Talita Peixoto
Henrique;Peixoto;Henrique Peixoto
Maria;Silva;Maria Silva
Priscila;Peixoto;Priscila Peixoto
Mateus;Cardoso;Mateus Cardoso
André;Assis;André Assis
Natália;Paiva;Natália Paiva
Gustavo;Xavier;Gustavo Xavier
Maria;Rezende;Maria Rezende
Juliana;Teles;Juliana Teles
Maria;Ribeiro;Maria Ribeiro
Patrícia;Pinto;Patrícia Pinto
Elisângela;Prado;Elisângela Prado
Caio;Saraiva;Caio Saraiva
Daniela;Rangel;Daniela Rangel
Renata;Fonseca;Renata Fonseca
Teresa;Coelho;Teresa Coelho
Érica;Teles;Érica Teles
Vanessa;Queiroz;Vanessa Queiroz
Flávia;Torres;Flávia Torres
Samuel;Braga;Samuel Braga
Jorge;Batista;Jorge Batista
Aline;Antunes;Aline Antunes
Gabriel;Serafim;Gabriel Serafim
João;Aragão;João Aragão
Alan;Saraiva;Alan Saraiva
Mariana;Viana;Mariana Viana
Fernanda;Monteiro;Fernanda Monteiro
Bianca;Pires;Bianca Pires
André;Viana;André Viana
Regina;Gomes;Regina Gomes
Érica;Gomes;Érica Gomes
Nilson;Maia;Nilson Maia
Márcia;Dorneles;Márcia Dorneles
Juliana;Coelho;Juliana Coelho
Letícia;Alves;Letícia Alves
Thiago;Carvalho;Thiago Carvalho
Wallace;Pinto;Wallace Pinto
Rodrigo;Vieira;Rodrigo Vieira
Alan;Castro;Alan Castro
Murilo;Benevides;Murilo Benevides
André;Rangel;André Rangel
Renato;Damasceno;Renato Damasceno
Tatiane;Rezende;Tatiane Rezende
Rodrigo;Teles;Rodrigo Teles
Helena;Peixoto;Helena Peixoto
Rodrigo;Rezende;Rodrigo Rezende
Alan;Antunes;Alan Antunes
Alan;Freitas;Alan Freitas
Elisângela;Gouveia;Elisângela Gouveia
Thiago;Passos;Thiago Passos
Cecília;Torres;Cecília Torres
Rosa;Cunha;Rosa Cunha
Henrique;Castro;Henrique Castro
Michele;Azevedo;Michele Azevedo
Cecília;Simões;Cecília Simões
Marcelo;Santos;Marcelo Santos
Mateus;Saraiva;Mateus Saraiva
Tatiane;Leitão;Tatiane Leitão
Daniel;Freitas;Daniel Freitas
Vitor;Correia;Vitor Correia
Rafaela;Siqueira;Rafaela Siqueira
Wagner;Serafim;Wagner Serafim
Pedro;Bastos;Pedro Bastos
Gabriela;Gouveia;Gabriela Gouveia
Eduardo;Zago;Eduardo Zago
Guilherme;Dias;Guilherme Dias
Roberta;Marinho;Roberta Marinho
Lucas;Macedo;Lucas Macedo
Lucas;Benevides;Lucas Benevides
Douglas;Alves;Douglas Alves
Simone;Lima;Simone Lima
Paulo;Valente;Paulo Valente
Mariana;Valente;Mariana Valente
Kelly;Melo;Kelly Melo
Kelly;Souza;Kelly Souza
Fernanda;Cardoso;Fernanda Cardoso
Álvaro;Leitão;Álvaro Leitão
Cássio;Damasceno;Cássio Damasceno
Simone;Barros;Simone Barros
Cássio;Rangel;Cássio Rangel
Ana;Holanda;Ana Holanda
Débora;Moreira;Débora Moreira
Nelson;Freitas;Nelson Freitas
Priscila;Teles;Priscila Teles
José;Peixoto;José Peixoto
Adriana;Torres;Adriana Torres
Mônica;Queiroz;Mônica Queiroz
Lucas;Souza;Lucas Souza
Guilherme;Oliveira;Guilherme Oliveira
Felipe;Barreto;Felipe Barreto
Paula;Santos;Paula Santos
Regina;Souza;Regina Souza
Wallace;Queiroz;Wallace Queiroz
Osmar;Vasconcelos;Osmar Vasconcelos
Cássio;Pires;Cássio Pires
Joana;Paiva;Joana Paiva
Camila;Barros;Camila Barros
Eliane;Nunes;Eliane Nunes
Bianca;Pinto;Bianca Pinto
Michele;Bezerra;Michele Bezerra
Sofia;Martins;Sofia Martins
Everton;Correia;Everton Correia
Lucas;Aragão;Lucas Aragão
Marcelo;Holanda;Marcelo Holanda
Eliane;Lima;Eliane Lima
Paula;Peixoto;Paula Peixoto
Henrique;Zago;Henrique Zago
Bruna;Lemos;Bruna Lemos
Márcia;Barros;Márcia Barros
Bruna;Neves;Bruna Neves
Mauro;Vieira;Mauro Vieira
Mauro;Batista;Mauro Batista
Douglas;Tavares;Douglas Tavares
Roberto;Siqueira;Roberto Siqueira
Bruno;Bezerra;Bruno Bezerra
Sofia;Queiroz;Sofia Queiroz
Mônica;Guimarães;Mônica Guimarães
Thiago;Gouveia;Thiago Gouveia
Bruna;Xavier;Bruna Xavier
Sofia;Loureiro;Sofia Loureiro
Everton;Pereira;Everton Pereira
Elisângela;Rezende;Elisângela Rezende
Bruno;Aragão;Bruno Aragão
Wallace;Maia;Wallace Maia
Murilo;Rezende;Murilo Rezende
Helena;Valente;Helena Valente
Gabriel;Gomes;Gabriel Gomes
Antônio;Lemos;Antônio Lemos
Bianca;Porto;Bianca Porto
Cristiano;Araújo;Cristiano Araújo
Eduardo;Melo;Eduardo Melo
Rodrigo;Moreira;Rodrigo Moreira
Michele;Mesquita;Michele Mesquita
Bianca;Seabra;Bianca Seabra
Gabriel;Freitas;Gabriel Freitas
Renato;Melo;Renato Melo
Hugo;Teles;Hugo Teles
Flávia;Moura;Flávia Moura
Cristiane;Gouveia;Cristiane Gouveia
Juliana;Serafim;Juliana Serafim
Roberto;Holanda;Roberto Holanda
Tatiane;Araújo;Tatiane Araújo
Roberto;Paiva;Roberto Paiva
Roberto;Rezende;Roberto Rezende
Paula;Silva;Paula Silva
Álvaro;Valente;Álvaro Valente
Débora;Farias;Débora Farias
Márcia;Neves;Márcia Neves
Sofia;Batista;Sofia Batista
Everton;Queiroz;Everton Queiroz
Bianca;Bezerra;Bianca Bezerra
Roberta;Zago;Roberta Zago
Paula;Torres;Paula Torres
Alan;Carvalho;Alan Carvalho
Jorge;Marinho;Jorge Marinho
Vinícius;Moraes;Vinícius Moraes
Regina;Teixeira;Regina Teixeira
Wagner;Azevedo;Wagner Azevedo
Isabela;Teles;Isabela Teles
Letícia;Magalhães;Letícia Magalhães
Vitor;Pires;Vitor Pires
Michele;Teixeira;Michele Teixeira
Isabela;Fonseca;Isabela Fonseca
Henrique;Moraes;Henrique Moraes
Jaqueline;Quevedo;Jaqueline Quevedo
Luciano;Santos;Luciano Santos
Luciana;Medeiros;Luciana Medeiros
Osmar;Coelho;Osmar Coelho
Teresa;Peixoto;Teresa Peixoto
Elisângela;Antunes;Elisângela Antunes
Nilson;Souza;Nilson Souza
Davi;Rodrigues;Davi Rodrigues
Sônia;Moreira;Sônia Moreira
Aline;Teles;Aline Teles
Larissa;Bastos;Larissa Bastos
Regina;Nunes;Regina Nunes
Tatiane;Guimarães;Tatiane Guimarães
Ana;Peixoto;Ana Peixoto
Débora;Antunes;Débora Antunes
Silvio;Vieira;Silvio Vieira
André;Passos;André Passos
Cássio;Gomes;Cássio Gomes
Nelson;Oliveira;Nelson Oliveira
Everton;Holanda;Everton Holanda
Jorge;Paiva;Jorge Paiva
Luciano;Assis;Luciano Assis
Adriana;Teixeira;Adriana Teixeira
Cássio;Silva;Cássio Silva
Igor;Azevedo;Igor Azevedo
Flávia;Ferreira;Flávia Ferreira
João;Amorim;João Amorim
Sérgio;Estrela;Sérgio Estrela
Teresa;Assis;Teresa Assis
Osmar;Xavier;Osmar Xavier
Antônio;Campos;Antônio Campos
Tatiane;Saraiva;Tatiane Saraiva
Bianca;Campos;Bianca Campos
Mauro;Rodrigues;Mauro Rodrigues
Renato;Santos;Renato Santos
Luciana;Mesquita;Luciana Mesquita
Luciana;Porto;Luciana Porto
Cristiano;Campos;Cristiano Campos
Larissa;Torres;Larissa Torres
Luciano;Cunha;Luciano Cunha
Cássio;Tavares;Cássio Tavares
Mariana;Coelho;Mariana Coelho
Carlos;Barreto;Carlos Barreto
Eduardo;Medeiros;Eduardo Medeiros
Joana;Peixoto;Joana Peixoto
Camila;Pedrosa;Camila Pedrosa
Jaqueline;Benevides;Jaqueline Benevides
Isabela;Souza;Isabela Souza
Fernanda;Pires;Fernanda Pires
Carlos;Peixoto;Carlos Peixoto
Wagner;Peixoto;Wagner Peixoto
Igor;Santana;Igor Santana
João;Sales;João Sales
Natália;Campos;Natália Campos
Antônio;Alves;Antônio Alves
Carla;Loureiro;Carla Loureiro
Nilson;Quevedo;Nilson Quevedo
Débora;Paiva;Débora Paiva
Eduardo;Valente;Eduardo Valente
Regina;Zago;Regina Zago
Nilson;Araújo;Nilson Araújo
Fabiana;Queiroz;Fabiana Queiroz
Eduardo;Viana;Eduardo Viana
Luciano;Barros;Luciano Barros
Hugo;Braga;Hugo Braga
Luciano;Campos;Luciano Campos
Patrícia;Campos;Patrícia Campos
Wallace;Rezende;Wallace Rezende
Guilherme;Leitão;Guilherme Leitão
Vanessa;Correia;Vanessa Correia
Marcelo;Freitas;Marcelo Freitas
Mauro;Duarte;Mauro Duarte
Elisângela;Batista;Elisângela Batista
Roberto;Correia;Roberto Correia
Sérgio;Damasceno;Sérgio Damasceno
Aline;Macedo;Aline Macedo
Bruno;Brito;Bruno Brito
Silvio;Mendonça;Silvio Mendonça
Vanessa;Carvalho;Vanessa Carvalho
Flávia;Lemos;Flávia Lemos
José;Amorim;José Amorim
Everton;Zago;Everton Zago
Guilherme;Siqueira;Guilherme Siqueira
Guilherme;Bastos;Guilherme Bastos
Hugo;Benevides;Hugo Benevides
Juliana;Dorneles;Juliana Dorneles
Silvio;Fonseca;Silvio Fonseca
Leonardo;Antunes;Leonardo Antunes
Eduardo;Azevedo;Eduardo Azevedo
Samuel;Lima;Samuel Lima
Wagner;Duarte;Wagner Duarte
Mariana;Martins;Mariana Martins
Paula;Xavier;Paula Xavier
Gustavo;Cintra;Gustavo Cintra
Joana;Dorneles;Joana Dorneles
Silvio;Assis;Silvio Assis
Ana;Antunes;Ana Antunes
Camila;Rezende;Camila Rezende
Jaqueline;Paiva;Jaqueline Paiva
Érica;Pires;Érica Pires
Bruno;Braga;Bruno Braga
Luciana;Estrela;Luciana Estrela
Mateus;Peixoto;Mateus Peixoto
José;Souza;José Souza
Helena;Holanda;Helena Holanda
Silvio;Sales;Silvio Sales
Ana;Sampaio;Ana Sampaio
Cecília;Antunes;Cecília Antunes
Mateus;Vasconcelos;Mateus Vasconcelos
Carla;Estrela;Carla Estrela
Carla;Moraes;Carla Moraes
Teresa;Prado;Teresa Prado
Everton;Alves;Everton Alves
Cecília;Peixoto;Cecília Peixoto
Regina;Correia;Regina Correia
Flávia;Duarte;Flávia Duarte
Juliana;Medeiros;Juliana Medeiros
Gabriela;Melo;Gabriela Melo
Thiago;Barros;Thiago Barros
Marcelo;Cardoso;Marcelo Cardoso
Vinícius;Rodrigues;Vinícius Rodrigues
Pedro;Pedrosa;Pedro Pedrosa
Roberto;Rodrigues;Roberto Rodrigues
Rosa;Simões;Rosa Simões
Fernanda;Seabra;Fernanda Seabra
Paula;Rocha;Paula Rocha
Daniel;Xavier;Daniel Xavier
Mateus;Valente;Mateus Valente
Gabriela;Coelho;Gabriela Coelho
Érica;Costa;Érica Costa
Renato;Teixeira;Renato Teixeira
Helena;Leitão;Helena Leitão
Isabela;Rangel;Isabela Rangel
Patrícia;Paiva;Patrícia Paiva
Vitor;Rezende;Vitor Rezende
Mateus;Monteiro;Mateus Monteiro
Camila;Macedo;Camila Macedo
Igor;Queiroz;Igor Queiroz
Igor;Siqueira;Igor Siqueira
Fabiana;Lemos;Fabiana Lemos
Mateus;Fonseca;Mateus Fonseca
Silvio;Azevedo;Silvio Azevedo
Cristiane;Brito;Cristiane Brito
Letícia;Barreto;Letícia Barreto
Carla;Farias;Carla Farias
Vinícius;Leitão;Vinícius Leitão
Diego;Vieira;Diego Vieira
Wagner;Moura;Wagner Moura
Fabiana;Moreira;Fabiana Moreira
Priscila;Amorim;Priscila Amorim
Márcia;Nunes;Márcia Nunes
Cecília;Carvalho;Cecília Carvalho
Sônia;Oliveira;Sônia Oliveira
Paula;Vieira;Paula Vieira
Gabriel;Teles;Gabriel Teles
Cecília;Oliveira;Cecília Oliveira
Adriana;Dias;Adriana Dias
Murilo;Rezende;Murilo Rezende
Rodrigo;Dias;Rodrigo Dias
Álvaro;Coutinho;Álvaro Coutinho
Guilherme;Mesquita;Guilherme Mesquita
Mônica;Mendonça;Mônica Mendonça
Vinícius;Queiroz;Vinícius Queiroz
Bruno;Bastos;Bruno Bastos
Cláudia;Rezende;Cláudia Rezende
Guilherme;Souza;Guilherme Souza
Cássio;Bezerra;Cássio Bezerra
Carlos;Seabra;Carlos Seabra
Thiago;Neves;Thiago Neves
Vanessa;Bezerra;Vanessa Bezerra
Larissa;Rezende;Larissa Rezende
Paulo;Nunes;Paulo Nunes
Thiago;Costa;Thiago Costa
Gabriel;Farias;Gabriel Farias
Talita;Rezende;Talita Rezende
Nilson;Bezerra;Nilson Bezerra
Priscila;Fonseca;Priscila Fonseca
Silvio;Rocha;Silvio Rocha
Renata;Serafim;Renata Serafim
Luciano;Martins;Luciano Martins
Tatiane;Zago;Tatiane Zago
Regina;Rezende;Regina Rezende
Teresa;Mesquita;Teresa Mesquita
Cássio;Estrela;Cássio Estrela
Vitor;Prado;Vitor Prado
Rodrigo;Amorim;Rodrigo Amorim
Larissa;Barros;Larissa Barros
Letícia;Figueiredo;Letícia Figueiredo
Daniela;Correia;Daniela Correia
João;Teles;João Teles
Guilherme;Amorim;Guilherme Amorim
André;Batista;André Batista
Renata;Correia;Renata Correia
Mônica;Castro;Mônica Castro
Nelson;Nunes;Nelson Nunes
Felipe;Maia;Felipe Maia
Wallace;Guimarães;Wallace Guimarães
Eduardo;Paiva;Eduardo Paiva
Mônica;Lima;Mônica Lima
Paulo;Braga;Paulo Braga
Rodrigo;Simões;Rodrigo Simões
Leonardo;Amorim;Leonardo Amorim
Daniel;Marinho;Daniel Marinho
Mauro;Castro;Mauro Castro
Larissa;Farias;Larissa Farias
Osmar;Bastos;Osmar Bastos
Wallace;Valente;Wallace Valente
Douglas;Rangel;Douglas Rangel
José;Vasconcelos;José Vasconcelos
Aline;Azevedo;Aline Azevedo
Rafaela;Mendonça;Rafaela Mendonça
Roberta;Teixeira;Roberta Teixeira
Vanessa;Nunes;Vanessa Nunes
Maria;Antunes;Maria Antunes
Felipe;Teixeira;Felipe Teixeira
Renata;Oliveira;Renata Oliveira
Eliane;Prado;Eliane Prado
Nelson;Monteiro;Nelson Monteiro
Gabriela;Amorim;Gabriela Amorim
Paulo;França;Paulo França
Flávia;Fonseca;Flávia Fonseca
Rosa;Cintra;Rosa Cintra
Márcia;Queiroz;Márcia Queiroz
Camila;Saraiva;Camila Saraiva
Samuel;Correia;Samuel Correia
Igor;Medeiros;Igor Medeiros
Bruna;Bezerra;Bruna Bezerra
Mariana;Moura;Mariana Moura
Talita;Dias;Talita Dias
Fábio;Viana;Fábio Viana
Aline;Saraiva;Aline Saraiva
Rodrigo;Coelho;Rodrigo Coelho
Vitor;Alves;Vitor Alves
Felipe;Loureiro;Felipe Loureiro
Sônia;Figueiredo;Sônia Figueiredo
Larissa;Porto;Larissa Porto
Joana;Araújo;Joana Araújo
Fernanda;Mendonça;Fernanda Mendonça
Maria;Tavares;Maria Tavares
Gabriel;Saraiva;Gabriel Saraiva
Gabriela;Xavier;Gabriela Xavier
Mateus;Santos;Mateus Santos
Fábio;Martins;Fábio Martins
Talita;Ferreira;Talita Ferreira
Sérgio;Farias;Sérgio Farias
Eliane;Alves;Eliane Alves
Mauro;Rangel;Mauro Rangel
Leonardo;Melo;Leonardo Melo
Nelson;Neves;Nelson Neves
Talita;Melo;Talita Melo
Luciano;Paiva;Luciano Paiva
Wallace;Coelho;Wallace Coelho
Patrícia;Castro;Patrícia Castro
Ana;Monteiro;Ana Monteiro
Eduardo;Figueiredo;Eduardo Figueiredo
Silvio;Passos;Silvio Passos
Jaqueline;Porto;Jaqueline Porto
Camila;Mesquita;Camila Mesquita
Joana;Azevedo;Joana Azevedo
Bianca;Sales;Bianca Sales
Silvio;Cintra;Silvio Cintra
Larissa;Dias;Larissa Dias
Sofia;Pires;Sofia Pires
Flávia;Loureiro;Flávia Loureiro
Fabiana;Santana;Fabiana Santana
Jorge;Rocha;Jorge Rocha
Priscila;Freitas;Priscila Freitas
Davi;Sales;Davi Sales
Cristiane;Lemos;Cristiane Lemos
Carla;Pedrosa;Carla Pedrosa
Osmar;Cunha;Osmar Cunha
Luciano;Torres;Luciano Torres
Márcia;Amorim;Márcia Amorim
Roberta;Melo;Roberta Melo
Elisângela;Teixeira;Elisângela Teixeira
Mauro;Maia;Mauro Maia
Fábio;Guimarães;Fábio Guimarães
Eliane;Guimarães;Eliane Guimarães
Thiago;Magalhães;Thiago Magalhães
Natália;Mesquita;Natália Mesquita
Mariana;Zago;Mariana Zago
Simone;Carvalho;Simone Carvalho
Douglas;Ribeiro;Douglas Ribeiro
Patrícia;Pereira;Patrícia Pereira
Mônica;Benevides;Mônica Benevides
Paulo;Teles;Paulo Teles
Fernanda;Gouveia;Fernanda Gouveia
Sérgio;Paiva;Sérgio Paiva
Álvaro;Viana;Álvaro Viana
Igor;Torres;Igor Torres
Rafael;Martins;Rafael Martins
Márcia;Mendonça;Márcia Mendonça
Henrique;Pedrosa;Henrique Pedrosa
Cecília;Medeiros;Cecília Medeiros
Débora;Serafim;Débora Serafim
Pedro;Castro;Pedro Castro
Henrique;Santana;Henrique Santana
Débora;Seabra;Débora Seabra
Daniel;Pires;Daniel Pires
Érica;Amorim;Érica Amorim
Carlos;Fonseca;Carlos Fonseca
Thiago;Simões;Thiago Simões
Michele;Magalhães;Michele Magalhães
Alan;Pereira;Alan Pereira
Rosa;Araújo;Rosa Araújo
Simone;Leitão;Simone Leitão
Daniela;Coutinho;Daniela Coutinho
Cristiane;Moura;Cristiane Moura
Cláudia;Vieira;Cláudia Vieira
Paulo;Sales;Paulo Sales
Michele;Costa;Michele Costa
Joana;Vieira;Joana Vieira
Paulo;Moraes;Paulo Moraes
Pedro;Gouveia;Pedro Gouveia
Renata;Medeiros;Renata Medeiros
Alexandre;Farias;Alexandre Farias
Mônica;Rezende;Mônica Rezende
Silvio;Cunha;Silvio Cunha
Douglas;Marinho;Douglas Marinho
Gabriela;Campos;Gabriela Campos
Alan;Barros;Alan Barros
Jorge;Leitão;Jorge Leitão
Talita;Estrela;Talita Estrela
Carla;Antunes;Carla Antunes
Mariana;Vasconcelos;Mariana Vasconcelos
Érica;Assis;Érica Assis
Débora;Marinho;Débora Marinho
Débora;Benevides;Débora Benevides
Bruno;Pedrosa;Bruno Pedrosa
Gustavo;Bezerra;Gustavo Bezerra
Fernanda;Guimarães;Fernanda Guimarães
Bruna;Valente;Bruna Valente
Adriana;Moraes;Adriana Moraes
Regina;Moura;Regina Moura
Rodrigo;Barros;Rodrigo Barros
José;Correia;José Correia
Carlos;Pedrosa;Carlos Pedrosa
Eduardo;Estrela;Eduardo Estrela
Eliane;Leitão;Eliane Leitão
Vinícius;Ribeiro;Vinícius Ribeiro
Eduardo;Quevedo;Eduardo Quevedo
Mauro;Gomes;Mauro Gomes
Rafaela;Batista;Rafaela Batista
Joana;Souza;Joana Souza
Letícia;Zago;Letícia Zago
Felipe;Moura;Felipe Moura
Talita;Magalhães;Talita Magalhães
Thiago;Loureiro;Thiago Loureiro
Jorge;Sales;Jorge Sales
Bruno;Alves;Bruno Alves
Larissa;Ribeiro;Larissa Ribeiro
Tatiane;Souza;Tatiane Souza
Felipe;Gouveia;Felipe Gouveia
José;Rodrigues;José Rodrigues
Henrique;Guimarães;Henrique Guimarães
Vinícius;Rangel;Vinícius Rangel
Flávia;Serafim;Flávia Serafim
Davi;Correia;Davi Correia
Vinícius;Quevedo;Vinícius Quevedo
Álvaro;Mascarenhas;Álvaro Mascarenhas
Gustavo;Neves;Gustavo Neves
Cecília;Damasceno;Cecília Damasceno
Sônia;Torres;Sônia Torres
Davi;Bezerra;Davi Bezerra
Cássio;Lima;Cássio Lima
Márcia;Loureiro;Márcia Loureiro
Sofia;Costa;Sofia Costa
Patrícia;Porto;Patrícia Porto
Isabela;Rezende;Isabela Rezende
Wagner;Ferreira;Wagner Ferreira
Maria;Rocha;Maria Rocha
Renato;Torres;Renato Torres
Antônio;Pinto;Antônio Pinto
Pedro;Brito;Pedro Brito
Simone;Queiroz;Simone Queiroz
Eduardo;Vieira;Eduardo Vieira
Guilherme;Porto;Guilherme Porto
Mariana;Coutinho;Mariana Coutinho
Natália;França;Natália França
Aline;Magalhães;Aline Magalhães
Everton;Rangel;Everton Rangel
Daniel;Cintra;Daniel Cintra
Paulo;Loureiro;Paulo Loureiro
Larissa;Teixeira;Larissa Teixeira
Silvio;Bezerra;Silvio Bezerra
Érica;Zago;Érica Zago
Renato;Lima;Renato Lima
Regina;Carvalho;Regina Carvalho
José;Pinto;José Pinto
Mariana;Braga;Mariana Braga
Letícia;Assis;Letícia Assis
Mateus;Rezende;Mateus Rezende
Vinícius;Estrela;Vinícius Estrela
Everton;Monteiro;Everton Monteiro
Eliane;Campos;Eliane Campos
Letícia;Rangel;Letícia Rangel
Murilo;Monteiro;Murilo Monteiro
Simone;Melo;Simone Melo
Maria;Vasconcelos;Maria Vasconcelos
Renato;Farias;Renato Farias
Aline;Castro;Aline Castro
Priscila;Melo;Priscila Melo
Débora;Aragão;Débora Aragão
Jorge;Gouveia;Jorge Gouveia
Eliane;Quevedo;Eliane Quevedo
Juliana;Gouveia;Juliana Gouveia
Douglas;Castro;Douglas Castro
Rodrigo;Marinho;Rodrigo Marinho
Everton;Antunes;Everton Antunes
Vanessa;Quevedo;Vanessa Quevedo
Paula;Batista;Paula Batista
Paula;Rezende;Paula Rezende
Rafael;Zago;Rafael Zago
João;Rodrigues;João Rodrigues
Rosa;Benevides;Rosa Benevides
Hugo;Holanda;Hugo Holanda
Renato;Figueiredo;Renato Figueiredo
Teresa;Lemos;Teresa Lemos
Mariana;Pires;Mariana Pires
Gabriel;Moura;Gabriel Moura
Paulo;Coelho;Paulo Coelho
Aline;Teixeira;Aline Teixeira
Carlos;Santana;Carlos Santana
Vitor;Serafim;Vitor Serafim
Luciana;Xavier;Luciana Xavier
Eliane;Silva;Eliane Silva
Vinícius;Sales;Vinícius Sales
Paulo;Lima;Paulo Lima
Davi;Costa;Davi Costa
Samuel;Amorim;Samuel Amorim
Paula;Martins;Paula Martins
Letícia;Vieira;Letícia Vieira
Tatiane;Moura;Tatiane Moura
Eduardo;Cintra;Eduardo Cintra
Carla;Sampaio;Carla Sampaio
Michele;Martins;Michele Martins
Talita;Lemos;Talita Lemos
Everton;Gomes;Everton Gomes
Helena;Dorneles;Helena Dorneles
Cristiano;Coutinho;Cristiano Coutinho
Cecília;Tavares;Cecília Tavares
Kelly;Carvalho;Kelly Carvalho
Kelly;Queiroz;Kelly Queiroz
Bruno;Estrela;Bruno Estrela
Roberta;Rocha;Roberta Rocha
Antônio;Monteiro;Antônio Monteiro
Juliana;Monteiro;Juliana Monteiro
Débora;Melo;Débora Melo
Priscila;Torres;Priscila Torres
Larissa;Mendonça;Larissa Mendonça
Helena;Antunes;Helena Antunes
Jaqueline;Dorneles;Jaqueline Dorneles
Regina;Teles;Regina Teles
Márcia;Vieira;Márcia Vieira
Douglas;Loureiro;Douglas Loureiro
Paulo;Prado;Paulo Prado
Flávia;Medeiros;Flávia Medeiros
Natália;Torres;Natália Torres
Cristiane;Medeiros;Cristiane Medeiros
Flávia;Porto;Flávia Porto
Cristiane;Porto;Cristiane Porto
Marcelo;França;Marcelo França
Igor;Benevides;Igor Benevides
Hugo;Mendonça;Hugo Mendonça
Paulo;Ribeiro;Paulo Ribeiro
Henrique;Coutinho;Henrique Coutinho
Aline;Pires;Aline Pires
Daniela;Gouveia;Daniela Gouveia
Eduardo;Alves;Eduardo Alves
Flávia;Gouveia;Flávia Gouveia
Camila;Azevedo;Camila Azevedo
Roberto;Souza;Roberto Souza
Leonardo;Damasceno;Leonardo Damasceno
Cristiano;Aragão;Cristiano Aragão
Murilo;Assis;Murilo Assis
Douglas;Antunes;Douglas Antunes
Mônica;Pires;Mônica Pires
Regina;Cardoso;Regina Cardoso
Paula;Leitão;Paula Leitão
Camila;Holanda;Camila Holanda
Rafaela;Benevides;Rafaela Benevides
Bruno;Pereira;Bruno Pereira
Mauro;Leitão;Mauro Leitão
Paula;Sales;Paula Sales
Aline;Tavares;Aline Tavares
Vinícius;Amorim;Vinícius Amorim
Bruna;Freitas;Bruna Freitas
Michele;Moreira;Michele Moreira
Roberto;Magalhães;Roberto Magalhães
Mateus;Freitas;Mateus Freitas
Aline;Simões;Aline Simões
Mateus;Queiroz;Mateus Queiroz
Camila;Torres;Camila Torres
Bianca;Xavier;Bianca Xavier
Rosa;Holanda;Rosa Holanda
José;Carvalho;José Carvalho
Murilo;Ribeiro;Murilo Ribeiro
Simone;Rangel;Simone Rangel
Silvio;Tavares;Silvio Tavares
Jorge;Duarte;Jorge Duarte
Vitor;Cintra;Vitor Cintra
Mariana;Teixeira;Mariana Teixeira
Simone;Ribeiro;Simone Ribeiro
Thiago;Amorim;Thiago Amorim
Samuel;Ferreira;Samuel Ferreira
Priscila;Moraes;Priscila Moraes
Adriana;Siqueira;Adriana Siqueira
Daniel;Alves;Daniel Alves
Roberta;Vieira;Roberta Vieira
Jorge;Oliveira;Jorge Oliveira
Murilo;Costa;Murilo Costa
Bruno;Medeiros;Bruno Medeiros
João;Viana;João Viana
Rafael;Vieira;Rafael Vieira
Caio;Braga;Caio Braga
Eliane;Coutinho;Eliane Coutinho
Carlos;Oliveira;Carlos Oliveira
Adriana;Moreira;Adriana Moreira
Vinícius;Vasconcelos;Vinícius Vasconcelos
Patrícia;Holanda;Patrícia Holanda
Roberto;Saraiva;Roberto Saraiva
Alexandre;Pereira;Alexandre Pereira
Igor;Barros;Igor Barros
Silvio;Gomes;Silvio Gomes
Alan;Holanda;Alan Holanda
Eliane;Magalhães;Eliane Magalhães
Mauro;Neves;Mauro Neves
Érica;Dias;Érica Dias
Douglas;Maia;Douglas Maia
Sérgio;Mendonça;Sérgio Mendonça
Cláudia;Pinto;Cláudia Pinto
Maria;Castro;Maria Castro
Érica;Leitão;Érica Leitão
Helena;Benevides;Helena Benevides
Regina;Martins;Regina Martins
Daniel;Azevedo;Daniel Azevedo
Caio;Ferreira;Caio Ferreira
Érica;Batista;Érica Batista
Elisângela;Siqueira;Elisângela Siqueira
Renato;Barreto;Renato Barreto
Carlos;Mendonça;Carlos Mendonça
Vinícius;Neves;Vinícius Neves
João;Barros;João Barros
Gustavo;França;Gustavo França
Maria;Medeiros;Maria Medeiros
Murilo;Rodrigues;Murilo Rodrigues
Carlos;Ferreira;Carlos Ferreira
Rafaela;Dorneles;Rafaela Dorneles
Wagner;Saraiva;Wagner Saraiva
Vitor;Sales;Vitor Sales
Roberto;Assis;Roberto Assis
Teresa;Vasconcelos;Teresa Vasconcelos
Jaqueline;Rocha;Jaqueline Rocha
Mônica;Sales;Mônica Sales
Nelson;Coutinho;Nelson Coutinho
Nelson;Alves;Nelson Alves
Daniel;Silva;Daniel Silva
João;Valente;João Valente
Helena;Moraes;Helena Moraes
Nilson;Barros;Nilson Barros
Cecília;Siqueira;Cecília Siqueira
Ana;Barros;Ana Barros
Bruna;Coutinho;Bruna Coutinho
Fernanda;Vasconcelos;Fernanda Vasconcelos
Vanessa;Estrela;Vanessa Estrela
Igor;Sales;Igor Sales
Kelly;Bastos;Kelly Bastos
Leonardo;Serafim;Leonardo Serafim
Wallace;Gouveia;Wallace Gouveia
Aline;Gouveia;Aline Gouveia
Marcelo;Carvalho;Marcelo Carvalho
Sérgio;Teles;Sérgio Teles
Rosa;Assis;Rosa Assis
Fabiana;Holanda;Fabiana Holanda
Natália;Fonseca;Natália Fonseca
Aline;Alves;Aline Alves
Simone;Farias;Simone Farias
Débora;Gouveia;Débora Gouveia
Daniela;Carvalho;Daniela Carvalho
Murilo;Saraiva;Murilo Saraiva
Mônica;Silva;Mônica Silva
Wagner;Rezende;Wagner Rezende
Lucas;Porto;Lucas Porto
Vitor;Lima;Vitor Lima
Cláudia;Alves;Cláudia Alves
Vanessa;Coutinho;Vanessa Coutinho
Érica;Farias;Érica Farias
Daniela;Siqueira;Daniela Siqueira
Cecília;Sampaio;Cecília Sampaio
Sérgio;Serafim;Sérgio Serafim
Silvio;Ferreira;Silvio Ferreira
Joana;Coutinho;Joana Coutinho
Mauro;Damasceno;Mauro Damasceno
Eduardo;Braga;Eduardo Braga
Simone;Macedo;Simone Macedo
Silvio;Seabra;Silvio Seabra
Débora;Bastos;Débora Bastos
Camila;Santos;Camila Santos
Antônio;Costa;Antônio Costa
Tatiane;Cintra;Tatiane Cintra
José;Fonseca;José Fonseca
Adriana;Mendonça;Adriana Mendonça
Sofia;Fonseca;Sofia Fonseca
Sofia;Campos;Sofia Campos
Márcia;Cunha;Márcia Cunha
Igor;Loureiro;Igor Loureiro
Vanessa;Tavares;Vanessa Tavares
Wallace;Magalhães;Wallace Magalhães
Bruno;Ribeiro;Bruno Ribeiro
Rodrigo;Sales;Rodrigo Sales
Simone;Costa;Simone Costa
Guilherme;Figueiredo;Guilherme Figueiredo
Márcia;Santana;Márcia Santana
Antônio;França;Antônio França
Rafaela;Teixeira;Rafaela Teixeira
Helena;Mascarenhas;Helena Mascarenhas
Michele;Araújo;Michele Araújo
Cristiane;Prado;Cristiane Prado
Patrícia;Simões;Patrícia Simões
Vanessa;Bastos;Vanessa Bastos
Nilson;Farias;Nilson Farias
Gabriel;Rezende;Gabriel Rezende
Diego;Prado;Diego Prado
Felipe;Coutinho;Felipe Coutinho
Jaqueline;Barreto;Jaqueline Barreto
Sônia;Zago;Sônia Zago
Bruna;Santana;Bruna Santana
Rafaela;Amorim;Rafaela Amorim
Camila;Farias;Camila Farias
Renata;Pedrosa;Renata Pedrosa
Michele;Moura;Michele Moura
Renato;Paiva;Renato Paiva
José;Neves;José Neves
Carlos;Santos;Carlos Santos
Felipe;Oliveira;Felipe Oliveira
Talita;Campos;Talita Campos
Lucas;Bastos;Lucas Bastos
Talita;Figueiredo;Talita Figueiredo
Bianca;Azevedo;Bianca Azevedo
Wallace;Pires;Wallace Pires
Álvaro;Brito;Álvaro Brito
Sérgio;Cardoso;Sérgio Cardoso
Bianca;Simões;Bianca Simões
Marcelo;Porto;Marcelo Porto
Luciana;Ferreira;Luciana Ferreira
Paulo;Castro;Paulo Castro
Carla;Zago;Carla Zago
Juliana;Rangel;Juliana Rangel
Bruna;Figueiredo;Bruna Figueiredo
Mônica;Estrela;Mônica Estrela
Rosa;Saraiva;Rosa Saraiva
Gabriel;Medeiros;Gabriel Medeiros
Márcia;Bezerra;Márcia Bezerra
Michele;Valente;Michele Valente
Paulo;Estrela;Paulo Estrela
Letícia;Coutinho;Letícia Coutinho
Maria;Melo;Maria Melo
João;Barreto;João Barreto
Daniela;Sales;Daniela Sales
Cláudia;Tavares;Cláudia Tavares
Joana;Lemos;Joana Lemos
Hugo;Fonseca;Hugo Fonseca
Caio;Vasconcelos;Caio Vasconcelos
Fabiana;Braga;Fabiana Braga
Sônia;Vasconcelos;Sônia Vasconcelos
Lucas;Magalhães;Lucas Magalhães
Paula;Simões;Paula Simões
Cláudia;Moura;Cláudia Moura
Sérgio;Oliveira;Sérgio Oliveira
Mateus;Figueiredo;Mateus Figueiredo
Ana;Correia;Ana Correia
Davi;Barreto;Davi Barreto
Rosa;Braga;Rosa Braga
Flávia;Bastos;Flávia Bastos
Luciana;Simões;Luciana Simões
Vanessa;Maia;Vanessa Maia
Jaqueline;Simões;Jaqueline Simões
Nelson;Pires;Nelson Pires
Cristiane;Tavares;Cristiane Tavares
Mateus;Pedrosa;Mateus Pedrosa
Flávia;França;Flávia França
Carla;Dorneles;Carla Dorneles
Daniela;Cardoso;Daniela Cardoso
Bruno;Rangel;Bruno Rangel
Marcelo;Cintra;Marcelo Cintra
Tatiane;França;Tatiane França
Larissa;Gomes;Larissa Gomes
Vitor;Antunes;Vitor Antunes
Maria;Campos;Maria Campos
Hugo;Guimarães;Hugo Guimarães
Alan;Rangel;Alan Rangel
Osmar;Melo;Osmar Melo
Alan;Neves;Alan Neves
Caio;Zago;Caio Zago
Mauro;Paiva;Mauro Paiva
Patrícia;Moura;Patrícia Moura
Luciana;Azevedo;Luciana Azevedo
Douglas;Cintra;Douglas Cintra
Fabiana;Santos;Fabiana Santos
Sofia;Teles;Sofia Teles
Rafael;Holanda;Rafael Holanda
Silvio;Pereira;Silvio Pereira
Aline;Leitão;Aline Leitão
Maria;Santos;Maria Santos
Gabriela;Sales;Gabriela Sales
Cristiano;Nunes;Cristiano Nunes
Paulo;Marinho;Paulo Marinho
Cássio;Moura;Cássio Moura
Mateus;Teixeira;Mateus Teixeira
Simone;Brito;Simone Brito
Joana;Sales;Joana Sales
Carla;Fonseca;Carla Fonseca
Aline;Seabra;Aline Seabra
Tatiane;Queiroz;Tatiane Queiroz
Cecília;Rodrigues;Cecília Rodrigues
Eduardo;Seabra;Eduardo Seabra
Roberta;Alves;Roberta Alves
Álvaro;Lima;Álvaro Lima
Daniel;Loureiro;Daniel Loureiro
Daniela;Pedrosa;Daniela Pedrosa
Samuel;Silva;Samuel Silva
Rafaela;Leitão;Rafaela Leitão
Larissa;Batista;Larissa Batista
Camila;Lemos;Camila Lemos
Nelson;Correia;Nelson Correia
Everton;Teles;Everton Teles
Rosa;Dias;Rosa Dias
Priscila;Prado;Priscila Prado
Bruno;Maia;Bruno Maia
Jorge;Bezerra;Jorge Bezerra
Rosa;Monteiro;Rosa Monteiro
Michele;Mascarenhas;Michele Mascarenhas
Wagner;Benevides;Wagner Benevides
Eliane;Assis;Eliane Assis
Roberta;Nunes;Roberta Nunes
Eliane;Queiroz;Eliane Queiroz
Daniel;Rocha;Daniel Rocha
Helena;Gouveia;Helena Gouveia
Eduardo;Peixoto;Eduardo Peixoto
Sofia;Vieira;Sofia Vieira
Pedro;Guimarães;Pedro Guimarães
Jorge;Teles;Jorge Teles
Tatiane;Costa;Tatiane Costa
Wagner;Mesquita;Wagner Mesquita
Ana;Pinto;Ana Pinto
Tatiane;Valente;Tatiane Valente
Tatiane;Bastos;Tatiane Bastos
Gabriela;Pinto;Gabriela Pinto
Renata;Azevedo;Renata Azevedo
Talita;Freitas;Talita Freitas
Paulo;Azevedo;Paulo Azevedo
Joana;Santana;Joana Santana
Mônica;Holanda;Mônica Holanda
Érica;Neves;Érica Neves
Cecília;Prado;Cecília Prado
Gabriela;Cintra;Gabriela Cintra
Lucas;Pinto;Lucas Pinto
Antônio;Barros;Antônio Barros
Roberto;Vasconcelos;Roberto Vasconcelos
Renato;Rodrigues;Renato Rodrigues
Ana;Estrela;Ana Estrela
Ana;Duarte;Ana Duarte
Paulo;Assis;Paulo Assis
Daniela;Damasceno;Daniela Damasceno
Cristiane;Azevedo;Cristiane Azevedo
Luciano;Siqueira;Luciano Siqueira
Vitor;Ferreira;Vitor Ferreira
Isabela;Mesquita;Isabela Mesquita
Talita;Seabra;Talita Seabra
Roberta;Correia;Roberta Correia
Vinícius;Alves;Vinícius Alves
Nilson;Rodrigues;Nilson Rodrigues
Juliana;Maia;Juliana Maia
Nilson;Pereira;Nilson Pereira
Luciana;Rezende;Luciana Rezende
Cristiano;Rangel;Cristiano Rangel
Rafael;Ferreira;Rafael Ferreira
Eliane;Mesquita;Eliane Mesquita
Larissa;Moraes;Larissa Moraes
Osmar;Batista;Osmar Batista
Roberto;Pereira;Roberto Pereira
Osmar;Rodrigues;Osmar Rodrigues
Talita;Tavares;Talita Tavares
Simone;Medeiros;Simone Medeiros
Michele;Tavares;Michele Tavares
Renato;Tavares;Renato Tavares
Priscila;Lima;Priscila Lima
Cecília;Freitas;Cecília Freitas
Henrique;Ferreira;Henrique Ferreira
Paulo;Damasceno;Paulo Damasceno
Ana;Macedo;Ana Macedo
Antônio;Damasceno;Antônio Damasceno
Lucas;Pereira;Lucas Pereira
João;Santana;João Santana
Elisângela;Paiva;Elisângela Paiva
Alexandre;Figueiredo;Alexandre Figueiredo
Alan;França;Alan França
Débora;Rocha;Débora Rocha
Eduardo;Gouveia;Eduardo Gouveia
Vanessa;Macedo;Vanessa Macedo
Antônio;Melo;Antônio Melo
Lucas;Dias;Lucas Dias
Lucas;Oliveira;Lucas Oliveira
Roberto;Seabra;Roberto Seabra
Renata;Teixeira;Renata Teixeira
Leonardo;Oliveira;Leonardo Oliveira
Jorge;Neves;Jorge Neves
Murilo;Souza;Murilo Souza
Gabriela;Valente;Gabriela Valente
Roberta;Pinto;Roberta Pinto
Cristiano;Maia;Cristiano Maia
Silvio;Correia;Silvio Correia
Cássio;Rodrigues;Cássio Rodrigues
Luciano;Estrela;Luciano Estrela
Adriana;Pires;Adriana Pires
Roberto;Monteiro;Roberto Monteiro
Mariana;Leitão;Mariana Leitão
Nilson;Damasceno;Nilson Damasceno
Fabiana;Macedo;Fabiana Macedo
Mônica;Maia;Mônica Maia
Jaqueline;Rangel;Jaqueline Rangel
Wagner;Medeiros;Wagner Medeiros
João;Ribeiro;João Ribeiro
Juliana;Carvalho;Juliana Carvalho
Rafael;Azevedo;Rafael Azevedo
Talita;Farias;Talita Farias
Fábio;Rocha;Fábio Rocha
Eliane;Paiva;Eliane Paiva
Renata;Bastos;Renata Bastos
Elisângela;Rocha;Elisângela Rocha
Teresa;Medeiros;Teresa Medeiros
Priscila;Lemos;Priscila Lemos
Cristiane;Rocha;Cristiane Rocha
Wallace;Passos;Wallace Passos
Gabriela;Gomes;Gabriela Gomes
André;Rezende;André Rezende
Letícia;Damasceno;Letícia Damasceno
Gustavo;Cardoso;Gustavo Cardoso
Mauro;Vasconcelos;Mauro Vasconcelos
Carlos;Coelho;Carlos Coelho
Álvaro;Pinto;Álvaro Pinto
Wallace;Leitão;Wallace Leitão
Paulo;Costa;Paulo Costa
Simone;Marinho;Simone Marinho
Vinícius;Rocha;Vinícius Rocha
Renata;Moraes;Renata Moraes
Rafael;Viana;Rafael Viana
Camila;Costa;Camila Costa
Maria;Sales;Maria Sales
Douglas;Xavier;Douglas Xavier
Fabiana;Oliveira;Fabiana Oliveira
Rodrigo;Rocha;Rodrigo Rocha
Aline;Duarte;Aline Duarte
Bruno;Torres;Bruno Torres
Elisângela;Rangel;Elisângela Rangel
Felipe;Pereira;Felipe Pereira
Sofia;Dias;Sofia Dias
Nilson;Gomes;Nilson Gomes
Rodrigo;Azevedo;Rodrigo Azevedo
Aline;Barros;Aline Barros
Bianca;Alves;Bianca Alves
Osmar;Brito;Osmar Brito
Natália;Cintra;Natália Cintra
Rafael;Mascarenhas;Rafael Mascarenhas
Aline;Mascarenhas;Aline Mascarenhas
Roberta;Loureiro;Roberta Loureiro
Érica;Prado;Érica Prado
Gabriela;Passos;Gabriela Passos
Antônio;Araújo;Antônio Araújo
Carlos;Teixeira;Carlos Teixeira
Aline;Rezende;Aline Rezende
Osmar;Santos;Osmar Santos
Maria;Maia;Maria Maia
Everton;Figueiredo;Everton Figueiredo
Vitor;Benevides;Vitor Benevides
Luciano;França;Luciano França
Jaqueline;Viana;Jaqueline Viana
Rodrigo;Pedrosa;Rodrigo Pedrosa
José;Pedrosa;José Pedrosa
Jaqueline;Batista;Jaqueline Batista
Cristiane;Torres;Cristiane Torres
Cássio;Leitão;Cássio Leitão
Davi;Viana;Davi Viana
Rosa;Costa;Rosa Costa
Daniela;Ribeiro;Daniela Ribeiro
Daniel;Seabra;Daniel Seabra
Helena;Viana;Helena Viana
Ana;Zago;Ana Zago
Bianca;Coelho;Bianca Coelho
Cláudia;Sampaio;Cláudia Sampaio
Érica;Paiva;Érica Paiva
Teresa;Porto;Teresa Porto
Osmar;Loureiro;Osmar Loureiro
Débora;Santos;Débora Santos
Marcelo;Torres;Marcelo Torres
Henrique;Rezende;Henrique Rezende
Letícia;Barros;Letícia Barros
Cecília;Estrela;Cecília Estrela
Daniel;Siqueira;Daniel Siqueira
Paula;Lemos;Paula Lemos
Caio;Tavares;Caio Tavares
Caio;Fonseca;Caio Fonseca
André;Santana;André Santana
Paula;Neves;Paula Neves
Roberta;Santos;Roberta Santos
Caio;Santos;Caio Santos
Cecília;Viana;Cecília Viana
Teresa;Monteiro;Teresa Monteiro
Joana;Oliveira;Joana Oliveira
Rodrigo;Holanda;Rodrigo Holanda
Cecília;Gouveia;Cecília Gouveia
Luciana;Melo;Luciana Melo
Paulo;Rangel;Paulo Rangel
Nelson;Costa;Nelson Costa
Fabiana;Cardoso;Fabiana Cardoso
Vitor;França;Vitor França
Luciana;Sampaio;Luciana Sampaio
Vinícius;Saraiva;Vinícius Saraiva
Osmar;Amorim;Osmar Amorim
Everton;Martins;Everton Martins
Mateus;Costa;Mateus Costa
Bruno;Campos;Bruno Campos
Eliane;Oliveira;Eliane Oliveira
Elisângela;Mendonça;Elisângela Mendonça
Sérgio;Lemos;Sérgio Lemos
Fernanda;Ribeiro;Fernanda Ribeiro
Alexandre;Damasceno;Alexandre Damasceno
Letícia;Viana;Letícia Viana
Cristiano;Pereira;Cristiano Pereira
Rafaela;Moraes;Rafaela Moraes
Ana;Martins;Ana Martins
Mateus;Cintra;Mateus Cintra
Tatiane;Pereira;Tatiane Pereira
Helena;Carvalho;Helena Carvalho
Mônica;Farias;Mônica Farias
Rosa;Azevedo;Rosa Azevedo
Isabela;Neves;Isabela Neves
Douglas;Silva;Douglas Silva
Eliane;Brito;Eliane Brito
Regina;Saraiva;Regina Saraiva
Wallace;Melo;Wallace Melo
Sônia;Loureiro;Sônia Loureiro
Kelly;Braga;Kelly Braga
Isabela;Saraiva;Isabela Saraiva
Daniela;Pires;Daniela Pires
Vinícius;Souza;Vinícius Souza
Rafaela;Antunes;Rafaela Antunes
Guilherme;Prado;Guilherme Prado
Simone;Cunha;Simone Cunha
Silvio;Duarte;Silvio Duarte
Cláudia;Saraiva;Cláudia Saraiva
Ana;Mascarenhas;Ana Mascarenhas
Cristiane;Marinho;Cristiane Marinho
Felipe;Seabra;Felipe Seabra
Isabela;Marinho;Isabela Marinho
Jaqueline;Rezende;Jaqueline Rezende
Larissa;Cunha;Larissa Cunha
Carlos;Holanda;Carlos Holanda
Fernanda;Valente;Fernanda Valente
Mônica;Alves;Mônica Alves
Leonardo;Saraiva;Leonardo Saraiva
Bianca;Araújo;Bianca Araújo
Everton;Nunes;Everton Nunes
Aline;Silva;Aline Silva
Bruno;Rodrigues;Bruno Rodrigues
Fábio;Maia;Fábio Maia
Guilherme;Valente;Guilherme Valente
Bianca;Pedrosa;Bianca Pedrosa
Cláudia;Prado;Cláudia Prado
Wallace;Paiva;Wallace Paiva
Fernanda;Bastos;Fernanda Bastos
Nilson;Zago;Nilson Zago
Mateus;Nunes;Mateus Nunes
Daniel;Rodrigues;Daniel Rodrigues
Vitor;Xavier;Vitor Xavier
Eduardo;Mascarenhas;Eduardo Mascarenhas
Leonardo;Santana;Leonardo Santana
Elisângela;Passos;Elisângela Passos
Rafaela;Aragão;Rafaela Aragão
Renato;Guimarães;Renato Guimarães
Priscila;Guimarães;Priscila Guimarães
Luciana;Barros;Luciana Barros
Vinícius;Zago;Vinícius Zago
Nelson;Fonseca;Nelson Fonseca
Mateus;Leitão;Mateus Leitão
Priscila;Pires;Priscila Pires
Alexandre;Torres;Alexandre Torres
Wagner;Dorneles;Wagner Dorneles
Luciano;Sales;Luciano Sales
Érica;Santos;Érica Santos
Gabriel;Aragão;Gabriel Aragão
Alan;Braga;Alan Braga
André;Macedo;André Macedo
Jaqueline;Leitão;Jaqueline Leitão
Felipe;Passos;Felipe Passos
Mauro;Porto;Mauro Porto
Débora;Ribeiro;Débora Ribeiro
José;Valente;José Valente
Davi;Moura;Davi Moura
Michele;Braga;Michele Braga
Lucas;Brito;Lucas Brito
Nilson;Dorneles;Nilson Dorneles
Jorge;Rezende;Jorge Rezende
Pedro;Rangel;Pedro Rangel
Bruno;Azevedo;Bruno Azevedo
Érica;Moreira;Érica Moreira
Débora;Sales;Débora Sales
Carlos;Brito;Carlos Brito
Gustavo;Monteiro;Gustavo Monteiro
Gustavo;Estrela;Gustavo Estrela
Letícia;Bastos;Letícia Bastos
Douglas;Barros;Douglas Barros
Patrícia;Teles;Patrícia Teles
Rosa;Rezende;Rosa Rezende
Roberto;Valente;Roberto Valente
Jaqueline;Ferreira;Jaqueline Ferreira
Maria;Seabra;Maria Seabra
Gabriela;Santos;Gabriela Santos
Maria;Coutinho;Maria Coutinho
Antônio;Bastos;Antônio Bastos
Everton;Leitão;Everton Leitão
Kelly;Simões;Kelly Simões
Débora;Ferreira;Débora Ferreira
Fabiana;Barros;Fabiana Barros
Isabela;Martins;Isabela Martins
Roberto;Carvalho;Roberto Carvalho
Cláudia;Barros;Cláudia Barros
Davi;Guimarães;Davi Guimarães
Leonardo;Barreto;Leonardo Barreto
Samuel;Prado;Samuel Prado
Débora;Martins;Débora Martins
Cecília;Gomes;Cecília Gomes
Leonardo;Rezende;Leonardo Rezende
Simone;Mesquita;Simone Mesquita
Paula;Brito;Paula Brito
Pedro;Simões;Pedro Simões
Osmar;Assis;Osmar Assis
Natália;Bezerra;Natália Bezerra
Fabiana;Coelho;Fabiana Coelho
Rodrigo;Teixeira;Rodrigo Teixeira
Roberta;Costa;Roberta Costa
Tatiane;Teles;Tatiane Teles
Cecília;Barros;Cecília Barros
Márcia;Martins;Márcia Martins
Sônia;Peixoto;Sônia Peixoto
Eliane;Azevedo;Eliane Azevedo
Bruna;Duarte;Bruna Duarte
Natália;Azevedo;Natália Azevedo
João;Medeiros;João Medeiros
Simone;Teles;Simone Teles
Letícia;Pinto;Letícia Pinto
Tatiane;Assis;Tatiane Assis
Luciano;Pinto;Luciano Pinto
Felipe;Lemos;Felipe Lemos
Márcia;Antunes;Márcia Antunes
Mauro;Pinto;Mauro Pinto
Teresa;Farias;Teresa Farias
Leonardo;Fonseca;Leonardo Fonseca
Cássio;Gouveia;Cássio Gouveia
Jorge;Dias;Jorge Dias
Cristiano;Leitão;Cristiano Leitão
Simone;Rocha;Simone Rocha
Débora;Estrela;Débora Estrela
Sônia;Lima;Sônia Lima
Marcelo;Vasconcelos;Marcelo Vasconcelos
Lucas;Santana;Lucas Santana
Samuel;Duarte;Samuel Duarte
Caio;Rocha;Caio Rocha
Débora;Prado;Débora Prado
Carlos;Araújo;Carlos Araújo
Sônia;Rodrigues;Sônia Rodrigues
Teresa;Souza;Teresa Souza
Luciano;Araújo;Luciano Araújo
Natália;Barros;Natália Barros
Patrícia;Prado;Patrícia Prado
Renata;Rodrigues;Renata Rodrigues
Tatiane;Rangel;Tatiane Rangel
Antônio;Rangel;Antônio Rangel
Nelson;Holanda;Nelson Holanda
Bianca;Brito;Bianca Brito
Hugo;Gomes;Hugo Gomes
Teresa;Siqueira;Teresa Siqueira
Cristiano;Siqueira;Cristiano Siqueira
Gustavo;Dias;Gustavo Dias
Alan;Rezende;Alan Rezende
Simone;Figueiredo;Simone Figueiredo
Douglas;Gouveia;Douglas Gouveia
Eliane;Pinto;Eliane Pinto
Cristiano;Freitas;Cristiano Freitas
Joana;Barros;Joana Barros
Fábio;Pires;Fábio Pires
Osmar;Cintra;Osmar Cintra
Nilson;Seabra;Nilson Seabra
Joana;Monteiro;Joana Monteiro
Alan;Aragão;Alan Aragão
Natália;Alves;Natália Alves
Renato;Correia;Renato Correia
Antônio;Antunes;Antônio Antunes
Carla;Figueiredo;Carla Figueiredo
Camila;Loureiro;Camila Loureiro
Regina;Barros;Regina Barros
Carlos;Amorim;Carlos Amorim
Tatiane;Silva;Tatiane Silva
Márcia;Seabra;Márcia Seabra
Caio;Serafim;Caio Serafim
Carlos;Viana;Carlos Viana
Isabela;Nunes;Isabela Nunes
Renata;Simões;Renata Simões
Débora;Teixeira;Débora Teixeira
Carlos;Marinho;Carlos Marinho
Marcelo;Queiroz;Marcelo Queiroz
Luciana;Cunha;Luciana Cunha
Gabriel;Guimarães;Gabriel Guimarães
João;Xavier;João Xavier
Sofia;Souza;Sofia Souza
João;Rezende;João Rezende
Mônica;Quevedo;Mônica Quevedo
Gabriela;Brito;Gabriela Brito
Henrique;Saraiva;Henrique Saraiva
Débora;Mesquita;Débora Mesquita
Fabiana;Teixeira;Fabiana Teixeira
Larissa;Lemos;Larissa Lemos
Tatiane;Tavares;Tatiane Tavares
Rosa;Siqueira;Rosa Siqueira
Paula;Campos;Paula Campos
Igor;Brito;Igor Brito
Érica;Lemos;Érica Lemos
Kelly;Tavares;Kelly Tavares
Aline;Mendonça;Aline Mendonça
Flávia;Cintra;Flávia Cintra
Cláudia;Santana;Cláudia Santana
Isabela;Lemos;Isabela Lemos
Rosa;Tavares;Rosa Tavares
Jaqueline;Alves;Jaqueline Alves
Cristiano;Silva;Cristiano Silva
Isabela;Bezerra;Isabela Bezerra
Gabriela;Torres;Gabriela Torres
Samuel;Paiva;Samuel Paiva
Nelson;Ferreira;Nelson Ferreira
Camila;Santana;Camila Santana
Teresa;Bezerra;Teresa Bezerra
Letícia;Cardoso;Letícia Cardoso
Davi;Cunha;Davi Cunha
Letícia;Valente;Letícia Valente
Vinícius;Fonseca;Vinícius Fonseca
Diego;Costa;Diego Costa
Daniel;Passos;Daniel Passos
Adriana;Porto;Adriana Porto
Caio;Neves;Caio Neves
José;Bastos;José Bastos
Bruno;Cunha;Bruno Cunha
Eliane;Valente;Eliane Valente
Cristiane;Seabra;Cristiane Seabra
Lucas;Coelho;Lucas Coelho
Gustavo;Damasceno;Gustavo Damasceno
Talita;Rodrigues;Talita Rodrigues
Eliane;Farias;Eliane Farias
Juliana;Marinho;Juliana Marinho
Fábio;Teles;Fábio Teles
Cristiane;Simões;Cristiane Simões
Marcelo;Correia;Marcelo Correia
Davi;Lima;Davi Lima
Talita;Rezende;Talita Rezende
João;Pinto;João Pinto
Bianca;Magalhães;Bianca Magalhães
Sérgio;Coutinho;Sérgio Coutinho
Elisângela;Peixoto;Elisângela Peixoto
Bruno;Vasconcelos;Bruno Vasconcelos
Lucas;Azevedo;Lucas Azevedo
Nelson;Rodrigues;Nelson Rodrigues
Paula;Paiva;Paula Paiva
Mariana;Costa;Mariana Costa
Roberto;Dias;Roberto Dias
Carla;Marinho;Carla Marinho
Murilo;Campos;Murilo Campos
Cláudia;Mesquita;Cláudia Mesquita
Gabriela;Oliveira;Gabriela Oliveira
Cássio;Benevides;Cássio Benevides
Luciana;Damasceno;Luciana Damasceno
Luciano;Rodrigues;Luciano Rodrigues
Luciana;Neves;Luciana Neves
Fabiana;Monteiro;Fabiana Monteiro
Patrícia;Mascarenhas;Patrícia Mascarenhas
Camila;Nunes;Camila Nunes
Sérgio;Moraes;Sérgio Moraes
Roberta;Saraiva;Roberta Saraiva
André;Vieira;André Vieira
André;Aragão;André Aragão
Leonardo;Figueiredo;Leonardo Figueiredo
Eduardo;Dias;Eduardo Dias
Mônica;Braga;Mônica Braga
Nilson;Azevedo;Nilson Azevedo
Renato;Dias;Renato Dias
Rosa;Oliveira;Rosa Oliveira
Paulo;Pedrosa;Paulo Pedrosa
Letícia;Loureiro;Letícia Loureiro
João;Carvalho;João Carvalho
Wallace;Benevides;Wallace Benevides
Nelson;Rezende;Nelson Rezende
Douglas;Viana;Douglas Viana
Priscila;Costa;Priscila Costa
Eduardo;Loureiro;Eduardo Loureiro
Hugo;Figueiredo;Hugo Figueiredo
Cristiano;Pinto;Cristiano Pinto
Rafaela;Carvalho;Rafaela Carvalho
Davi;Santos;Davi Santos
Eduardo;Brito;Eduardo Brito
Alan;Vasconcelos;Alan Vasconcelos
Silvio;Cardoso;Silvio Cardoso
Carla;Leitão;Carla Leitão
Rafaela;Ferreira;Rafaela Ferreira
Carla;Braga;Carla Braga
Roberta;França;Roberta França
José;Queiroz;José Queiroz
Renato;Nunes;Renato Nunes
Cristiano;Oliveira;Cristiano Oliveira
Mauro;Barreto;Mauro Barreto
Cecília;Barros;Cecília Barros
Wallace;Rezende;Wallace Rezende
Priscila;Simões;Priscila Simões
Henrique;Viana;Henrique Viana
Flávia;Vasconcelos;Flávia Vasconcelos
João;Mascarenhas;João Mascarenhas
André;Teixeira;André Teixeira
Diego;Braga;Diego Braga
Cecília;Farias;Cecília Farias
Guilherme;Aragão;Guilherme Aragão
Gustavo;Siqueira;Gustavo Siqueira
Rodrigo;Seabra;Rodrigo Seabra
Vitor;Magalhães;Vitor Magalhães
Fernanda;Castro;Fernanda Castro
Adriana;Santos;Adriana Santos
Vinícius;Magalhães;Vinícius Magalhães
Adriana;Dorneles;Adriana Dorneles
Rosa;Coelho;Rosa Coelho
Elisângela;Pereira;Elisângela Pereira
Felipe;Fonseca;Felipe Fonseca
Gabriel;Mesquita;Gabriel Mesquita
Renato;Pedrosa;Renato Pedrosa
Carlos;Melo;Carlos Melo
Mateus;Teles;Mateus Teles
Fábio;Paiva;Fábio Paiva
Cláudia;Assis;Cláudia Assis
Álvaro;Teles;Álvaro Teles
Daniel;Quevedo;Daniel Quevedo
Aline;Dorneles;Aline Dorneles
Juliana;Magalhães;Juliana Magalhães
Vanessa;Holanda;Vanessa Holanda
Bruno;Antunes;Bruno Antunes
Juliana;Mendonça;Juliana Mendonça
Hugo;Moraes;Hugo Moraes
Talita;Loureiro;Talita Loureiro
Maria;Araújo;Maria Araújo
Wallace;Teixeira;Wallace Teixeira
Mauro;Peixoto;Mauro Peixoto
Rodrigo;Correia;Rodrigo Correia
Paula;Barros;Paula Barros
Vanessa;Ribeiro;Vanessa Ribeiro
Leonardo;Porto;Leonardo Porto
Flávia;Simões;Flávia Simões
Simone;Barros;Simone Barros
Carla;Maia;Carla Maia
Sérgio;Assis;Sérgio Assis
Regina;Macedo;Regina Macedo
Marcelo;Fonseca;Marcelo Fonseca
Álvaro;Santana;Álvaro Santana
Isabela;Quevedo;Isabela Quevedo
Thiago;Tavares;Thiago Tavares
José;Moreira;José Moreira
Wagner;Mascarenhas;Wagner Mascarenhas
Alexandre;Rangel;Alexandre Rangel
Caio;Barreto;Caio Barreto
Sérgio;Dias;Sérgio Dias
Rosa;Lemos;Rosa Lemos
Fábio;Cardoso;Fábio Cardoso
Osmar;Zago;Osmar Zago
Larissa;Monteiro;Larissa Monteiro
Igor;Passos;Igor Passos
Flávia;Vieira;Flávia Vieira
Igor;Xavier;Igor Xavier
Osmar;Estrela;Osmar Estrela
Davi;Maia;Davi Maia
Mariana;Barreto;Mariana Barreto
Érica;Gouveia;Érica Gouveia
Renata;França;Renata França
Elisângela;Lima;Elisângela Lima
Vanessa;Guimarães;Vanessa Guimarães
Elisângela;Porto;Elisângela Porto
Fabiana;Vasconcelos;Fabiana Vasconcelos
Davi;Aragão;Davi Aragão
Helena;Campos;Helena Campos
Carlos;Quevedo;Carlos Quevedo
Paula;Loureiro;Paula Loureiro
Natália;Prado;Natália Prado
Michele;Seabra;Michele Seabra
Roberto;Sales;Roberto Sales
Antônio;Marinho;Antônio Marinho
Pedro;Saraiva;Pedro Saraiva
Isabela;Teixeira;Isabela Teixeira
Mariana;Cintra;Mariana Cintra
Eliane;Neves;Eliane Neves
Adriana;Rocha;Adriana Rocha
Mateus;Antunes;Mateus Antunes
Larissa;Gouveia;Larissa Gouveia
Michele;Estrela;Michele Estrela
Nelson;Pedrosa;Nelson Pedrosa
Cecília;Melo;Cecília Melo
Luciana;Castro;Luciana Castro
Rosa;Cardoso;Rosa Cardoso
Leonardo;França;Leonardo França
Rosa;Teixeira;Rosa Teixeira
Débora;Dias;Débora Dias
Cecília;Souza;Cecília Souza
José;Santana;José Santana
Pedro;Souza;Pedro Souza
Gustavo;Zago;Gustavo Zago
André;Medeiros;André Medeiros
Adriana;Carvalho;Adriana Carvalho
Mônica;Marinho;Mônica Marinho
Adriana;Bastos;Adriana Bastos
Bruna;Araújo;Bruna Araújo
Alexandre;Ferreira;Alexandre Ferreira
Felipe;Valente;Felipe Valente
Rosa;Queiroz;Rosa Queiroz
Bianca;França;Bianca França
Michele;Brito;Michele Brito
Marcelo;Mascarenhas;Marcelo Mascarenhas
Mauro;Rezende;Mauro Rezende
Eliane;Serafim;Eliane Serafim
Rodrigo;Oliveira;Rodrigo Oliveira
Maria;Coelho;Maria Coelho
Flávia;Amorim;Flávia Amorim
Priscila;Pereira;Priscila Pereira
Roberto;Dorneles;Roberto Dorneles
Talita;Correia;Talita Correia
Rodrigo;Macedo;Rodrigo Macedo
Renata;Rezende;Renata Rezende
Mariana;Sales;Mariana Sales
Eliane;Batista;Eliane Batista
Luciana;Benevides;Luciana Benevides
Juliana;Vieira;Juliana Vieira
Antônio;Mendonça;Antônio Mendonça
Wagner;Cunha;Wagner Cunha
Nelson;Medeiros;Nelson Medeiros
Rosa;Damasceno;Rosa Damasceno
Joana;Braga;Joana Braga
Nilson;Marinho;Nilson Marinho
Renata;Monteiro;Renata Monteiro
André;Barros;André Barros
Márcia;Coelho;Márcia Coelho
Pedro;Mendonça;Pedro Mendonça
Leonardo;Rodrigues;Leonardo Rodrigues
Flávia;Figueiredo;Flávia Figueiredo
Eduardo;Benevides;Eduardo Benevides
Isabela;Santos;Isabela Santos
Luciano;Pereira;Luciano Pereira
Mariana;Monteiro;Mariana Monteiro
Daniel;Figueiredo;Daniel Figueiredo
Simone;Sampaio;Simone Sampaio
Jorge;Simões;Jorge Simões
Wallace;Lemos;Wallace Lemos
Alan;Moura;Alan Moura
Paula;Rangel;Paula Rangel
Larissa;Rezende;Larissa Rezende
Letícia;Duarte;Letícia Duarte
Diego;Santos;Diego Santos
Simone;Siqueira;Simone Siqueira
Pedro;Aragão;Pedro Aragão
Renata;Ferreira;Renata Ferreira
Tatiane;Vieira;Tatiane Vieira
Gustavo;Freitas;Gustavo Freitas
Eliane;Teles;Eliane Teles
Caio;Duarte;Caio Duarte
Marcelo;Maia;Marcelo Maia
Natália;Gouveia;Natália Gouveia
Vinícius;Lima;Vinícius Lima
Everton;Estrela;Everton Estrela
Simone;Saraiva;Simone Saraiva
Douglas;Fonseca;Douglas Fonseca
Simone;Rodrigues;Simone Rodrigues
Fábio;Assis;Fábio Assis
Davi;Coelho;Davi Coelho
Larissa;Queiroz;Larissa Queiroz
Igor;Costa;Igor Costa
Silvio;Ribeiro;Silvio Ribeiro
Talita;Carvalho;Talita Carvalho
Diego;Rezende;Diego Rezende
Guilherme;Torres;Guilherme Torres
Wallace;Castro;Wallace Castro
Natália;Saraiva;Natália Saraiva
Ana;Alves;Ana Alves
Igor;Teixeira;Igor Teixeira
Teresa;Pires;Teresa Pires
Caio;Pedrosa;Caio Pedrosa
Paulo;Cardoso;Paulo Cardoso
Jaqueline;Queiroz;Jaqueline Queiroz
Rosa;Mendonça;Rosa Mendonça
Érica;Queiroz;Érica Queiroz
Paula;Gouveia;Paula Gouveia
Fábio;Farias;Fábio Farias
Alan;Brito;Alan Brito
Vanessa;Lemos;Vanessa Lemos
Leonardo;Zago;Leonardo Zago
Thiago;Gomes;Thiago Gomes
Mônica;Assis;Mônica Assis
Alan;Assis;Alan Assis
Sérgio;Coelho;Sérgio Coelho
Wagner;Quevedo;Wagner Quevedo
Eduardo;Araújo;Eduardo Araújo
Carlos;Pires;Carlos Pires
Alan;Lemos;Alan Lemos
Samuel;Valente;Samuel Valente
Luciana;Ribeiro;Luciana Ribeiro
Camila;Ferreira;Camila Ferreira
Adriana;Melo;Adriana Melo
Osmar;Figueiredo;Osmar Figueiredo
Sérgio;Bezerra;Sérgio Bezerra
José;Dias;José Dias
André;Mesquita;André Mesquita
Bruno;Rocha;Bruno Rocha
Camila;Antunes;Camila Antunes
Henrique;Sales;Henrique Sales
Cássio;Assis;Cássio Assis
Vanessa;Prado;Vanessa Prado
Diego;Benevides;Diego Benevides
José;Viana;José Viana
Teresa;Figueiredo;Teresa Figueiredo
Rafaela;Neves;Rafaela Neves
Guilherme;Rangel;Guilherme Rangel
Sérgio;Maia;Sérgio Maia
Carlos;Porto;Carlos Porto
Wagner;Tavares;Wagner Tavares
Roberto;Melo;Roberto Melo
Sônia;Simões;Sônia Simões
Fábio;Amorim;Fábio Amorim
Bianca;Damasceno;Bianca Damasceno
Mônica;Porto;Mônica Porto
Renata;Pires;Renata Pires
Igor;Pedrosa;Igor Pedrosa
Érica;Benevides;Érica Benevides
Regina;Xavier;Regina Xavier
Maria;Queiroz;Maria Queiroz
Carla;Guimarães;Carla Guimarães
Kelly;Mesquita;Kelly Mesquita
Everton;Valente;Everton Valente
Jaqueline;Peixoto;Jaqueline Peixoto
Renata;Coelho;Renata Coelho
Diego;Figueiredo;Diego Figueiredo
Sônia;Melo;Sônia Melo
Gabriel;Dorneles;Gabriel Dorneles
Mauro;Lima;Mauro Lima
Guilherme;Holanda;Guilherme Holanda
Gustavo;Rocha;Gustavo Rocha
Thiago;Moreira;Thiago Moreira
Vanessa;Silva;Vanessa Silva
Felipe;Dorneles;Felipe Dorneles
Mariana;Moreira;Mariana Moreira
Aline;Gomes;Aline Gomes
Ana;Quevedo;Ana Quevedo
Joana;Mendonça;Joana Mendonça
Gustavo;Teixeira;Gustavo Teixeira
Kelly;Moraes;Kelly Moraes
Roberta;Brito;Roberta Brito
Bruno;Coutinho;Bruno Coutinho
Larissa;Dorneles;Larissa Dorneles
Álvaro;Ribeiro;Álvaro Ribeiro
Eliane;Saraiva;Eliane Saraiva
Maria;Carvalho;Maria Carvalho
Isabela;Siqueira;Isabela Siqueira
Henrique;Maia;Henrique Maia
Mariana;Batista;Mariana Batista
Rafaela;Mascarenhas;Rafaela Mascarenhas
Bruna;Castro;Bruna Castro
Carlos;Braga;Carlos Braga
Carla;Rocha;Carla Rocha
Hugo;Teixeira;Hugo Teixeira
Douglas;Rocha;Douglas Rocha
Larissa;Simões;Larissa Simões
Antônio;Viana;Antônio Viana
Rafael;Gomes;Rafael Gomes
Teresa;Vieira;Teresa Vieira
Vanessa;Peixoto;Vanessa Peixoto
Larissa;Antunes;Larissa Antunes
Silvio;Neves;Silvio Neves
Patrícia;Carvalho;Patrícia Carvalho
Davi;Magalhães;Davi Magalhães
Hugo;Ferreira;Hugo Ferreira
Renata;Santana;Renata Santana
Aline;Quevedo;Aline Quevedo
Vinícius;Gomes;Vinícius Gomes
Daniel;Assis;Daniel Assis
Ana;Azevedo;Ana Azevedo
Érica;Sales;Érica Sales
Sônia;Coutinho;Sônia Coutinho
Rafaela;Bezerra;Rafaela Bezerra
Nelson;Duarte;Nelson Duarte
Thiago;Moura;Thiago Moura
Wallace;Gomes;Wallace Gomes
Leonardo;Azevedo;Leonardo Azevedo
Wallace;Zago;Wallace Zago
Leonardo;Pereira;Leonardo Pereira
Pedro;Xavier;Pedro Xavier
Mauro;Santana;Mauro Santana
Isabela;Rezende;Isabela Rezende
Bianca;Loureiro;Bianca Loureiro
Tatiane;Loureiro;Tatiane Loureiro
Cristiane;Coelho;Cristiane Coelho
Joana;Marinho;Joana Marinho
Luciana;Moraes;Luciana Moraes
Igor;Macedo;Igor Macedo
Igor;Coelho;Igor Coelho
Daniel;Aragão;Daniel Aragão
Everton;Ribeiro;Everton Ribeiro
Bruno;Sampaio;Bruno Sampaio
Douglas;França;Douglas França
Letícia;Braga;Letícia Braga
Eliane;Aragão;Eliane Aragão
Sérgio;Valente;Sérgio Valente
Simone;Alves;Simone Alves
Samuel;Azevedo;Samuel Azevedo
Gabriela;Damasceno;Gabriela Damasceno
Murilo;Macedo;Murilo Macedo
Alexandre;Azevedo;Alexandre Azevedo
Leonardo;Marinho;Leonardo Marinho
Aline;Souza;Aline Souza
Cláudia;Macedo;Cláudia Macedo
Paula;Coutinho;Paula Coutinho
Rosa;Duarte;Rosa Duarte
Fábio;Rezende;Fábio Rezende
Cristiano;Simões;Cristiano Simões
Osmar;Valente;Osmar Valente
Caio;Mesquita;Caio Mesquita
Sofia;Medeiros;Sofia Medeiros
Henrique;Passos;Henrique Passos
Antônio;Torres;Antônio Torres
Mateus;Mascarenhas;Mateus Mascarenhas
Marcelo;Simões;Marcelo Simões
Mateus;Azevedo;Mateus Azevedo
Paulo;Bezerra;Paulo Bezerra
Nelson;Prado;Nelson Prado
Juliana;Antunes;Juliana Antunes
Igor;Estrela;Igor Estrela
Luciana;Bastos;Luciana Bastos
Maria;França;Maria França
Marcelo;Siqueira;Marcelo Siqueira
Nelson;Teles;Nelson Teles
Cristiane;Barros;Cristiane Barros
Sérgio;Campos;Sérgio Campos
Bruna;Vasconcelos;Bruna Vasconcelos
Daniel;Queiroz;Daniel Queiroz
Letícia;Brito;Letícia Brito
Cláudia;Cintra;Cláudia Cintra
Joana;Fonseca;Joana Fonseca
Sérgio;Cintra;Sérgio Cintra
Kelly;Siqueira;Kelly Siqueira
Mônica;Neves;Mônica Neves
Renata;Holanda;Renata Holanda
Eduardo;Souza;Eduardo Souza
Rafael;Pinto;Rafael Pinto
Roberto;Pinto;Roberto Pinto
Nelson;Melo;Nelson Melo
Caio;Rodrigues;Caio Rodrigues
Lucas;Castro;Lucas Castro
Igor;Rocha;Igor Rocha
Sofia;Rangel;Sofia Rangel
Thiago;Barreto;Thiago Barreto
Gabriel;Amorim;Gabriel Amorim
Felipe;Aragão;Felipe Aragão
André;Saraiva;André Saraiva
Isabela;Viana;Isabela Viana
Bianca;Siqueira;Bianca Siqueira
Renato;Carvalho;Renato Carvalho
Bruno;Seabra;Bruno Seabra
Henrique;Fonseca;Henrique Fonseca
Henrique;Alves;Henrique Alves
Tatiane;Campos;Tatiane Campos
Regina;Pereira;Regina Pereira
Lucas;Estrela;Lucas Estrela
Hugo;Castro;Hugo Castro
Roberto;Martins;Roberto Martins
Camila;Teixeira;Camila Teixeira
Silvio;Damasceno;Silvio Damasceno
Luciano;Valente;Luciano Valente
Murilo;Porto;Murilo Porto
Joana;Teles;Joana Teles
André;Campos;André Campos
Vanessa;Vieira;Vanessa Vieira
Fabiana;Costa;Fabiana Costa
Rafaela;Rezende;Rafaela Rezende
José;Ribeiro;José Ribeiro
Leonardo;Coelho;Leonardo Coelho
Talita;Aragão;Talita Aragão
Maria;Dorneles;Maria Dorneles
Márcia;Quevedo;Márcia Quevedo
Davi;Silva;Davi Silva
Renato;Coelho;Renato Coelho
Elisângela;Mesquita;Elisângela Mesquita
Cristiano;Torres;Cristiano Torres
Natália;Moreira;Natália Moreira
Everton;Torres;Everton Torres
Adriana;Gomes;Adriana Gomes
Jaqueline;Barros;Jaqueline Barros
Fabiana;Serafim;Fabiana Serafim
Renato;Alves;Renato Alves
Caio;Farias;Caio Farias
Patrícia;Rangel;Patrícia Rangel
Camila;Pinto;Camila Pinto
Murilo;Pedrosa;Murilo Pedrosa
Silvio;Loureiro;Silvio Loureiro
Silvio;Coutinho;Silvio Coutinho
João;Moraes;João Moraes
Fábio;Rodrigues;Fábio Rodrigues
Paulo;Torres;Paulo Torres
Hugo;Vasconcelos;Hugo Vasconcelos
Osmar;Vieira;Osmar Vieira
Érica;Estrela;Érica Estrela
Gustavo;Ferreira;Gustavo Ferreira
Bruno;Neves;Bruno Neves
Guilherme;Costa;Guilherme Costa
Mônica;Cunha;Mônica Cunha
Aline;Coutinho;Aline Coutinho
Cecília;Campos;Cecília Campos
Renata;Amorim;Renata Amorim
Rafaela;Brito;Rafaela Brito
João;Maia;João Maia
Cecília;Pereira;Cecília Pereira
Caio;Pinto;Caio Pinto
Henrique;Bezerra;Henrique Bezerra
Antônio;Rezende;Antônio Rezende
José;Batista;José Batista
Juliana;Azevedo;Juliana Azevedo
Vitor;Loureiro;Vitor Loureiro
Roberto;Costa;Roberto Costa
Bianca;Nunes;Bianca Nunes
Eliane;Macedo;Eliane Macedo
Érica;Quevedo;Érica Quevedo
Rosa;Zago;Rosa Zago
Gustavo;Batista;Gustavo Batista
Douglas;Souza;Douglas Souza
Eliane;Teixeira;Eliane Teixeira
Ana;Freitas;Ana Freitas
Regina;Serafim;Regina Serafim
Fernanda;Viana;Fernanda Viana
Adriana;Assis;Adriana Assis
Nilson;Barreto;Nilson Barreto
Roberto;Loureiro;Roberto Loureiro
Gabriela;Mesquita;Gabriela Mesquita
Cristiane;Vasconcelos;Cristiane Vasconcelos
Alan;Araújo;Alan Araújo
Adriana;Marinho;Adriana Marinho
Mariana;Serafim;Mariana Serafim
Helena;Maia;Helena Maia
Diego;Simões;Diego Simões
Álvaro;Saraiva;Álvaro Saraiva
Sofia;Correia;Sofia Correia
Pedro;Figueiredo;Pedro Figueiredo
Cássio;Martins;Cássio Martins
Patrícia;Peixoto;Patrícia Peixoto
Isabela;Moraes;Isabela Moraes
Felipe;Santana;Felipe Santana
Daniela;Oliveira;Daniela Oliveira
Aline;Barreto;Aline Barreto
Cláudia;Holanda;Cláudia Holanda
Samuel;Melo;Samuel Melo
Cristiane;Souza;Cristiane Souza
Cristiane;Barreto;Cristiane Barreto
Renato;Pinto;Renato Pinto
Luciana;Monteiro;Luciana Monteiro
Vanessa;Braga;Vanessa Braga
Fernanda;Duarte;Fernanda Duarte
Mateus;Benevides;Mateus Benevides
Márcia;Simões;Márcia Simões
Natália;Marinho;Natália Marinho
Sofia;Gouveia;Sofia Gouveia
Rafael;França;Rafael França
Vinícius;Porto;Vinícius Porto
Igor;Tavares;Igor Tavares
Simone;Torres;Simone Torres
Igor;Seabra;Igor Seabra
Paulo;Barreto;Paulo Barreto
Cristiane;Queiroz;Cristiane Queiroz
Thiago;Damasceno;Thiago Damasceno
Bruna;Saraiva;Bruna Saraiva
Natália;Loureiro;Natália Loureiro
Patrícia;Pires;Patrícia Pires
Daniel;Oliveira;Daniel Oliveira
Roberta;Cunha;Roberta Cunha
Murilo;Farias;Murilo Farias
Regina;Moraes;Regina Moraes
Natália;Dias;Natália Dias
Cecília;Dias;Cecília Dias
Vinícius;Batista;Vinícius Batista
Antônio;Souza;Antônio Souza
Michele;Teles;Michele Teles
Hugo;Alves;Hugo Alves
Igor;Neves;Igor Neves
Luciana;Pires;Luciana Pires
Felipe;Monteiro;Felipe Monteiro
Regina;Damasceno;Regina Damasceno
Everton;Mendonça;Everton Mendonça
Lucas;Neves;Lucas Neves
Letícia;Mesquita;Letícia Mesquita
Rafaela;Assis;Rafaela Assis
Daniela;Peixoto;Daniela Peixoto
Wagner;Figueiredo;Wagner Figueiredo
Elisângela;Coelho;Elisângela Coelho
Jaqueline;Macedo;Jaqueline Macedo
Juliana;Saraiva;Juliana Saraiva
Cássio;Holanda;Cássio Holanda
Patrícia;Araújo;Patrícia Araújo
Lucas;Mendonça;Lucas Mendonça
Sônia;Xavier;Sônia Xavier
Henrique;Seabra;Henrique Seabra
Cristiano;Cardoso;Cristiano Cardoso
Guilherme;Moraes;Guilherme Moraes
Henrique;Dorneles;Henrique Dorneles
Ana;Teixeira;Ana Teixeira
Renato;Gomes;Renato Gomes
Sônia;Teixeira;Sônia Teixeira
Nelson;Batista;Nelson Batista
Gabriel;Pedrosa;Gabriel Pedrosa
Douglas;Queiroz;Douglas Queiroz
Nelson;Souza;Nelson Souza
Vitor;Coutinho;Vitor Coutinho
Cássio;Marinho;Cássio Marinho
Eduardo;Gomes;Eduardo Gomes
Juliana;Bastos;Juliana Bastos
Ana;Oliveira;Ana Oliveira
Igor;Rodrigues;Igor Rodrigues
Antônio;Rocha;Antônio Rocha
Mariana;Farias;Mariana Farias
Everton;Araújo;Everton Araújo
Pedro;Neves;Pedro Neves
Mauro;Benevides;Mauro Benevides
Gabriela;Rocha;Gabriela Rocha
Talita;Passos;Talita Passos
Priscila;Oliveira;Priscila Oliveira
Eliane;Dias;Eliane Dias
Letícia;Seabra;Letícia Seabra
Larissa;Damasceno;Larissa Damasceno
Murilo;Teles;Murilo Teles
Mateus;Coutinho;Mateus Coutinho
Leonardo;Quevedo;Leonardo Quevedo
Renato;Rangel;Renato Rangel
Leonardo;Rezende;Leonardo Rezende
João;Castro;João Castro
Alan;Rezende;Alan Rezende
Renata;Queiroz;Renata Queiroz
Bruna;Campos;Bruna Campos
Caio;Cardoso;Caio Cardoso
Renato;Serafim;Renato Serafim
Regina;Rocha;Regina Rocha
Talita;Nunes;Talita Nunes
Cecília;Cintra;Cecília Cintra
Mauro;Dias;Mauro Dias
Érica;Moura;Érica Moura
Nilson;Bastos;Nilson Bastos
Renata;Souza;Renata Souza
André;Monteiro;André Monteiro
Mariana;Paiva;Mariana Paiva
Luciana;Teles;Luciana Teles
Gustavo;Seabra;Gustavo Seabra
Nilson;Assis;Nilson Assis
Vitor;Campos;Vitor Campos
Bruna;Barreto;Bruna Barreto
Luciano;Sampaio;Luciano Sampaio
Samuel;Neves;Samuel Neves
Vanessa;Souza;Vanessa Souza
Mariana;Santana;Mariana Santana
Pedro;Rocha;Pedro Rocha
Michele;Santana;Michele Santana
José;Rangel;José Rangel
Eliane;Antunes;Eliane Antunes
Adriana;Passos;Adriana Passos
Vinícius;Siqueira;Vinícius Siqueira
Kelly;Xavier;Kelly Xavier
Vinícius;Benevides;Vinícius Benevides
Joana;Costa;Joana Costa
Cristiano;Alves;Cristiano Alves
Vanessa;Mesquita;Vanessa Mesquita
Teresa;Holanda;Teresa Holanda
Renata;Paiva;Renata Paiva
Camila;Moreira;Camila Moreira
Natália;Rezende;Natália Rezende
Vitor;Mascarenhas;Vitor Mascarenhas
Aline;Siqueira;Aline Siqueira
Rafaela;Fonseca;Rafaela Fonseca
Fernanda;Vieira;Fernanda Vieira
Vitor;Tavares;Vitor Tavares
André;Queiroz;André Queiroz
Larissa;Prado;Larissa Prado
Cristiano;Barreto;Cristiano Barreto
Guilherme;Guimarães;Guilherme Guimarães
Luciana;Pedrosa;Luciana Pedrosa
Vanessa;Lima;Vanessa Lima
Rodrigo;Torres;Rodrigo Torres
Rosa;Alves;Rosa Alves
Adriana;Castro;Adriana Castro
Aline;Pinto;Aline Pinto
Renata;Benevides;Renata Benevides
Marcelo;Oliveira;Marcelo Oliveira
Mateus;Amorim;Mateus Amorim
Juliana;Santos;Juliana Santos
Kelly;Rodrigues;Kelly Rodrigues
Silvio;Paiva;Silvio Paiva
Igor;Duarte;Igor Duarte
Fabiana;Cintra;Fabiana Cintra
Tatiane;Peixoto;Tatiane Peixoto
Fábio;Carvalho;Fábio Carvalho
Diego;Moura;Diego Moura
Felipe;Sampaio;Felipe Sampaio
Sofia;Brito;Sofia Brito
Priscila;Siqueira;Priscila Siqueira
Rodrigo;Saraiva;Rodrigo Saraiva
Priscila;Antunes;Priscila Antunes
Patrícia;Vieira;Patrícia Vieira
Marcelo;Coutinho;Marcelo Coutinho
Camila;Prado;Camila Prado
Sérgio;Quevedo;Sérgio Quevedo
Wallace;Teles;Wallace Teles
Camila;Marinho;Camila Marinho
Daniel;Correia;Daniel Correia
Jorge;Torres;Jorge Torres
Gustavo;Campos;Gustavo Campos
Thiago;Ribeiro;Thiago Ribeiro
Regina;Ferreira;Regina Ferreira
Fábio;Seabra;Fábio Seabra
Carlos;Pereira;Carlos Pereira
Paula;Costa;Paula Costa
Eliane;Porto;Eliane Porto
Eliane;Rangel;Eliane Rangel
Luciana;Seabra;Luciana Seabra
Márcia;Peixoto;Márcia Peixoto
Alexandre;Gouveia;Alexandre Gouveia
Wallace;Siqueira;Wallace Siqueira
Márcia;Marinho;Márcia Marinho
Eduardo;Magalhães;Eduardo Magalhães
Bianca;Correia;Bianca Correia
Sônia;Paiva;Sônia Paiva
Sônia;Mendonça;Sônia Mendonça
Wallace;Holanda;Wallace Holanda
Leonardo;Vieira;Leonardo Vieira
Bruno;Rezende;Bruno Rezende
Juliana;Farias;Juliana Farias
Gabriela;Medeiros;Gabriela Medeiros
Samuel;Teixeira;Samuel Teixeira
João;Paiva;João Paiva
Silvio;Coelho;Silvio Coelho
Sérgio;Rezende;Sérgio Rezende
Leonardo;Cardoso;Leonardo Cardoso
Samuel;Barros;Samuel Barros
Eliane;Costa;Eliane Costa
Regina;Mesquita;Regina Mesquita
Roberta;Guimarães;Roberta Guimarães
Gabriela;Macedo;Gabriela Macedo
Cristiano;Rezende;Cristiano Rezende
Renata;Saraiva;Renata Saraiva
Luciana;Rocha;Luciana Rocha
Maria;Moraes;Maria Moraes
Flávia;Assis;Flávia Assis
Pedro;Oliveira;Pedro Oliveira
Wagner;Viana;Wagner Viana
Hugo;Melo;Hugo Melo
Rosa;Lima;Rosa Lima
Ana;Moraes;Ana Moraes
Wagner;Seabra;Wagner Seabra
Érica;Medeiros;Érica Medeiros
Renato;Cunha;Renato Cunha
Silvio;Martins;Silvio Martins
Bianca;Martins;Bianca Martins
Nilson;Rezende;Nilson Rezende
Silvio;Melo;Silvio Melo
Sérgio;Amorim;Sérgio Amorim
Osmar;Martins;Osmar Martins
Bruno;Guimarães;Bruno Guimarães
Everton;Coutinho;Everton Coutinho
Felipe;Damasceno;Felipe Damasceno
Alan;Peixoto;Alan Peixoto
Érica;Freitas;Érica Freitas
Joana;Cintra;Joana Cintra
Eduardo;Moura;Eduardo Moura
Patrícia;Batista;Patrícia Batista
Isabela;Pires;Isabela Pires
Cristiane;Rodrigues;Cristiane Rodrigues
Simone;Santos;Simone Santos
Cristiano;Estrela;Cristiano Estrela
Marcelo;Rangel;Marcelo Rangel
Flávia;Braga;Flávia Braga
Guilherme;Pinto;Guilherme Pinto
Lucas;Siqueira;Lucas Siqueira
Rafael;Cardoso;Rafael Cardoso
Natália;Barreto;Natália Barreto
Sônia;Porto;Sônia Porto
Wagner;Paiva;Wagner Paiva
Renato;Vieira;Renato Vieira
Joana;Macedo;Joana Macedo
Kelly;Cunha;Kelly Cunha
Adriana;Saraiva;Adriana Saraiva
Vitor;Medeiros;Vitor Medeiros
Fernanda;Estrela;Fernanda Estrela
Renata;Silva;Renata Silva
Paulo;Siqueira;Paulo Siqueira
João;Costa;João Costa
Bruna;Porto;Bruna Porto
Vitor;Barros;Vitor Barros
Paulo;Moura;Paulo Moura
Carla;Costa;Carla Costa
Vinícius;Braga;Vinícius Braga
Caio;Antunes;Caio Antunes
Fernanda;Marinho;Fernanda Marinho
Alan;Nunes;Alan Nunes
Roberta;Ribeiro;Roberta Ribeiro
Thiago;Azevedo;Thiago Azevedo
João;França;João França
Renata;Araújo;Renata Araújo
Vinícius;Oliveira;Vinícius Oliveira
Isabela;Simões;Isabela Simões
Alexandre;Costa;Alexandre Costa
Patrícia;Freitas;Patrícia Freitas
Caio;Xavier;Caio Xavier
Rafael;Campos;Rafael Campos
Cristiane;Martins;Cristiane Martins
Priscila;Macedo;Priscila Macedo
Paula;Tavares;Paula Tavares
Jorge;Porto;Jorge Porto
Cássio;Vieira;Cássio Vieira
Douglas;Coutinho;Douglas Coutinho
Alan;Fonseca;Alan Fonseca
Luciana;Maia;Luciana Maia
Michele;Coutinho;Michele Coutinho
Fabiana;Barros;Fabiana Barros
Carla;Batista;Carla Batista
Joana;Moraes;Joana Moraes
Adriana;Sampaio;Adriana Sampaio
Samuel;Simões;Samuel Simões
Cecília;Moura;Cecília Moura
Talita;Martins;Talita Martins
Vanessa;Moraes;Vanessa Moraes
Everton;Quevedo;Everton Quevedo
Jaqueline;Dias;Jaqueline Dias
Gabriel;Maia;Gabriel Maia
Thiago;Santos;Thiago Santos
Igor;Moura;Igor Moura
Caio;Aragão;Caio Aragão
Teresa;Queiroz;Teresa Queiroz
Eduardo;Rocha;Eduardo Rocha
Rodrigo;Leitão;Rodrigo Leitão
André;Loureiro;André Loureiro
Adriana;Paiva;Adriana Paiva
Kelly;Correia;Kelly Correia
Marcelo;Valente;Marcelo Valente
Fábio;Figueiredo;Fábio Figueiredo
Joana;Medeiros;Joana Medeiros
Alexandre;Batista;Alexandre Batista
Nilson;Freitas;Nilson Freitas
Osmar;Rangel;Osmar Rangel
Roberto;Teixeira;Roberto Teixeira
Paula;Siqueira;Paula Siqueira
Vinícius;Xavier;Vinícius Xavier
Samuel;Seabra;Samuel Seabra
Eduardo;Amorim;Eduardo Amorim
Natália;Seabra;Natália Seabra
Sérgio;Tavares;Sérgio Tavares
Fábio;Silva;Fábio Silva
Samuel;Holanda;Samuel Holanda
Kelly;Amorim;Kelly Amorim
Adriana;Oliveira;Adriana Oliveira
Renato;Zago;Renato Zago
Camila;Oliveira;Camila Oliveira
Vanessa;Siqueira;Vanessa Siqueira
Eduardo;Cunha;Eduardo Cunha
Cássio;Quevedo;Cássio Quevedo
Osmar;Peixoto;Osmar Peixoto
Teresa;Guimarães;Teresa Guimarães
Priscila;Mesquita;Priscila Mesquita
Nilson;Oliveira;Nilson Oliveira
Jaqueline;Farias;Jaqueline Farias
Teresa;Gouveia;Teresa Gouveia
Letícia;Rodrigues;Letícia Rodrigues
Débora;Rangel;Débora Rangel
Rafael;Medeiros;Rafael Medeiros
Rafaela;Zago;Rafaela Zago
Vanessa;Valente;Vanessa Valente
Álvaro;Vieira;Álvaro Vieira
Cecília;Seabra;Cecília Seabra
Fábio;Monteiro;Fábio Monteiro
João;Estrela;João Estrela
Cristiano;Damasceno;Cristiano Damasceno
Daniela;Silva;Daniela Silva
Wagner;Mendonça;Wagner Mendonça
Rafaela;Teles;Rafaela Teles
Hugo;Barreto;Hugo Barreto
Elisângela;Santana;Elisângela Santana
Letícia;Marinho;Letícia Marinho
Vinícius;Cunha;Vinícius Cunha
Fernanda;Batista;Fernanda Batista
Teresa;Teles;Teresa Teles
Davi;Oliveira;Davi Oliveira
Vanessa;Benevides;Vanessa Benevides
Fabiana;Tavares;Fabiana Tavares
Érica;Silva;Érica Silva
André;Coelho;André Coelho
Letícia;Gouveia;Letícia Gouveia
Carlos;Benevides;Carlos Benevides
Carlos;Moreira;Carlos Moreira
Nelson;Macedo;Nelson Macedo
Guilherme;Teixeira;Guilherme Teixeira
Rafaela;Moreira;Rafaela Moreira
Cássio;Barreto;Cássio Barreto
Marcelo;Loureiro;Marcelo Loureiro
Diego;Farias;Diego Farias
Carla;Bastos;Carla Bastos
Carla;Prado;Carla Prado
Rafael;Peixoto;Rafael Peixoto
Henrique;Prado;Henrique Prado
Juliana;Pinto;Juliana Pinto
Osmar;Oliveira;Osmar Oliveira
Mônica;Carvalho;Mônica Carvalho
Renata;Passos;Renata Passos
Talita;Araújo;Talita Araújo
André;Castro;André Castro
Jaqueline;Estrela;Jaqueline Estrela
Osmar;Freitas;Osmar Freitas
Henrique;Tavares;Henrique Tavares
Marcelo;Barros;Marcelo Barros
Patrícia;Damasceno;Patrícia Damasceno
Joana;Nunes;Joana Nunes
Helena;Sales;Helena Sales
Gabriel;Moreira;Gabriel Moreira
Helena;Farias;Helena Farias
Nelson;Antunes;Nelson Antunes
Isabela;Aragão;Isabela Aragão
Helena;Pires;Helena Pires
Nelson;Simões;Nelson Simões
Mariana;Azevedo;Mariana Azevedo
Bruno;Barros;Bruno Barros
Gabriel;Queiroz;Gabriel Queiroz
Gabriela;Saraiva;Gabriela Saraiva
Simone;Souza;Simone Souza
Jorge;Figueiredo;Jorge Figueiredo
Gabriel;Braga;Gabriel Braga
Jorge;Tavares;Jorge Tavares
Fábio;Barros;Fábio Barros
Gabriel;Tavares;Gabriel Tavares
Igor;Oliveira;Igor Oliveira
Adriana;Pinto;Adriana Pinto
Fábio;Cunha;Fábio Cunha
Leonardo;Medeiros;Leonardo Medeiros
Carlos;Simões;Carlos Simões
Elisângela;Correia;Elisângela Correia
Nilson;Rezende;Nilson Rezende
Vanessa;Marinho;Vanessa Marinho
Bruno;Cardoso;Bruno Cardoso
Sérgio;Monteiro;Sérgio Monteiro
Álvaro;Simões;Álvaro Simões
Isabela;Vasconcelos;Isabela Vasconcelos
Luciano;Mendonça;Luciano Mendonça
Osmar;Pereira;Osmar Pereira
Antônio;Leitão;Antônio Leitão
Mônica;Pereira;Mônica Pereira
Álvaro;Pires;Álvaro Pires
Rafael;Mendonça;Rafael Mendonça
Rafaela;Souza;Rafaela Souza
Igor;Lemos;Igor Lemos
Gabriela;Rezende;Gabriela Rezende
Priscila;Barros;Priscila Barros
Daniela;Lemos;Daniela Lemos
Nilson;Figueiredo;Nilson Figueiredo
Adriana;Sales;Adriana Sales
Fernanda;Peixoto;Fernanda Peixoto
Jaqueline;Pires;Jaqueline Pires
Cecília;Fonseca;Cecília Fonseca
Cássio;Ribeiro;Cássio Ribeiro
Márcia;Leitão;Márcia Leitão
Pedro;Bezerra;Pedro Bezerra
Roberta;Farias;Roberta Farias
Isabela;Ribeiro;Isabela Ribeiro
João;Coutinho;João Coutinho
Eliane;Souza;Eliane Souza
Daniela;Barros;Daniela Barros
Érica;Siqueira;Érica Siqueira
Fábio;Santana;Fábio Santana
Luciano;Mesquita;Luciano Mesquita
Igor;Rangel;Igor Rangel
Marcelo;Zago;Marcelo Zago
Natália;Moura;Natália Moura
Davi;Neves;Davi Neves
Regina;Neves;Regina Neves
Vanessa;Medeiros;Vanessa Medeiros
Michele;Macedo;Michele Macedo
Vitor;Monteiro;Vitor Monteiro
Diego;Santana;Diego Santana
Fabiana;Fonseca;Fabiana Fonseca
Gabriela;Alves;Gabriela Alves
Gustavo;Dorneles;Gustavo Dorneles
José;Saraiva;José Saraiva
Alexandre;Silva;Alexandre Silva
Natália;Pinto;Natália Pinto
Davi;Azevedo;Davi Azevedo
Alexandre;Dorneles;Alexandre Dorneles
Gabriela;Prado;Gabriela Prado
Rodrigo;Rezende;Rodrigo Rezende
Vitor;Duarte;Vitor Duarte
Gabriela;Viana;Gabriela Viana
Jaqueline;Valente;Jaqueline Valente
Alan;Maia;Alan Maia
Álvaro;Maia;Álvaro Maia
Jorge;Sampaio;Jorge Sampaio
Eduardo;Passos;Eduardo Passos
Gustavo;Tavares;Gustavo Tavares
Caio;Coelho;Caio Coelho
João;Santos;João Santos
Thiago;Santana;Thiago Santana
Elisângela;Brito;Elisângela Brito
João;Peixoto;João Peixoto
Cássio;Dorneles;Cássio Dorneles
Hugo;Valente;Hugo Valente
Sofia;Gomes;Sofia Gomes
Diego;Magalhães;Diego Magalhães
Débora;Barros;Débora Barros
Cristiane;Passos;Cristiane Passos
Jaqueline;Maia;Jaqueline Maia
Wallace;Damasceno;Wallace Damasceno
Michele;Prado;Michele Prado
Fabiana;Carvalho;Fabiana Carvalho
Natália;Moraes;Natália Moraes
Leonardo;Ribeiro;Leonardo Ribeiro
Simone;Maia;Simone Maia
Mateus;Sales;Mateus Sales
Cristiano;Barros;Cristiano Barros
Samuel;Gomes;Samuel Gomes
Flávia;Santana;Flávia Santana
Murilo;Freitas;Murilo Freitas
Bruna;Paiva;Bruna Paiva
Felipe;Gomes;Felipe Gomes
Michele;Mendonça;Michele Mendonça
Rafaela;Maia;Rafaela Maia
Cássio;Santana;Cássio Santana
Gabriel;Vasconcelos;Gabriel Vasconcelos
Débora;Tavares;Débora Tavares
Daniel;Pereira;Daniel Pereira
Mariana;Barros;Mariana Barros
Cecília;Marinho;Cecília Marinho
Teresa;Moura;Teresa Moura
Mônica;Peixoto;Mônica Peixoto
Adriana;Amorim;Adriana Amorim
Larissa;Barreto;Larissa Barreto
Gabriel;Cintra;Gabriel Cintra
Felipe;Campos;Felipe Campos
Renata;Lemos;Renata Lemos
Henrique;Batista;Henrique Batista
Álvaro;Marinho;Álvaro Marinho
Nelson;Lima;Nelson Lima
Juliana;Fonseca;Juliana Fonseca
Sérgio;Neves;Sérgio Neves
Eduardo;Holanda;Eduardo Holanda
Sônia;Correia;Sônia Correia
Jorge;Magalhães;Jorge Magalhães
Bianca;Benevides;Bianca Benevides
Mônica;Batista;Mônica Batista
Cecília;Aragão;Cecília Aragão
Pedro;Assis;Pedro Assis
Aline;Campos;Aline Campos
Helena;Melo;Helena Melo
Jorge;Moreira;Jorge Moreira
Mateus;Moreira;Mateus Moreira
Marcelo;Aragão;Marcelo Aragão
Pedro;Alves;Pedro Alves
Álvaro;Queiroz;Álvaro Queiroz
Érica;Antunes;Érica Antunes
Camila;Amorim;Camila Amorim
Mateus;Farias;Mateus Farias
Mateus;Simões;Mateus Simões
Bruna;Marinho;Bruna Marinho
Fábio;Aragão;Fábio Aragão
Adriana;Rezende;Adriana Rezende
Vinícius;Barros;Vinícius Barros
Elisângela;Loureiro;Elisângela Loureiro
Gabriel;Macedo;Gabriel Macedo
Maria;Sampaio;Maria Sampaio
Silvio;Farias;Silvio Farias
Bianca;Guimarães;Bianca Guimarães
José;Silva;José Silva
Helena;Estrela;Helena Estrela
Davi;Passos;Davi Passos
Márcia;Rezende;Márcia Rezende
Felipe;Mendonça;Felipe Mendonça
Alexandre;Mesquita;Alexandre Mesquita
Samuel;França;Samuel França
Jorge;Damasceno;Jorge Damasceno
Álvaro;Duarte;Álvaro Duarte
Douglas;Benevides;Douglas Benevides
Bruno;Souza;Bruno Souza
Bianca;Saraiva;Bianca Saraiva
Bruno;Serafim;Bruno Serafim
Luciano;Braga;Luciano Braga
Thiago;Peixoto;Thiago Peixoto
Vinícius;Santos;Vinícius Santos
Felipe;Figueiredo;Felipe Figueiredo
Isabela;Coutinho;Isabela Coutinho
Paula;Araújo;Paula Araújo
Renata;Lima;Renata Lima
Mariana;Brito;Mariana Brito
Tatiane;Azevedo;Tatiane Azevedo
Bianca;Rangel;Bianca Rangel
Patrícia;Antunes;Patrícia Antunes
Roberta;Bastos;Roberta Bastos
Cristiano;Melo;Cristiano Melo
Igor;Castro;Igor Castro
Osmar;Cardoso;Osmar Cardoso
Gabriel;Rodrigues;Gabriel Rodrigues
Juliana;Ferreira;Juliana Ferreira
Carla;Gouveia;Carla Gouveia
Sérgio;Zago;Sérgio Zago
Vitor;Melo;Vitor Melo
Osmar;Barros;Osmar Barros
Juliana;Zago;Juliana Zago
Guilherme;Azevedo;Guilherme Azevedo
Álvaro;Carvalho;Álvaro Carvalho
Nilson;Loureiro;Nilson Loureiro
Elisângela;Santos;Elisângela Santos
Douglas;Dorneles;Douglas Dorneles
Priscila;Batista;Priscila Batista
Álvaro;Gomes;Álvaro Gomes
Caio;Rangel;Caio Rangel
Eduardo;Prado;Eduardo Prado
Sérgio;Azevedo;Sérgio Azevedo
Camila;Barreto;Camila Barreto
Gustavo;Bastos;Gustavo Bastos
Fernanda;Holanda;Fernanda Holanda
Daniel;Mendonça;Daniel Mendonça
Paulo;Gomes;Paulo Gomes
Leonardo;Rangel;Leonardo Rangel
Mariana;Dias;Mariana Dias
Érica;Damasceno;Érica Damasceno
Davi;Martins;Davi Martins
Murilo;Pereira;Murilo Pereira
Daniel;Castro;Daniel Castro
Douglas;Leitão;Douglas Leitão
Isabela;Cintra;Isabela Cintra
Fabiana;Bastos;Fabiana Bastos
Joana;Loureiro;Joana Loureiro
Tatiane;Holanda;Tatiane Holanda
Vanessa;Santos;Vanessa Santos
Vanessa;Rezende;Vanessa Rezende
Fernanda;Moraes;Fernanda Moraes
Samuel;Antunes;Samuel Antunes
Joana;Leitão;Joana Leitão
Gustavo;Azevedo;Gustavo Azevedo
Davi;Cintra;Davi Cintra
Thiago;Rangel;Thiago Rangel
Tatiane;Seabra;Tatiane Seabra
André;Xavier;André Xavier
Débora;Duarte;Débora Duarte
Jaqueline;Pereira;Jaqueline Pereira
Mauro;Figueiredo;Mauro Figueiredo
Murilo;Barros;Murilo Barros
Marcelo;Barreto;Marcelo Barreto
Talita;Oliveira;Talita Oliveira
Paulo;Serafim;Paulo Serafim
Aline;Lima;Aline Lima
Roberto;Bezerra;Roberto Bezerra
Osmar;Medeiros;Osmar Medeiros
Talita;Azevedo;Talita Azevedo
Natália;Barros;Natália Barros
Caio;Simões;Caio Simões
Hugo;Rocha;Hugo Rocha
Marcelo;Benevides;Marcelo Benevides
Leonardo;Simões;Leonardo Simões
Kelly;Saraiva;Kelly Saraiva
Tatiane;Duarte;Tatiane Duarte
Rafael;Lemos;Rafael Lemos
Gabriela;Rangel;Gabriela Rangel
Wallace;Neves;Wallace Neves
Fábio;Simões;Fábio Simões
Eliane;Braga;Eliane Braga
Bruno;Melo;Bruno Melo
Eduardo;Damasceno;Eduardo Damasceno
Natália;Simões;Natália Simões
Alexandre;Rezende;Alexandre Rezende
Jaqueline;Bastos;Jaqueline Bastos
Hugo;Neves;Hugo Neves
Michele;Oliveira;Michele Oliveira
Letícia;Rocha;Letícia Rocha
Renata;Quevedo;Renata Quevedo
Nelson;Passos;Nelson Passos
Érica;Dorneles;Érica Dorneles
Luciano;Rezende;Luciano Rezende
Aline;Monteiro;Aline Monteiro
Maria;Nunes;Maria Nunes
André;Freitas;André Freitas
Samuel;Castro;Samuel Castro
Bruno;Coelho;Bruno Coelho
Simone;Neves;Simone Neves
Henrique;Paiva;Henrique Paiva
Mariana;Mascarenhas;Mariana Mascarenhas
Vinícius;Guimarães;Vinícius Guimarães
Felipe;Zago;Felipe Zago
Sofia;Farias;Sofia Farias
Roberta;Antunes;Roberta Antunes
Patrícia;Tavares;Patrícia Tavares
Eduardo;Teixeira;Eduardo Teixeira
Fábio;Souza;Fábio Souza
Talita;Santana;Talita Santana
Paulo;Pires;Paulo Pires
Gustavo;Torres;Gustavo Torres
Silvio;Aragão;Silvio Aragão
Roberta;Barreto;Roberta Barreto
Vitor;Saraiva;Vitor Saraiva
Aline;Serafim;Aline Serafim
Jorge;Barros;Jorge Barros
Diego;Ribeiro;Diego Ribeiro
Lucas;Alves;Lucas Alves
Igor;Paiva;Igor Paiva
Cássio;Antunes;Cássio Antunes
Maria;Barros;Maria Barros
Talita;Alves;Talita Alves
Luciano;Silva;Luciano Silva
Maria;Correia;Maria Correia
Juliana;Bezerra;Juliana Bezerra
Larissa;Mesquita;Larissa Mesquita
Carlos;Lemos;Carlos Lemos
Mariana;Macedo;Mariana Macedo
Alexandre;Amorim;Alexandre Amorim
Marcelo;Quevedo;Marcelo Quevedo
Adriana;Moura;Adriana Moura
Silvio;Teixeira;Silvio Teixeira
Guilherme;Castro;Guilherme Castro
Luciana;Marinho;Luciana Marinho
Sérgio;Antunes;Sérgio Antunes
Larissa;Aragão;Larissa Aragão
Everton;Serafim;Everton Serafim
Mariana;Carvalho;Mariana Carvalho
Gabriel;Damasceno;Gabriel Damasceno
Antônio;Pedrosa;Antônio Pedrosa
Vanessa;Loureiro;Vanessa Loureiro
Tatiane;Dias;Tatiane Dias
Eliane;Melo;Eliane Melo
Regina;Prado;Regina Prado
Márcia;Oliveira;Márcia Oliveira
Gustavo;Martins;Gustavo Martins
Davi;Marinho;Davi Marinho
Cristiane;Rangel;Cristiane Rangel
Rafael;Moura;Rafael Moura
Rafaela;França;Rafaela França
Helena;Lima;Helena Lima
Gabriel;Carvalho;Gabriel Carvalho
Jorge;Braga;Jorge Braga
Antônio;Carvalho;Antônio Carvalho
Renato;Siqueira;Renato Siqueira
Samuel;Santos;Samuel Santos
Gabriela;Ferreira;Gabriela Ferreira
Hugo;Antunes;Hugo Antunes
Eduardo;França;Eduardo França
Rafaela;Xavier;Rafaela Xavier
Adriana;Figueiredo;Adriana Figueiredo
Paula;Melo;Paula Melo
Sônia;Leitão;Sônia Leitão
Joana;Estrela;Joana Estrela
Carla;Dias;Carla Dias
Ana;Siqueira;Ana Siqueira
Tatiane;Serafim;Tatiane Serafim
Simone;Xavier;Simone Xavier
Fábio;Duarte;Fábio Duarte
Débora;Alves;Débora Alves
Osmar;Gomes;Osmar Gomes
Maria;Xavier;Maria Xavier
Jorge;Monteiro;Jorge Monteiro
Luciana;Moura;Luciana Moura
João;Gomes;João Gomes
Wagner;Valente;Wagner Valente
Rafaela;Ribeiro;Rafaela Ribeiro
Antônio;Dias;Antônio Dias
Daniela;Freitas;Daniela Freitas
Helena;Brito;Helena Brito
Osmar;Castro;Osmar Castro
Priscila;Barreto;Priscila Barreto
Flávia;Monteiro;Flávia Monteiro
Caio;Moura;Caio Moura
Douglas;Macedo;Douglas Macedo
Cristiano;Costa;Cristiano Costa
Caio;Cunha;Caio Cunha
Vitor;Barreto;Vitor Barreto
Rafael;Damasceno;Rafael Damasceno
Hugo;Dias;Hugo Dias
Paula;Cintra;Paula Cintra
Wagner;Bastos;Wagner Bastos
Antônio;Vasconcelos;Antônio Vasconcelos
Alexandre;Campos;Alexandre Campos
Daniel;Tavares;Daniel Tavares
Nelson;Farias;Nelson Farias
Roberto;Farias;Roberto Farias
Flávia;Farias;Flávia Farias
Cláudia;Freitas;Cláudia Freitas
Letícia;Lemos;Letícia Lemos
Osmar;Dorneles;Osmar Dorneles
Felipe;Costa;Felipe Costa
Renato;Marinho;Renato Marinho
Nilson;Tavares;Nilson Tavares
Leonardo;Paiva;Leonardo Paiva
Fabiana;Zago;Fabiana Zago
Silvio;Mascarenhas;Silvio Mascarenhas
Daniela;Quevedo;Daniela Quevedo
Mauro;Tavares;Mauro Tavares
Thiago;Benevides;Thiago Benevides
José;Nunes;José Nunes
Vinícius;Freitas;Vinícius Freitas
Gabriela;Seabra;Gabriela Seabra
Cláudia;Santos;Cláudia Santos
Pedro;Freitas;Pedro Freitas
Guilherme;Peixoto;Guilherme Peixoto
Renata;Cintra;Renata Cintra
Osmar;França;Osmar França
Adriana;Barros;Adriana Barros
Gustavo;Vieira;Gustavo Vieira
Maria;Serafim;Maria Serafim
Rafael;Moraes;Rafael Moraes
Jaqueline;Silva;Jaqueline Silva
Rosa;Melo;Rosa Melo
Guilherme;Estrela;Guilherme Estrela
Mateus;Passos;Mateus Passos
Vitor;Pinto;Vitor Pinto
Marcelo;Souza;Marcelo Souza
Letícia;Mascarenhas;Letícia Mascarenhas
Simone;Mendonça;Simone Mendonça
Everton;Teixeira;Everton Teixeira
Cristiano;Dorneles;Cristiano Dorneles
Carlos;Torres;Carlos Torres
Alexandre;Ribeiro;Alexandre Ribeiro
Daniela;Leitão;Daniela Leitão
Cássio;Magalhães;Cássio Magalhães
André;Sampaio;André Sampaio
Rafael;Carvalho;Rafael Carvalho
Mônica;Vieira;Mônica Vieira
Joana;Bezerra;Joana Bezerra
Débora;Azevedo;Débora Azevedo
Mônica;Saraiva;Mônica Saraiva
Henrique;Figueiredo;Henrique Figueiredo
Renata;Costa;Renata Costa
Felipe;Guimarães;Felipe Guimarães
Simone;Rezende;Simone Rezende
Bruno;Cintra;Bruno Cintra
Davi;Zago;Davi Zago
Cecília;Costa;Cecília Costa
Wallace;Fonseca;Wallace Fonseca
Douglas;Simões;Douglas Simões
Antônio;Passos;Antônio Passos
Aline;Vieira;Aline Vieira
Michele;Batista;Michele Batista
Paulo;Rodrigues;Paulo Rodrigues
Gustavo;Porto;Gustavo Porto
Sônia;Batista;Sônia Batista
Carla;Freitas;Carla Freitas
Felipe;Simões;Felipe Simões
Vinícius;França;Vinícius França
Maria;Assis;Maria Assis
Rafael;Melo;Rafael Melo
Márcia;Barreto;Márcia Barreto
Sérgio;Mesquita;Sérgio Mesquita
Larissa;Martins;Larissa Martins
Daniel;Ribeiro;Daniel Ribeiro
Maria;Moura;Maria Moura
Carla;Lima;Carla Lima
Elisângela;Maia;Elisângela Maia
Priscila;Carvalho;Priscila Carvalho
Elisângela;Aragão;Elisângela Aragão
Ana;Moreira;Ana Moreira
Fernanda;Ferreira;Fernanda Ferreira
Maria;Oliveira;Maria Oliveira
Antônio;Prado;Antônio Prado
Márcia;Ferreira;Márcia Ferreira
Márcia;Brito;Márcia Brito
Carlos;Freitas;Carlos Freitas
Bruna;Batista;Bruna Batista
Douglas;Serafim;Douglas Serafim
Letícia;Coelho;Letícia Coelho
José;Benevides;José Benevides
Wagner;Castro;Wagner Castro
Carlos;Dorneles;Carlos Dorneles
Jaqueline;Tavares;Jaqueline Tavares
Natália;Coutinho;Natália Coutinho
Silvio;Guimarães;Silvio Guimarães
Gabriel;Bezerra;Gabriel Bezerra
Rafaela;Queiroz;Rafaela Queiroz
Roberto;Mendonça;Roberto Mendonça
Álvaro;França;Álvaro França
Wallace;Pedrosa;Wallace Pedrosa
José;Castro;José Castro
Bruna;Nunes;Bruna Nunes
Fábio;Vasconcelos;Fábio Vasconcelos
Davi;Mascarenhas;Davi Mascarenhas
Cássio;Freitas;Cássio Freitas
Regina;Dorneles;Regina Dorneles
Marcelo;Moreira;Marcelo Moreira
Nelson;Saraiva;Nelson Saraiva
Larissa;Leitão;Larissa Leitão
Cristiano;Moraes;Cristiano Moraes
Rosa;Pedrosa;Rosa Pedrosa
Jorge;Coutinho;Jorge Coutinho
Renato;Castro;Renato Castro
Débora;Xavier;Débora Xavier
Gabriela;Monteiro;Gabriela Monteiro
Maria;Mascarenhas;Maria Mascarenhas
Mateus;Rocha;Mateus Rocha
Guilherme;Neves;Guilherme Neves
Caio;Nunes;Caio Nunes
Davi;Valente;Davi Valente
José;Melo;José Melo
Regina;Viana;Regina Viana
Alexandre;Magalhães;Alexandre Magalhães
Samuel;Leitão;Samuel Leitão
Bruno;Peixoto;Bruno Peixoto
Wagner;Rangel;Wagner Rangel
Rodrigo;Araújo;Rodrigo Araújo
Helena;Rodrigues;Helena Rodrigues
Kelly;Maia;Kelly Maia
Fábio;Alves;Fábio Alves
Marcelo;Alves;Marcelo Alves
Alexandre;Leitão;Alexandre Leitão
Nelson;Figueiredo;Nelson Figueiredo
Kelly;Sales;Kelly Sales
Murilo;Siqueira;Murilo Siqueira
Guilherme;Coelho;Guilherme Coelho
Gustavo;Vasconcelos;Gustavo Vasconcelos
Tatiane;Lima;Tatiane Lima
Daniel;Amorim;Daniel Amorim
Wagner;Pereira;Wagner Pereira
Regina;Santos;Regina Santos
Daniel;Moura;Daniel Moura
Gabriela;Zago;Gabriela Zago
Rodrigo;Mendonça;Rodrigo Mendonça
Maria;Pereira;Maria Pereira
Sofia;Benevides;Sofia Benevides
Cecília;Queiroz;Cecília Queiroz
Cristiane;Barros;Cristiane Barros
Alan;Teixeira;Alan Teixeira
Mauro;Moraes;Mauro Moraes
Patrícia;Passos;Patrícia Passos
Isabela;Duarte;Isabela Duarte
João;Simões;João Simões
Tatiane;Porto;Tatiane Porto
Antônio;Barros;Antônio Barros
Igor;Martins;Igor Martins
Sofia;Ribeiro;Sofia Ribeiro
Mateus;Carvalho;Mateus Carvalho
Márcia;Siqueira;Márcia Siqueira
Bruna;Macedo;Bruna Macedo
José;Moura;José Moura
Helena;Pinto;Helena Pinto
Patrícia;Siqueira;Patrícia Siqueira
Henrique;Cunha;Henrique Cunha
Pedro;Coelho;Pedro Coelho
Murilo;Quevedo;Murilo Quevedo
Douglas;Moraes;Douglas Moraes
Márcia;Tavares;Márcia Tavares
Hugo;Batista;Hugo Batista
Murilo;Aragão;Murilo Aragão
Renato;Brito;Renato Brito
Carlos;Zago;Carlos Zago
Roberto;Rezende;Roberto Rezende
Caio;Passos;Caio Passos
Thiago;Moraes;Thiago Moraes
Bruno;Pires;Bruno Pires
Renata;Maia;Renata Maia
Larissa;Azevedo;Larissa Azevedo
Igor;Monteiro;Igor Monteiro
Larissa;Quevedo;Larissa Quevedo
Jorge;Brito;Jorge Brito
Nilson;Martins;Nilson Martins
Daniela;Valente;Daniela Valente
Patrícia;Martins;Patrícia Martins
Vanessa;Gouveia;Vanessa Gouveia
Luciana;Lemos;Luciana Lemos
Renato;Viana;Renato Viana
João;Monteiro;João Monteiro
Jorge;Lemos;Jorge Lemos
Douglas;Barreto;Douglas Barreto
Letícia;Araújo;Letícia Araújo
Renata;Sales;Renata Sales
Joana;Rezende;Joana Rezende
Jorge;Silva;Jorge Silva
Vanessa;Moura;Vanessa Moura
Cláudia;Peixoto;Cláudia Peixoto
Sérgio;Leitão;Sérgio Leitão
Fernanda;Antunes;Fernanda Antunes
Joana;Ribeiro;Joana Ribeiro
Lucas;Simões;Lucas Simões
Gustavo;Macedo;Gustavo Macedo
Bruno;Amorim;Bruno Amorim
Rosa;Guimarães;Rosa Guimarães
Sofia;Maia;Sofia Maia
Larissa;Siqueira;Larissa Siqueira
Vanessa;Sales;Vanessa Sales
Kelly;Sampaio;Kelly Sampaio
Gabriel;Correia;Gabriel Correia
Gabriel;Siqueira;Gabriel Siqueira
Carla;Damasceno;Carla Damasceno
Rafael;Rezende;Rafael Rezende
Douglas;Estrela;Douglas Estrela
Alexandre;Sales;Alexandre Sales
Fernanda;Barros;Fernanda Barros
Jaqueline;Melo;Jaqueline Melo
Mônica;Rocha;Mônica Rocha
Márcia;Passos;Márcia Passos
Silvio;Figueiredo;Silvio Figueiredo
Mauro;Zago;Mauro Zago
Teresa;Pedrosa;Teresa Pedrosa
Michele;Figueiredo;Michele Figueiredo
Davi;Pires;Davi Pires
Sofia;Antunes;Sofia Antunes
Mariana;Teles;Mariana Teles
Rafael;Costa;Rafael Costa
Vinícius;Melo;Vinícius Melo
Gabriela;Teles;Gabriela Teles
Sônia;Gomes;Sônia Gomes
Bruna;Alves;Bruna Alves
Carla;Vieira;Carla Vieira
Juliana;Pedrosa;Juliana Pedrosa
Thiago;Braga;Thiago Braga
Fernanda;Sampaio;Fernanda Sampaio
Leonardo;Martins;Leonardo Martins
Bruna;Souza;Bruna Souza
Jorge;Peixoto;Jorge Peixoto
Antônio;Brito;Antônio Brito
Bianca;Rezende;Bianca Rezende
Mauro;Mesquita;Mauro Mesquita
Bianca;Queiroz;Bianca Queiroz
Carla;Quevedo;Carla Quevedo
Érica;Peixoto;Érica Peixoto
Aline;Rocha;Aline Rocha
Bruna;Bastos;Bruna Bastos
Luciano;Oliveira;Luciano Oliveira
Henrique;Correia;Henrique Correia
Sérgio;Queiroz;Sérgio Queiroz
Vitor;Batista;Vitor Batista
Sérgio;Xavier;Sérgio Xavier
Alan;Siqueira;Alan Siqueira
Pedro;Duarte;Pedro Duarte
Cecília;Loureiro;Cecília Loureiro
Hugo;Dorneles;Hugo Dorneles
Gabriela;Batista;Gabriela Batista
José;Porto;José Porto
Priscila;Medeiros;Priscila Medeiros
Débora;Loureiro;Débora Loureiro
Guilherme;Coutinho;Guilherme Coutinho
Priscila;Duarte;Priscila Duarte
Thiago;Martins;Thiago Martins
Gabriel;Alves;Gabriel Alves
Natália;Santos;Natália Santos
Teresa;Aragão;Teresa Aragão
Daniela;Fonseca;Daniela Fonseca
Antônio;Freitas;Antônio Freitas
Patrícia;Mesquita;Patrícia Mesquita
Álvaro;Serafim;Álvaro Serafim
Davi;Moraes;Davi Moraes
Diego;Cunha;Diego Cunha
Carla;Porto;Carla Porto
Felipe;França;Felipe França
Aline;Lemos;Aline Lemos
Helena;Teles;Helena Teles
Daniel;Vasconcelos;Daniel Vasconcelos
João;Bastos;João Bastos
Wagner;Alves;Wagner Alves
Nilson;Pedrosa;Nilson Pedrosa
Cláudia;Gomes;Cláudia Gomes
Gabriela;Loureiro;Gabriela Loureiro
Jaqueline;Pinto;Jaqueline Pinto
Daniela;França;Daniela França
Bruno;Moura;Bruno Moura
Bruno;Teles;Bruno Teles
Guilherme;Cardoso;Guilherme Cardoso
Antônio;Batista;Antônio Batista
Wallace;Rangel;Wallace Rangel
Cristiano;Tavares;Cristiano Tavares
Cecília;Braga;Cecília Braga
Eduardo;Sales;Eduardo Sales
André;Silva;André Silva
Wallace;Cintra;Wallace Cintra
Carla;Queiroz;Carla Queiroz
Caio;Medeiros;Caio Medeiros
Álvaro;Sales;Álvaro Sales
Guilherme;Quevedo;Guilherme Quevedo
Diego;Sampaio;Diego Sampaio
Wagner;Correia;Wagner Correia
Patrícia;Gomes;Patrícia Gomes
Camila;Estrela;Camila Estrela
Regina;Antunes;Regina Antunes
Álvaro;Rezende;Álvaro Rezende
Mateus;Paiva;Mateus Paiva
Leonardo;Moraes;Leonardo Moraes
Paulo;Mascarenhas;Paulo Mascarenhas
Paulo;Queiroz;Paulo Queiroz
Felipe;Pedrosa;Felipe Pedrosa
Nelson;Teixeira;Nelson Teixeira
Renata;Aragão;Renata Aragão
Osmar;Rezende;Osmar Rezende
Mariana;Damasceno;Mariana Damasceno
Rodrigo;Rodrigues;Rodrigo Rodrigues
Eliane;Lemos;Eliane Lemos
José;Barros;José Barros
Priscila;Alves;Priscila Alves
Isabela;Silva;Isabela Silva
Paula;Medeiros;Paula Medeiros
Wagner;Damasceno;Wagner Damasceno
Lucas;Farias;Lucas Farias
Paulo;Dias;Paulo Dias
Renato;Aragão;Renato Aragão
Eduardo;Torres;Eduardo Torres
Thiago;Freitas;Thiago Freitas
Álvaro;Farias;Álvaro Farias
Pedro;Loureiro;Pedro Loureiro
Ana;Coutinho;Ana Coutinho
Mariana;Silva;Mariana Silva
Renata;Sampaio;Renata Sampaio
Mônica;Aragão;Mônica Aragão
Cássio;Coutinho;Cássio Coutinho
Thiago;Antunes;Thiago Antunes
Priscila;Teixeira;Priscila Teixeira
Talita;Pedrosa;Talita Pedrosa
Lucas;Gomes;Lucas Gomes
Teresa;Araújo;Teresa Araújo
Osmar;Torres;Osmar Torres
Murilo;Viana;Murilo Viana
Rodrigo;Dorneles;Rodrigo Dorneles
Lucas;Dorneles;Lucas Dorneles
José;Vieira;José Vieira
Jaqueline;Assis;Jaqueline Assis
Hugo;Loureiro;Hugo Loureiro
Davi;Quevedo;Davi Quevedo
Diego;Lemos;Diego Lemos
João;Fonseca;João Fonseca
Murilo;Fonseca;Murilo Fonseca
Bianca;Bastos;Bianca Bastos
Gabriela;Figueiredo;Gabriela Figueiredo
Roberto;Cintra;Roberto Cintra
Alan;Medeiros;Alan Medeiros
Sofia;Amorim;Sofia Amorim
Nilson;Prado;Nilson Prado
Paulo;Seabra;Paulo Seabra
Renato;Rezende;Renato Rezende
Fabiana;Nunes;Fabiana Nunes
Pedro;Teixeira;Pedro Teixeira
Cecília;Azevedo;Cecília Azevedo
Henrique;Porto;Henrique Porto
Rodrigo;Ribeiro;Rodrigo Ribeiro
Diego;Souza;Diego Souza
Nelson;Torres;Nelson Torres
Kelly;Barros;Kelly Barros
Sofia;Macedo;Sofia Macedo
Camila;Coutinho;Camila Coutinho
Lucas;Seabra;Lucas Seabra
Cláudia;Magalhães;Cláudia Magalhães
Jaqueline;Marinho;Jaqueline Marinho
Sérgio;Vasconcelos;Sérgio Vasconcelos
Nilson;Mendonça;Nilson Mendonça
José;Gouveia;José Gouveia
Daniel;Teles;Daniel Teles
Priscila;Mascarenhas;Priscila Mascarenhas
Vinícius;Damasceno;Vinícius Damasceno
Mauro;Rocha;Mauro Rocha
Cássio;Cintra;Cássio Cintra
Lucas;Cintra;Lucas Cintra
Lucas;Martins;Lucas Martins
Douglas;Teixeira;Douglas Teixeira
Igor;Bastos;Igor Bastos
Leonardo;Cintra;Leonardo Cintra
Débora;Brito;Débora Brito
Roberta;Peixoto;Roberta Peixoto
Patrícia;Benevides;Patrícia Benevides
Carlos;Aragão;Carlos Aragão
Débora;Costa;Débora Costa
Helena;Lemos;Helena Lemos
Daniel;Holanda;Daniel Holanda
Caio;Benevides;Caio Benevides
Débora;Pinto;Débora Pinto
Simone;Moura;Simone Moura
Luciana;Silva;Luciana Silva
Aline;Melo;Aline Melo
Bruna;Simões;Bruna Simões
Nilson;Amorim;Nilson Amorim
Adriana;Benevides;Adriana Benevides
Guilherme;Macedo;Guilherme Macedo
Larissa;Benevides;Larissa Benevides
Cristiane;Zago;Cristiane Zago
Carlos;Vasconcelos;Carlos Vasconcelos
Cássio;Barros;Cássio Barros
Wallace;Rodrigues;Wallace Rodrigues
Everton;Porto;Everton Porto
Rodrigo;Viana;Rodrigo Viana
Paulo;Fonseca;Paulo Fonseca
Mariana;Gomes;Mariana Gomes
Vinícius;Cintra;Vinícius Cintra
Fernanda;França;Fernanda França
Wallace;Dias;Wallace Dias
Vitor;Ribeiro;Vitor Ribeiro
Sônia;Amorim;Sônia Amorim
Kelly;Passos;Kelly Passos
Patrícia;Santos;Patrícia Santos
Regina;Maia;Regina Maia
Cecília;Mesquita;Cecília Mesquita
Bruno;Benevides;Bruno Benevides
Alexandre;Souza;Alexandre Souza
Bruno;Marinho;Bruno Marinho
Paulo;Cintra;Paulo Cintra
Kelly;Monteiro;Kelly Monteiro
Joana;Xavier;Joana Xavier
Teresa;Paiva;Teresa Paiva
Bianca;Mendonça;Bianca Mendonça
Guilherme;Alves;Guilherme Alves
Caio;Dias;Caio Dias
Gabriel;Estrela;Gabriel Estrela
Nelson;Amorim;Nelson Amorim
Paula;Maia;Paula Maia
Igor;Cardoso;Igor Cardoso
Davi;Porto;Davi Porto
João;Azevedo;João Azevedo
Nilson;Viana;Nilson Viana
Roberta;Cintra;Roberta Cintra
Camila;Maia;Camila Maia
Márcia;Rezende;Márcia Rezende
Renato;Loureiro;Renato Loureiro
Fábio;Macedo;Fábio Macedo
Vitor;Gomes;Vitor Gomes
José;Serafim;José Serafim
Talita;Souza;Talita Souza
Hugo;Ribeiro;Hugo Ribeiro
Juliana;Gomes;Juliana Gomes
Kelly;Moreira;Kelly Moreira
Silvio;Sampaio;Silvio Sampaio
Fábio;Xavier;Fábio Xavier
Álvaro;Cintra;Álvaro Cintra
Carlos;Pinto;Carlos Pinto
Thiago;Teles;Thiago Teles
Letícia;Pedrosa;Letícia Pedrosa
Talita;Pereira;Talita Pereira
Vinícius;Pires;Vinícius Pires
Henrique;Amorim;Henrique Amorim
Lucas;Batista;Lucas Batista
Jaqueline;Antunes;Jaqueline Antunes
Vinícius;Martins;Vinícius Martins
Fernanda;Rangel;Fernanda Rangel
Samuel;Damasceno;Samuel Damasceno
Bruno;Macedo;Bruno Macedo
José;Sales;José Sales
Cristiane;Viana;Cristiane Viana
Everton;Lima;Everton Lima
Maria;Mesquita;Maria Mesquita
Sérgio;Saraiva;Sérgio Saraiva
Priscila;Martins;Priscila Martins
Fernanda;Rezende;Fernanda Rezende
Letícia;Estrela;Letícia Estrela
Érica;Duarte;Érica Duarte
Daniel;Rangel;Daniel Rangel
Paula;Vasconcelos;Paula Vasconcelos
Diego;Xavier;Diego Xavier
Bruna;Carvalho;Bruna Carvalho
Flávia;Valente;Flávia Valente
Fernanda;Barros;Fernanda Barros
Bianca;Quevedo;Bianca Quevedo
Flávia;Castro;Flávia Castro
Adriana;Vieira;Adriana Vieira
Silvio;Santos;Silvio Santos
Gustavo;Santana;Gustavo Santana
Gustavo;Amorim;Gustavo Amorim
Lucas;Rangel;Lucas Rangel
Alan;Coutinho;Alan Coutinho
Cássio;Carvalho;Cássio Carvalho
Joana;Benevides;Joana Benevides
Daniel;Benevides;Daniel Benevides
Mateus;Rodrigues;Mateus Rodrigues
Daniela;Pereira;Daniela Pereira
Samuel;Coutinho;Samuel Coutinho
Juliana;Moura;Juliana Moura
Gustavo;Maia;Gustavo Maia
Natália;Lemos;Natália Lemos
Roberto;Brito;Roberto Brito
Silvio;Zago;Silvio Zago
Bruna;Correia;Bruna Correia
Mariana;Mendonça;Mariana Mendonça
Elisângela;Medeiros;Elisângela Medeiros
Everton;Oliveira;Everton Oliveira
Wagner;Araújo;Wagner Araújo
Jorge;Saraiva;Jorge Saraiva
Adriana;Serafim;Adriana Serafim
Eduardo;Porto;Eduardo Porto
Mariana;França;Mariana França
Douglas;Braga;Douglas Braga
Cássio;Lemos;Cássio Lemos
Sofia;Magalhães;Sofia Magalhães
Carla;Rezende;Carla Rezende
Fábio;Freitas;Fábio Freitas
Bianca;Cunha;Bianca Cunha
Daniela;Prado;Daniela Prado
Davi;Sampaio;Davi Sampaio
Márcia;Pedrosa;Márcia Pedrosa
Maria;Costa;Maria Costa
Paulo;Melo;Paulo Melo
Renata;Batista;Renata Batista
Natália;Serafim;Natália Serafim
Camila;Xavier;Camila Xavier
Luciano;Gouveia;Luciano Gouveia
Paula;Gomes;Paula Gomes
Everton;Mesquita;Everton Mesquita
Everton;Gouveia;Everton Gouveia
Álvaro;Figueiredo;Álvaro Figueiredo
Sônia;Pires;Sônia Pires
Antônio;Aragão;Antônio Aragão
Rafaela;Moura;Rafaela Moura
Gabriel;Bastos;Gabriel Bastos
Carlos;Mascarenhas;Carlos Mascarenhas
Priscila;Santana;Priscila Santana
Camila;Ribeiro;Camila Ribeiro
Leonardo;Holanda;Leonardo Holanda
Everton;Moreira;Everton Moreira
Guilherme;Santana;Guilherme Santana
Débora;Sampaio;Débora Sampaio
Regina;Porto;Regina Porto
Débora;Assis;Débora Assis
Eduardo;Tavares;Eduardo Tavares
Antônio;Moraes;Antônio Moraes
Elisângela;Sampaio;Elisângela Sampaio
Talita;Rangel;Talita Rangel
Cláudia;Campos;Cláudia Campos
Mateus;Sampaio;Mateus Sampaio
Larissa;Paiva;Larissa Paiva
Carla;Aragão;Carla Aragão
Mariana;Ribeiro;Mariana Ribeiro
Douglas;Bezerra;Douglas Bezerra
Osmar;Coutinho;Osmar Coutinho
Igor;Silva;Igor Silva
Roberta;Araújo;Roberta Araújo
Maria;Teixeira;Maria Teixeira
Daniela;Sampaio;Daniela Sampaio
Érica;Nunes;Érica Nunes
Bruna;Teles;Bruna Teles
Patrícia;Sales;Patrícia Sales
Alexandre;Estrela;Alexandre Estrela
Roberto;Aragão;Roberto Aragão
Débora;Castro;Débora Castro
Guilherme;Simões;Guilherme Simões
Eliane;Barros;Eliane Barros
Eliane;Carvalho;Eliane Carvalho
Wagner;Gouveia;Wagner Gouveia
Álvaro;Ferreira;Álvaro Ferreira
Everton;Macedo;Everton Macedo
Fernanda;Santana;Fernanda Santana
Adriana;Cintra;Adriana Cintra
Débora;França;Débora França
Renato;Leitão;Renato Leitão
Samuel;Mascarenhas;Samuel Mascarenhas
Lucas;Maia;Lucas Maia
Jaqueline;Pedrosa;Jaqueline Pedrosa
Daniel;Araújo;Daniel Araújo
Aline;Ferreira;Aline Ferreira
Érica;Cardoso;Érica Cardoso
Cecília;Cunha;Cecília Cunha
Cristiane;Mesquita;Cristiane Mesquita
Marcelo;Lima;Marcelo Lima
Vitor;Freitas;Vitor Freitas
Paulo;Mesquita;Paulo Mesquita
Vitor;Figueiredo;Vitor Figueiredo
Everton;Coelho;Everton Coelho
José;Bezerra;José Bezerra
Cecília;Coelho;Cecília Coelho
Cristiane;Quevedo;Cristiane Quevedo
André;Serafim;André Serafim
Eduardo;Guimarães;Eduardo Guimarães
Leonardo;Bastos;Leonardo Bastos
André;Farias;André Farias
Helena;Paiva;Helena Paiva
Douglas;Costa;Douglas Costa
Simone;Serafim;Simone Serafim
Vitor;Coelho;Vitor Coelho
Vitor;Carvalho;Vitor Carvalho
Bruno;Prado;Bruno Prado
Lucas;França;Lucas França
Diego;Medeiros;Diego Medeiros
Daniela;Rezende;Daniela Rezende
Paula;Azevedo;Paula Azevedo
Débora;Siqueira;Débora Siqueira
Paula;Viana;Paula Viana
Eduardo;Pinto;Eduardo Pinto
Hugo;Estrela;Hugo Estrela
Regina;Queiroz;Regina Queiroz
Caio;Costa;Caio Costa
Adriana;Queiroz;Adriana Queiroz
Juliana;Costa;Juliana Costa
Leonardo;Macedo;Leonardo Macedo
Renata;Martins;Renata Martins
Simone;Duarte;Simone Duarte
Bruno;Gouveia;Bruno Gouveia
Osmar;Viana;Osmar Viana
Jorge;Gomes;Jorge Gomes
Murilo;Loureiro;Murilo Loureiro
Vanessa;Damasceno;Vanessa Damasceno
Cláudia;Mendonça;Cláudia Mendonça
Cristiane;Cardoso;Cristiane Cardoso
Sofia;Peixoto;Sofia Peixoto
Marcelo;Amorim;Marcelo Amorim
Cláudia;Silva;Cláudia Silva
Paula;Marinho;Paula Marinho
Bianca;Santana;Bianca Santana
Gabriel;Figueiredo;Gabriel Figueiredo
Jorge;Barros;Jorge Barros
João;Siqueira;João Siqueira
Cláudia;Gouveia;Cláudia Gouveia
Nelson;Porto;Nelson Porto
Maria;Martins;Maria Martins
Luciana;Lima;Luciana Lima
Carlos;Alves;Carlos Alves
Adriana;Mascarenhas;Adriana Mascarenhas
Adriana;Correia;Adriana Correia
Thiago;Oliveira;Thiago Oliveira
Mariana;Antunes;Mariana Antunes
Cristiane;Pires;Cristiane Pires
Mauro;Pereira;Mauro Pereira
Flávia;Ribeiro;Flávia Ribeiro
Thiago;Dorneles;Thiago Dorneles
Letícia;Cintra;Letícia Cintra
Diego;Peixoto;Diego Peixoto
Elisângela;Melo;Elisângela Melo
Roberta;Medeiros;Roberta Medeiros
Thiago;Aragão;Thiago Aragão
Cecília;Monteiro;Cecília Monteiro
Mariana;Rezende;Mariana Rezende
Bruna;Teixeira;Bruna Teixeira
Sofia;Azevedo;Sofia Azevedo
Priscila;Bezerra;Priscila Bezerra
Ana;Ferreira;Ana Ferreira
Isabela;Torres;Isabela Torres
Álvaro;Assis;Álvaro Assis
Nelson;Cintra;Nelson Cintra
Mateus;Aragão;Mateus Aragão
Patrícia;Maia;Patrícia Maia
Eduardo;Xavier;Eduardo Xavier
Thiago;Mendonça;Thiago Mendonça
Cláudia;Viana;Cláudia Viana
Douglas;Pedrosa;Douglas Pedrosa
Érica;Vasconcelos;Érica Vasconcelos
Felipe;Saraiva;Felipe Saraiva
Marcelo;Pires;Marcelo Pires
Daniela;Bezerra;Daniela Bezerra
Caio;Coutinho;Caio Coutinho
Felipe;Rangel;Felipe Rangel
Gabriel;Lima;Gabriel Lima
Débora;Viana;Débora Viana
Joana;Passos;Joana Passos
Douglas;Brito;Douglas Brito
Bruno;Barreto;Bruno Barreto
Guilherme;Farias;Guilherme Farias
Vinícius;Medeiros;Vinícius Medeiros
Juliana;Valente;Juliana Valente
Caio;Leitão;Caio Leitão
Carla;Santana;Carla Santana
André;Souza;André Souza
Carlos;Neves;Carlos Neves
Rosa;Rodrigues;Rosa Rodrigues
Tatiane;Santana;Tatiane Santana
Isabela;Estrela;Isabela Estrela
Rodrigo;Moraes;Rodrigo Moraes
Natália;Sales;Natália Sales
Wagner;Assis;Wagner Assis
Priscila;Dorneles;Priscila Dorneles
Priscila;Pinto;Priscila Pinto
Nelson;Benevides;Nelson Benevides
Vitor;Nunes;Vitor Nunes
Ana;Passos;Ana Passos
Nelson;Moraes;Nelson Moraes
Henrique;Antunes;Henrique Antunes
Jorge;Vieira;Jorge Vieira
Regina;Alves;Regina Alves
Patrícia;Melo;Patrícia Melo
Samuel;Vasconcelos;Samuel Vasconcelos
Jorge;Rangel;Jorge Rangel
André;Prado;André Prado
Carlos;Loureiro;Carlos Loureiro
Rodrigo;Martins;Rodrigo Martins
Priscila;Azevedo;Priscila Azevedo
Osmar;Gouveia;Osmar Gouveia
Hugo;Coutinho;Hugo Coutinho
Natália;Nunes;Natália Nunes
Daniel;Sampaio;Daniel Sampaio
Mariana;Sampaio;Mariana Sampaio
Débora;Queiroz;Débora Queiroz
Douglas;Rezende;Douglas Rezende
Maria;Leitão;Maria Leitão
Wagner;Braga;Wagner Braga
Daniela;Dias;Daniela Dias
Diego;Coelho;Diego Coelho
Camila;Dias;Camila Dias
Érica;Alves;Érica Alves
Igor;Antunes;Igor Antunes
Bruna;Antunes;Bruna Antunes
José;Rezende;José Rezende
Rosa;Santana;Rosa Santana
Débora;Freitas;Débora Freitas
Leonardo;Leitão;Leonardo Leitão
Eduardo;Campos;Eduardo Campos
Lucas;Silva;Lucas Silva
Diego;Brito;Diego Brito
Diego;Rangel;Diego Rangel
André;França;André França
Álvaro;Moura;Álvaro Moura
Juliana;Xavier;Juliana Xavier
Mauro;Dorneles;Mauro Dorneles
Débora;Guimarães;Débora Guimarães
Vinícius;Pedrosa;Vinícius Pedrosa
Gabriel;Araújo;Gabriel Araújo
Jaqueline;Guimarães;Jaqueline Guimarães
Osmar;Souza;Osmar Souza
Thiago;Mesquita;Thiago Mesquita
Igor;Mesquita;Igor Mesquita
Mateus;Souza;Mateus Souza
Luciano;Loureiro;Luciano Loureiro
Priscila;Cardoso;Priscila Cardoso
Natália;Pereira;Natália Pereira
Adriana;Costa;Adriana Costa
Bruno;Sales;Bruno Sales
Igor;Lima;Igor Lima
Letícia;Moreira;Letícia Moreira
Bruna;Mendonça;Bruna Mendonça
Diego;Bezerra;Diego Bezerra
Rafael;Mesquita;Rafael Mesquita
Bruna;Pires;Bruna Pires
Lucas;Torres;Lucas Torres
Davi;Campos;Davi Campos
Michele;Cintra;Michele Cintra
Joana;Rezende;Joana Rezende
Alexandre;Simões;Alexandre Simões
Wallace;Assis;Wallace Assis
Mônica;Araújo;Mônica Araújo
Wallace;Peixoto;Wallace Peixoto
Fábio;Moura;Fábio Moura
Sérgio;Duarte;Sérgio Duarte
Ana;Loureiro;Ana Loureiro
Alan;Farias;Alan Farias
Álvaro;Estrela;Álvaro Estrela
Alexandre;Martins;Alexandre Martins
Caio;Torres;Caio Torres
Cristiane;Coutinho;Cristiane Coutinho
Gustavo;Pires;Gustavo Pires
Natália;Medeiros;Natália Medeiros
Vinícius;Figueiredo;Vinícius Figueiredo
Pedro;Braga;Pedro Braga
Rodrigo;Vasconcelos;Rodrigo Vasconcelos
Douglas;Dias;Douglas Dias
Mariana;Gouveia;Mariana Gouveia
Eduardo;Marinho;Eduardo Marinho
Vanessa;Cunha;Vanessa Cunha
Eduardo;Simões;Eduardo Simões
Cecília;Correia;Cecília Correia
Samuel;Nunes;Samuel Nunes
Alexandre;Moreira;Alexandre Moreira
Fábio;Braga;Fábio Braga
João;Dias;João Dias
André;Rodrigues;André Rodrigues
Rafael;Brito;Rafael Brito
Roberta;Rodrigues;Roberta Rodrigues
Renata;Torres;Renata Torres
Rosa;Barros;Rosa Barros
Aline;Dias;Aline Dias
Mariana;Siqueira;Mariana Siqueira
Natália;Passos;Natália Passos
Leonardo;Barros;Leonardo Barros
Cláudia;Maia;Cláudia Maia
Talita;França;Talita França
André;Teles;André Teles
Roberta;Benevides;Roberta Benevides
Luciano;Teixeira;Luciano Teixeira
Fabiana;Lima;Fabiana Lima
Alan;Pires;Alan Pires
Teresa;Viana;Teresa Viana
Luciano;Neves;Luciano Neves
Mauro;Teles;Mauro Teles
André;Ribeiro;André Ribeiro
João;Teixeira;João Teixeira
Larissa;Neves;Larissa Neves
Flávia;Leitão;Flávia Leitão
Rafael;Vasconcelos;Rafael Vasconcelos
Aline;Assis;Aline Assis
Maria;Amorim;Maria Amorim
Luciano;Ferreira;Luciano Ferreira
Osmar;Maia;Osmar Maia
Douglas;Zago;Douglas Zago
Davi;Cardoso;Davi Cardoso
Eliane;Figueiredo;Eliane Figueiredo
Sônia;Braga;Sônia Braga
Everton;Fonseca;Everton Fonseca
Thiago;Nunes;Thiago Nunes
Vinícius;Silva;Vinícius Silva
Helena;Fonseca;Helena Fonseca
Juliana;Coutinho;Juliana Coutinho
Sônia;Aragão;Sônia Aragão
José;Xavier;José Xavier
Rafael;Torres;Rafael Torres
Márcia;Fonseca;Márcia Fonseca
Alan;Cunha;Alan Cunha
Carla;Rodrigues;Carla Rodrigues
Silvio;Saraiva;Silvio Saraiva
Simone;Batista;Simone Batista
Helena;Azevedo;Helena Azevedo
Felipe;Barros;Felipe Barros
José;Rocha;José Rocha
Cristiano;Moura;Cristiano Moura
Carlos;Queiroz;Carlos Queiroz
João;Campos;João Campos
Camila;Gouveia;Camila Gouveia
Flávia;Cardoso;Flávia Cardoso
Juliana;Damasceno;Juliana Damasceno
Everton;Melo;Everton Melo
Renata;Coutinho;Renata Coutinho
Pedro;Damasceno;Pedro Damasceno
Bruna;Cunha;Bruna Cunha
Murilo;Duarte;Murilo Duarte
Carlos;Rocha;Carlos Rocha
Douglas;Figueiredo;Douglas Figueiredo
Daniela;Teles;Daniela Teles
Paula;Pires;Paula Pires
Felipe;Moraes;Felipe Moraes
Renata;Viana;Renata Viana
Joana;Lima;Joana Lima
Rafaela;Melo;Rafaela Melo
Cássio;Santos;Cássio Santos
Larissa;Assis;Larissa Assis
Isabela;Amorim;Isabela Amorim
Teresa;Batista;Teresa Batista
Cláudia;Medeiros;Cláudia Medeiros
Antônio;Cintra;Antônio Cintra
Roberto;Macedo;Roberto Macedo
Sérgio;Santos;Sérgio Santos
Érica;Pereira;Érica Pereira
Hugo;Bastos;Hugo Bastos
Felipe;Cardoso;Felipe Cardoso
José;Braga;José Braga
Rafael;Prado;Rafael Prado
Rosa;Loureiro;Rosa Loureiro
Lucas;Araújo;Lucas Araújo
Paulo;Leitão;Paulo Leitão
Fabiana;Maia;Fabiana Maia
Roberto;Amorim;Roberto Amorim
Gabriela;Pedrosa;Gabriela Pedrosa
Cláudia;Zago;Cláudia Zago
Carla;Alves;Carla Alves
Vinícius;Monteiro;Vinícius Monteiro
Camila;Rodrigues;Camila Rodrigues
Samuel;Rezende;Samuel Rezende
Diego;Seabra;Diego Seabra
Gustavo;Peixoto;Gustavo Peixoto
Bianca;Holanda;Bianca Holanda
Samuel;Bezerra;Samuel Bezerra
Paulo;Dorneles;Paulo Dorneles
Tatiane;Correia;Tatiane Correia
Nilson;Porto;Nilson Porto
Juliana;Nunes;Juliana Nunes
Alexandre;Xavier;Alexandre Xavier
Felipe;Cunha;Felipe Cunha
Caio;Bastos;Caio Bastos
Luciano;Barros;Luciano Barros
Bruna;Rocha;Bruna Rocha
Wagner;Sampaio;Wagner Sampaio
Cláudia;Siqueira;Cláudia Siqueira
Igor;Viana;Igor Viana
Larissa;Amorim;Larissa Amorim
Wagner;Xavier;Wagner Xavier
Caio;Sales;Caio Sales
João;Rezende;João Rezende
Silvio;Medeiros;Silvio Medeiros
Wallace;Alves;Wallace Alves
Silvio;Macedo;Silvio Macedo
Diego;Carvalho;Diego Carvalho
Luciano;Coutinho;Luciano Coutinho
Fernanda;Araújo;Fernanda Araújo
Renato;Ferreira;Renato Ferreira
Mateus;Assis;Mateus Assis
Paula;Aragão;Paula Aragão
Jorge;Rodrigues;Jorge Rodrigues
Juliana;Araújo;Juliana Araújo
Patrícia;Rezende;Patrícia Rezende
Davi;Santana;Davi Santana
Álvaro;Siqueira;Álvaro Siqueira
Sérgio;Guimarães;Sérgio Guimarães
Natália;Carvalho;Natália Carvalho
Vanessa;Saraiva;Vanessa Saraiva
Mateus;Tavares;Mateus Tavares
Patrícia;Ribeiro;Patrícia Ribeiro
Hugo;Duarte;Hugo Duarte
Diego;Castro;Diego Castro
Márcia;Araújo;Márcia Araújo
Natália;Silva;Natália Silva
Jorge;Macedo;Jorge Macedo
Elisângela;Ferreira;Elisângela Ferreira
Cláudia;Barros;Cláudia Barros
Henrique;Siqueira;Henrique Siqueira
Cássio;Ferreira;Cássio Ferreira
Davi;Monteiro;Davi Monteiro
Gustavo;Magalhães;Gustavo Magalhães
Fábio;Pedrosa;Fábio Pedrosa
João;Prado;João Prado
Érica;Rezende;Érica Rezende
Cecília;Pedrosa;Cecília Pedrosa
Regina;Moreira;Regina Moreira
Antônio;Lima;Antônio Lima
Cássio;Seabra;Cássio Seabra
Paulo;Macedo;Paulo Macedo
Wallace;Bastos;Wallace Bastos
Renato;Dorneles;Renato Dorneles
Gustavo;Passos;Gustavo Passos
Daniel;Dias;Daniel Dias
Álvaro;Mendonça;Álvaro Mendonça
Teresa;Rezende;Teresa Rezende
Everton;Souza;Everton Souza
Álvaro;Xavier;Álvaro Xavier
Mateus;Cunha;Mateus Cunha
Cláudia;Figueiredo;Cláudia Figueiredo
Carla;Mesquita;Carla Mesquita
Camila;Figueiredo;Camila Figueiredo
Fernanda;Braga;Fernanda Braga
Alan;Mendonça;Alan Mendonça
Sofia;Duarte;Sofia Duarte
Leonardo;Cunha;Leonardo Cunha
Leonardo;Valente;Leonardo Valente
André;Pedrosa;André Pedrosa
Bruno;Moraes;Bruno Moraes
Vanessa;Figueiredo;Vanessa Figueiredo
Douglas;Mesquita;Douglas Mesquita
Juliana;Macedo;Juliana Macedo
Thiago;Coutinho;Thiago Coutinho
Roberta;Batista;Roberta Batista
Bianca;Amorim;Bianca Amorim
Cristiane;Bastos;Cristiane Bastos
Cristiane;Cintra;Cristiane Cintra
Rosa;Viana;Rosa Viana
Sofia;Moreira;Sofia Moreira
Patrícia;Figueiredo;Patrícia Figueiredo
Cristiane;Lima;Cristiane Lima
Érica;Souza;Érica Souza
Davi;Macedo;Davi Macedo
Paulo;Rezende;Paulo Rezende
Camila;Rezende;Camila Rezende
Mariana;Marinho;Mariana Marinho
Leonardo;Coutinho;Leonardo Coutinho
Isabela;Peixoto;Isabela Peixoto
Letícia;Oliveira;Letícia Oliveira
Douglas;Correia;Douglas Correia
José;Alves;José Alves
Gabriel;Holanda;Gabriel Holanda
Priscila;Aragão;Priscila Aragão
Mônica;Gouveia;Mônica Gouveia
Mariana;Holanda;Mariana Holanda
Luciano;Barreto;Luciano Barreto
Nilson;Monteiro;Nilson Monteiro
Camila;Sales;Camila Sales
Jorge;Alves;Jorge Alves
Roberta;Oliveira;Roberta Oliveira
Jaqueline;Passos;Jaqueline Passos
Roberto;Vieira;Roberto Vieira
Teresa;Torres;Teresa Torres
Caio;Quevedo;Caio Quevedo
José;Paiva;José Paiva
Cássio;Saraiva;Cássio Saraiva
Hugo;Sampaio;Hugo Sampaio
José;Leitão;José Leitão
Cristiane;Correia;Cristiane Correia
Renata;Porto;Renata Porto
Diego;Damasceno;Diego Damasceno
Cássio;Simões;Cássio Simões
Luciana;Zago;Luciana Zago
Paula;Cunha;Paula Cunha
Sérgio;Carvalho;Sérgio Carvalho
Daniel;Peixoto;Daniel Peixoto
Paulo;Benevides;Paulo Benevides
Priscila;Campos;Priscila Campos
Aline;Porto;Aline Porto
Fernanda;Freitas;Fernanda Freitas
Eduardo;Siqueira;Eduardo Siqueira
André;Leitão;André Leitão
Hugo;Gouveia;Hugo Gouveia
Michele;Aragão;Michele Aragão
Daniel;Barros;Daniel Barros
Carlos;Sales;Carlos Sales
Daniela;Antunes;Daniela Antunes
André;Magalhães;André Magalhães
Rodrigo;Monteiro;Rodrigo Monteiro
André;Azevedo;André Azevedo
Álvaro;Barreto;Álvaro Barreto
Sofia;França;Sofia França
Alan;Santana;Alan Santana
Eduardo;Teles;Eduardo Teles
Álvaro;Dias;Álvaro Dias
Simone;Passos;Simone Passos
Adriana;Viana;Adriana Viana
Vinícius;Holanda;Vinícius Holanda
Mateus;Moraes;Mateus Moraes
Luciano;Dorneles;Luciano Dorneles
Daniela;Santana;Daniela Santana
Aline;Torres;Aline Torres
Roberta;Rangel;Roberta Rangel
Michele;Vasconcelos;Michele Vasconcelos
Silvio;Porto;Silvio Porto
Everton;Prado;Everton Prado
Nelson;Santana;Nelson Santana
Daniela;Torres;Daniela Torres
Sônia;Maia;Sônia Maia
Regina;Farias;Regina Farias
Diego;Passos;Diego Passos
Aline;Passos;Aline Passos
Roberta;Aragão;Roberta Aragão
Sônia;Costa;Sônia Costa
Débora;Silva;Débora Silva
Alexandre;Vasconcelos;Alexandre Vasconcelos
Nelson;Brito;Nelson Brito
Renato;Ribeiro;Renato Ribeiro
Fabiana;Brito;Fabiana Brito
Jorge;Prado;Jorge Prado
Osmar;Saraiva;Osmar Saraiva
Joana;Santos;Joana Santos
Diego;Leitão;Diego Leitão
Cecília;Cardoso;Cecília Cardoso
Sofia;Braga;Sofia Braga
Letícia;Paiva;Letícia Paiva
Eliane;Amorim;Eliane Amorim
Gabriela;Guimarães;Gabriela Guimarães
Hugo;Simões;Hugo Simões
Sofia;Castro;Sofia Castro
Silvio;Quevedo;Silvio Quevedo
Murilo;Melo;Murilo Melo
Carlos;Teles;Carlos Teles
Alan;Macedo;Alan Macedo
Flávia;Sales;Flávia Sales
Rodrigo;Silva;Rodrigo Silva
Sofia;Bezerra;Sofia Bezerra
Érica;Loureiro;Érica Loureiro
Carla;Barreto;Carla Barreto
Maria;Farias;Maria Farias
Elisângela;Amorim;Elisângela Amorim
Igor;Guimarães;Igor Guimarães
José;Simões;José Simões
José;Freitas;José Freitas
Simone;Pires;Simone Pires
Juliana;Prado;Juliana Prado
Daniel;Ferreira;Daniel Ferreira
Guilherme;Martins;Guilherme Martins
Roberta;Xavier;Roberta Xavier
Renato;Coutinho;Renato Coutinho
Mônica;Dias;Mônica Dias
Helena;Barros;Helena Barros
Sofia;Rodrigues;Sofia Rodrigues
Alexandre;Bezerra;Alexandre Bezerra
Sofia;Alves;Sofia Alves
Teresa;Seabra;Teresa Seabra
André;Gomes;André Gomes
Osmar;Leitão;Osmar Leitão
Cristiane;Siqueira;Cristiane Siqueira
Hugo;Maia;Hugo Maia
Álvaro;Macedo;Álvaro Macedo
Carla;Macedo;Carla Macedo
Thiago;Rezende;Thiago Rezende
Gustavo;Rangel;Gustavo Rangel
Ana;Rodrigues;Ana Rodrigues
Letícia;Medeiros;Letícia Medeiros
Thiago;Macedo;Thiago Macedo
Michele;Castro;Michele Castro
Everton;Assis;Everton Assis
Camila;Monteiro;Camila Monteiro
Wagner;Sales;Wagner Sales
Isabela;Queiroz;Isabela Queiroz
Cássio;Araújo;Cássio Araújo
Sérgio;Rocha;Sérgio Rocha
Rafael;Barreto;Rafael Barreto
Diego;Tavares;Diego Tavares
Tatiane;Mascarenhas;Tatiane Mascarenhas
Vitor;Moura;Vitor Moura
Lucas;Medeiros;Lucas Medeiros
Everton;Passos;Everton Passos
Vitor;Teles;Vitor Teles
Rafaela;Araújo;Rafaela Araújo
Vinícius;Serafim;Vinícius Serafim
Sérgio;Barros;Sérgio Barros
Silvio;Barreto;Silvio Barreto
Bruna;Oliveira;Bruna Oliveira
Renato;Moreira;Renato Moreira
Renato;Saraiva;Renato Saraiva
Camila;Gomes;Camila Gomes
Cristiane;Ferreira;Cristiane Ferreira
Luciano;Costa;Luciano Costa
Wagner;França;Wagner França
Vinícius;Coelho;Vinícius Coelho
Igor;Melo;Igor Melo
Simone;Sales;Simone Sales
Tatiane;Castro;Tatiane Castro
Sônia;Medeiros;Sônia Medeiros
Thiago;Dias;Thiago Dias
Paula;Amorim;Paula Amorim
Renata;Dorneles;Renata Dorneles
Bruno;Santos;Bruno Santos
Eliane;Pedrosa;Eliane Pedrosa
Douglas;Sampaio;Douglas Sampaio
Eduardo;Moreira;Eduardo Moreira
Débora;Damasceno;Débora Damasceno
Larissa;Guimarães;Larissa Guimarães
Álvaro;Damasceno;Álvaro Damasceno
Osmar;Seabra;Osmar Seabra
Ana;Santos;Ana Santos
Isabela;Mendonça;Isabela Mendonça
Vanessa;Duarte;Vanessa Duarte
Sofia;Melo;Sofia Melo
Lucas;Paiva;Lucas Paiva
Camila;Tavares;Camila Tavares
Gustavo;Farias;Gustavo Farias
Nilson;Medeiros;Nilson Medeiros
Teresa;Castro;Teresa Castro
Cecília;Assis;Cecília Assis
Antônio;Saraiva;Antônio Saraiva
Daniel;Serafim;Daniel Serafim
Jorge;Queiroz;Jorge Queiroz
Jaqueline;Moraes;Jaqueline Moraes
Leonardo;Benevides;Leonardo Benevides
Elisângela;Macedo;Elisângela Macedo
Renata;Ribeiro;Renata Ribeiro
Gustavo;Viana;Gustavo Viana
Sofia;Ferreira;Sofia Ferreira
Renato;Silva;Renato Silva
Marcelo;Ferreira;Marcelo Ferreira
Eliane;Xavier;Eliane Xavier
Thiago;Pereira;Thiago Pereira
Cristiano;Antunes;Cristiano Antunes
Marcelo;Nunes;Marcelo Nunes
Elisângela;Martins;Elisângela Martins
Rafael;Rocha;Rafael Rocha
Mariana;Magalhães;Mariana Magalhães
Bianca;Ribeiro;Bianca Ribeiro
Bruna;Viana;Bruna Viana
Marcelo;Xavier;Marcelo Xavier
Lucas;Vieira;Lucas Vieira
Cecília;Neves;Cecília Neves
João;Magalhães;João Magalhães
Daniela;Queiroz;Daniela Queiroz
Bruno;Silva;Bruno Silva
Débora;Cintra;Débora Cintra
Érica;Barreto;Érica Barreto
Márcia;Medeiros;Márcia Medeiros
Nilson;Pinto;Nilson Pinto
Roberta;Magalhães;Roberta Magalhães
Felipe;Carvalho;Felipe Carvalho
Leonardo;Alves;Leonardo Alves
Ana;Farias;Ana Farias
Márcia;Monteiro;Márcia Monteiro
Patrícia;Lemos;Patrícia Lemos
Alexandre;Cunha;Alexandre Cunha
Larissa;Sampaio;Larissa Sampaio
Luciana;Alves;Luciana Alves
Mariana;Figueiredo;Mariana Figueiredo
Luciana;Leitão;Luciana Leitão
Alan;Figueiredo;Alan Figueiredo
Guilherme;Pedrosa;Guilherme Pedrosa
Cristiano;Teixeira;Cristiano Teixeira
Letícia;Lima;Letícia Lima
Renato;Santana;Renato Santana
Priscila;Assis;Priscila Assis
Regina;Rodrigues;Regina Rodrigues
Gustavo;Correia;Gustavo Correia
Priscila;Ribeiro;Priscila Ribeiro
Wallace;Brito;Wallace Brito
Eliane;Vasconcelos;Eliane Vasconcelos
Henrique;Loureiro;Henrique Loureiro
Roberta;Neves;Roberta Neves
Thiago;Vasconcelos;Thiago Vasconcelos
Jaqueline;Lima;Jaqueline Lima
Joana;Amorim;Joana Amorim
Carlos;Rezende;Carlos Rezende
Gabriel;Campos;Gabriel Campos
Helena;Bezerra;Helena Bezerra
Natália;Batista;Natália Batista
Talita;Marinho;Talita Marinho
Érica;Carvalho;Érica Carvalho
Larissa;Pinto;Larissa Pinto
José;Mesquita;José Mesquita
Paula;Zago;Paula Zago
Roberto;Viana;Roberto Viana
Eliane;Bezerra;Eliane Bezerra
Fernanda;Saraiva;Fernanda Saraiva
Rosa;Peixoto;Rosa Peixoto
Marcelo;Lemos;Marcelo Lemos
Regina;França;Regina França
Álvaro;Pedrosa;Álvaro Pedrosa
Vanessa;Coelho;Vanessa Coelho
Tatiane;Antunes;Tatiane Antunes
Davi;Farias;Davi Farias
Mauro;Viana;Mauro Viana
Henrique;Barros;Henrique Barros
Jorge;Lima;Jorge Lima
Rafael;Freitas;Rafael Freitas
Wagner;Vieira;Wagner Vieira
Alexandre;Monteiro;Alexandre Monteiro
Vitor;Damasceno;Vitor Damasceno
Luciano;Figueiredo;Luciano Figueiredo
João;Pires;João Pires
Gabriela;Benevides;Gabriela Benevides
Simone;Zago;Simone Zago
Wallace;Araújo;Wallace Araújo
Jorge;Bastos;Jorge Bastos
Leonardo;Maia;Leonardo Maia
Mauro;Freitas;Mauro Freitas
André;Barros;André Barros
Elisângela;Magalhães;Elisângela Magalhães
Isabela;Damasceno;Isabela Damasceno
Vitor;Queiroz;Vitor Queiroz
Murilo;Rocha;Murilo Rocha
Cristiano;Batista;Cristiano Batista
Murilo;Oliveira;Murilo Oliveira
Henrique;Vieira;Henrique Vieira
Gabriela;Azevedo;Gabriela Azevedo
Alexandre;França;Alexandre França
Kelly;Dorneles;Kelly Dorneles
Thiago;Farias;Thiago Farias
Diego;Correia;Diego Correia
Ana;Lima;Ana Lima
Fabiana;Dias;Fabiana Dias
Mônica;Rangel;Mônica Rangel
Nelson;Guimarães;Nelson Guimarães
Paulo;Vasconcelos;Paulo Vasconcelos
Michele;Loureiro;Michele Loureiro
Tatiane;Alves;Tatiane Alves
Hugo;Pinto;Hugo Pinto
Mariana;Bastos;Mariana Bastos
Everton;Rodrigues;Everton Rodrigues
Fabiana;Dorneles;Fabiana Dorneles
Rodrigo;Porto;Rodrigo Porto
Douglas;Prado;Douglas Prado
Fernanda;Souza;Fernanda Souza
Elisângela;Marinho;Elisângela Marinho
Joana;Coelho;Joana Coelho
Kelly;Coutinho;Kelly Coutinho
Roberta;Campos;Roberta Campos
Érica;Brito;Érica Brito
Nilson;Santos;Nilson Santos
Osmar;Azevedo;Osmar Azevedo
Alan;Batista;Alan Batista
Bruna;Pinto;Bruna Pinto
Bruno;Monteiro;Bruno Monteiro
Diego;Zago;Diego Zago
Juliana;Lemos;Juliana Lemos
Gabriel;Vieira;Gabriel Vieira
Márcia;Viana;Márcia Viana
Wagner;Coutinho;Wagner Coutinho
Gustavo;Mascarenhas;Gustavo Mascarenhas
Kelly;Quevedo;Kelly Quevedo
Pedro;Nunes;Pedro Nunes
Cecília;Bezerra;Cecília Bezerra
Davi;França;Davi França
Ana;Marinho;Ana Marinho
Roberto;Batista;Roberto Batista
Patrícia;Quevedo;Patrícia Quevedo
Samuel;Quevedo;Samuel Quevedo
Sônia;Rocha;Sônia Rocha
Renata;Brito;Renata Brito
Mariana;Neves;Mariana Neves
Álvaro;Nunes;Álvaro Nunes
Fábio;Pinto;Fábio Pinto
Aline;Amorim;Aline Amorim
Érica;Teixeira;Érica Teixeira
Rafaela;Magalhães;Rafaela Magalhães
Alan;Mesquita;Alan Mesquita
Silvio;Freitas;Silvio Freitas
Talita;Vieira;Talita Vieira
Helena;Queiroz;Helena Queiroz
Camila;Siqueira;Camila Siqueira
Renato;Holanda;Renato Holanda
Roberta;Monteiro;Roberta Monteiro
Sônia;Azevedo;Sônia Azevedo
Adriana;Silva;Adriana Silva
Davi;Vieira;Davi Vieira
Osmar;Alves;Osmar Alves
Osmar;Fonseca;Osmar Fonseca
Débora;Torres;Débora Torres
André;Coutinho;André Coutinho
Roberta;Cardoso;Roberta Cardoso
Davi;Gomes;Davi Gomes
Ana;Queiroz;Ana Queiroz
Jorge;Costa;Jorge Costa
Renata;Marinho;Renata Marinho
Paula;Castro;Paula Castro
Leonardo;Araújo;Leonardo Araújo
Ana;Santana;Ana Santana
Nelson;Mendonça;Nelson Mendonça
Henrique;Magalhães;Henrique Magalhães
Osmar;Mascarenhas;Osmar Mascarenhas
Gabriela;Dias;Gabriela Dias
Luciana;Vasconcelos;Luciana Vasconcelos
Vitor;Barros;Vitor Barros
Pedro;Marinho;Pedro Marinho
Pedro;Porto;Pedro Porto
Jorge;Zago;Jorge Zago
Joana;Mesquita;Joana Mesquita
Rosa;Torres;Rosa Torres
Mônica;Brito;Mônica Brito
Sofia;Barreto;Sofia Barreto
André;Damasceno;André Damasceno
Renata;Moreira;Renata Moreira
Regina;Duarte;Regina Duarte
Mauro;Araújo;Mauro Araújo
Lucas;Rezende;Lucas Rezende
Gustavo;Benevides;Gustavo Benevides
Tatiane;Viana;Tatiane Viana
Paula;Seabra;Paula Seabra
Daniela;Batista;Daniela Batista
Antônio;Coelho;Antônio Coelho
Isabela;Seabra;Isabela Seabra
Letícia;Ribeiro;Letícia Ribeiro
Renata;Farias;Renata Farias
Bruno;Holanda;Bruno Holanda
Talita;Sampaio;Talita Sampaio
Sofia;Moraes;Sofia Moraes
Eduardo;Lemos;Eduardo Lemos
Luciana;Passos;Luciana Passos
Felipe;Amorim;Felipe Amorim
Pedro;Santana;Pedro Santana
Sérgio;Teixeira;Sérgio Teixeira
João;Mesquita;João Mesquita
Gabriel;Teixeira;Gabriel Teixeira
Fabiana;Mesquita;Fabiana Mesquita
Henrique;Freitas;Henrique Freitas
Flávia;Guimarães;Flávia Guimarães
Hugo;Seabra;Hugo Seabra
Jaqueline;Figueiredo;Jaqueline Figueiredo
Rosa;Gouveia;Rosa Gouveia
Paulo;Martins;Paulo Martins
Fabiana;Sales;Fabiana Sales
Carlos;Magalhães;Carlos Magalhães
Juliana;Loureiro;Juliana Loureiro
Juliana;Assis;Juliana Assis
Eliane;Pires;Eliane Pires
Silvio;Silva;Silvio Silva
Hugo;Freitas;Hugo Freitas
Letícia;Batista;Letícia Batista
Davi;Carvalho;Davi Carvalho
Regina;Rangel;Regina Rangel
Fernanda;Macedo;Fernanda Macedo
Juliana;Brito;Juliana Brito
Jaqueline;Mascarenhas;Jaqueline Mascarenhas
Pedro;Batista;Pedro Batista
Gabriela;Serafim;Gabriela Serafim
Cristiane;Saraiva;Cristiane Saraiva
Igor;Rezende;Igor Rezende
Simone;Damasceno;Simone Damasceno
Diego;Rocha;Diego Rocha
Camila;Mendonça;Camila Mendonça
Mauro;Simões;Mauro Simões
Priscila;Zago;Priscila Zago
Paulo;Barros;Paulo Barros
Mauro;Mascarenhas;Mauro Mascarenhas
Leonardo;Freitas;Leonardo Freitas
Fabiana;Ferreira;Fabiana Ferreira
Kelly;Peixoto;Kelly Peixoto
Luciana;Brito;Luciana Brito
Jaqueline;Nunes;Jaqueline Nunes
Flávia;Pinto;Flávia Pinto
Alan;Melo;Alan Melo
Roberto;Neves;Roberto Neves
Teresa;Loureiro;Teresa Loureiro
Letícia;Melo;Letícia Melo
Bianca;Estrela;Bianca Estrela
Felipe;Estrela;Felipe Estrela
Gabriela;Pires;Gabriela Pires
Michele;Ferreira;Michele Ferreira
Cecília;Nunes;Cecília Nunes
André;Quevedo;André Quevedo
Vanessa;Pereira;Vanessa Pereira
Kelly;Gouveia;Kelly Gouveia
Alan;Ferreira;Alan Ferreira
Eliane;Peixoto;Eliane Peixoto
Bruna;Pereira;Bruna Pereira
Carlos;Ribeiro;Carlos Ribeiro
Vinícius;Mascarenhas;Vinícius Mascarenhas
Mauro;Pires;Mauro Pires
Márcia;Dias;Márcia Dias
Fabiana;Correia;Fabiana Correia
Fabiana;Freitas;Fabiana Freitas
Helena;Barreto;Helena Barreto
Juliana;Rezende;Juliana Rezende
Felipe;Araújo;Felipe Araújo
Gustavo;Serafim;Gustavo Serafim
Pedro;Fonseca;Pedro Fonseca
Alexandre;Neves;Alexandre Neves
Tatiane;Dorneles;Tatiane Dorneles
Vitor;Simões;Vitor Simões
Felipe;Tavares;Felipe Tavares
Leonardo;Mendonça;Leonardo Mendonça
Sérgio;Sales;Sérgio Sales
Paulo;Araújo;Paulo Araújo
Henrique;Coelho;Henrique Coelho
Bianca;Costa;Bianca Costa
Alan;Moreira;Alan Moreira
Camila;Silva;Camila Silva
Gabriela;Rodrigues;Gabriela Rodrigues
Igor;Porto;Igor Porto
Nilson;Cintra;Nilson Cintra
Luciana;Souza;Luciana Souza
Simone;Oliveira;Simone Oliveira
Cristiane;Benevides;Cristiane Benevides
Luciano;Saraiva;Luciano Saraiva
Davi;Antunes;Davi Antunes
Sônia;Antunes;Sônia Antunes
Roberto;Gomes;Roberto Gomes
Gabriel;Barros;Gabriel Barros
Rosa;Campos;Rosa Campos
Wallace;Martins;Wallace Martins
Fábio;Araújo;Fábio Araújo
Helena;Freitas;Helena Freitas
Silvio;Brito;Silvio Brito
Daniela;Amorim;Daniela Amorim
Patrícia;Cunha;Patrícia Cunha
Regina;Barros;Regina Barros
Helena;Figueiredo;Helena Figueiredo
Jorge;Mendonça;Jorge Mendonça
Silvio;Estrela;Silvio Estrela
Aline;Farias;Aline Farias
Paulo;Lemos;Paulo Lemos
Michele;Holanda;Michele Holanda
Samuel;Rodrigues;Samuel Rodrigues
Michele;Lemos;Michele Lemos
Juliana;Figueiredo;Juliana Figueiredo
Renato;Freitas;Renato Freitas
Fabiana;Seabra;Fabiana Seabra
Marcelo;Serafim;Marcelo Serafim
Pedro;Seabra;Pedro Seabra
Teresa;França;Teresa França
Silvio;Pires;Silvio Pires
Daniel;Melo;Daniel Melo
Teresa;Campos;Teresa Campos
Henrique;Gouveia;Henrique Gouveia
Murilo;Magalhães;Murilo Magalhães
Jaqueline;Moreira;Jaqueline Moreira
Mauro;Costa;Mauro Costa
Fernanda;Bezerra;Fernanda Bezerra
Cristiano;Guimarães;Cristiano Guimarães
Caio;França;Caio França
Rafaela;Barros;Rafaela Barros
João;Moura;João Moura
Igor;Gomes;Igor Gomes
Camila;Serafim;Camila Serafim
Jorge;Araújo;Jorge Araújo
Carla;Peixoto;Carla Peixoto
Joana;Tavares;Joana Tavares
Larissa;Holanda;Larissa Holanda
Vinícius;Gouveia;Vinícius Gouveia
Antônio;Estrela;Antônio Estrela
Carla;Cardoso;Carla Cardoso
Diego;Campos;Diego Campos
Helena;Castro;Helena Castro
Murilo;Batista;Murilo Batista
Diego;Marinho;Diego Marinho
Érica;Tavares;Érica Tavares
Mauro;Medeiros;Mauro Medeiros
André;Nunes;André Nunes
Sérgio;Rezende;Sérgio Rezende
Daniel;Estrela;Daniel Estrela
Juliana;Duarte;Juliana Duarte
Adriana;Damasceno;Adriana Damasceno
Everton;Vasconcelos;Everton Vasconcelos
Lucas;Moreira;Lucas Moreira
José;Quevedo;José Quevedo
Regina;Quevedo;Regina Quevedo
Elisângela;Queiroz;Elisângela Queiroz
Gabriel;Leitão;Gabriel Leitão
Daniel;Rezende;Daniel Rezende
Thiago;Leitão;Thiago Leitão
Thiago;Pinto;Thiago Pinto
Larissa;Xavier;Larissa Xavier
Débora;Pires;Débora Pires
Jorge;Xavier;Jorge Xavier
Ana;Gomes;Ana Gomes
Nilson;Aragão;Nilson Aragão
Cristiane;Neves;Cristiane Neves
Márcia;Paiva;Márcia Paiva
Cristiane;Figueiredo;Cristiane Figueiredo
Mauro;Saraiva;Mauro Saraiva
Wallace;Barros;Wallace Barros
Osmar;Mendonça;Osmar Mendonça
Cássio;Maia;Cássio Maia
Eliane;Castro;Eliane Castro
Alexandre;Carvalho;Alexandre Carvalho
Priscila;Rocha;Priscila Rocha
Juliana;Barros;Juliana Barros
Bruna;Seabra;Bruna Seabra
Leonardo;Tavares;Leonardo Tavares
Adriana;Xavier;Adriana Xavier
Sofia;Holanda;Sofia Holanda
Igor;Pires;Igor Pires
Eliane;Santana;Eliane Santana
Elisângela;Damasceno;Elisângela Damasceno
Wallace;França;Wallace França
Thiago;Quevedo;Thiago Quevedo
Vanessa;Castro;Vanessa Castro
Rafaela;Peixoto;Rafaela Peixoto
Bruno;Batista;Bruno Batista
Luciano;Benevides;Luciano Benevides
Rosa;Barreto;Rosa Barreto
Roberta;Sampaio;Roberta Sampaio
Luciano;Pedrosa;Luciano Pedrosa
Carlos;Vieira;Carlos Vieira
Sofia;Pedrosa;Sofia Pedrosa
Eliane;Monteiro;Eliane Monteiro
Mariana;Bezerra;Mariana Bezerra
Simone;Vieira;Simone Vieira
Diego;Pinto;Diego Pinto
Maria;Cunha;Maria Cunha
Márcia;França;Márcia França
Joana;Prado;Joana Prado
Simone;Assis;Simone Assis
Renato;Valente;Renato Valente
Jorge;Loureiro;Jorge Loureiro
Adriana;Campos;Adriana Campos
Fernanda;Prado;Fernanda Prado
Mauro;Bezerra;Mauro Bezerra
Daniel;Cunha;Daniel Cunha
Jorge;Correia;Jorge Correia
Cristiane;Alves;Cristiane Alves
Tatiane;Gomes;Tatiane Gomes
Carlos;Gouveia;Carlos Gouveia
Kelly;Barros;Kelly Barros
Rodrigo;Neves;Rodrigo Neves
Rosa;Leitão;Rosa Leitão
Fábio;Moreira;Fábio Moreira
Cristiane;Moreira;Cristiane Moreira
Sônia;Macedo;Sônia Macedo
Douglas;Santana;Douglas Santana
Jaqueline;Mesquita;Jaqueline Mesquita
Flávia;Marinho;Flávia Marinho
Kelly;Bezerra;Kelly Bezerra
Simone;Porto;Simone Porto
Aline;Marinho;Aline Marinho
Camila;Cunha;Camila Cunha
Regina;Loureiro;Regina Loureiro
Priscila;Souza;Priscila Souza
Igor;Barreto;Igor Barreto
Caio;Rezende;Caio Rezende
Simone;Pedrosa;Simone Pedrosa
Simone;Loureiro;Simone Loureiro
Fabiana;Melo;Fabiana Melo
Simone;Lemos;Simone Lemos
Joana;Assis;Joana Assis
Teresa;Barros;Teresa Barros
Caio;Teixeira;Caio Teixeira
Samuel;Macedo;Samuel Macedo
Samuel;Saraiva;Samuel Saraiva
Carlos;Valente;Carlos Valente
Eduardo;Antunes;Eduardo Antunes
Antônio;Azevedo;Antônio Azevedo
Rodrigo;Damasceno;Rodrigo Damasceno
Cristiane;Guimarães;Cristiane Guimarães
Teresa;Tavares;Teresa Tavares
Guilherme;Barros;Guilherme Barros
Eliane;Gomes;Eliane Gomes
Murilo;Xavier;Murilo Xavier
Murilo;Mendonça;Murilo Mendonça
Jaqueline;Rezende;Jaqueline Rezende
Regina;Rezende;Regina Rezende
Roberta;Moura;Roberta Moura
Antônio;Amorim;Antônio Amorim
Nelson;Carvalho;Nelson Carvalho
Paula;Teles;Paula Teles
Rafaela;Campos;Rafaela Campos
Daniela;Bastos;Daniela Bastos
Fábio;Mascarenhas;Fábio Mascarenhas
André;Guimarães;André Guimarães
Nilson;Cunha;Nilson Cunha
Igor;Assis;Igor Assis
Mauro;Barros;Mauro Barros
Elisângela;Coutinho;Elisângela Coutinho
Renato;Moraes;Renato Moraes
Guilherme;Ferreira;Guilherme Ferreira
Carla;França;Carla França
Gustavo;Moreira;Gustavo Moreira
Leonardo;Vasconcelos;Leonardo Vasconcelos
Cecília;Teles;Cecília Teles
Mariana;Rangel;Mariana Rangel
Henrique;Monteiro;Henrique Monteiro
Bruno;Moreira;Bruno Moreira
Letícia;Siqueira;Letícia Siqueira
Álvaro;Tavares;Álvaro Tavares
Cristiano;Souza;Cristiano Souza
Daniel;Dorneles;Daniel Dorneles
Flávia;Teixeira;Flávia Teixeira
Bruna;Rangel;Bruna Rangel
Roberta;Tavares;Roberta Tavares
Márcia;Sampaio;Márcia Sampaio
Guilherme;Batista;Guilherme Batista
Guilherme;Rocha;Guilherme Rocha
Eliane;Correia;Eliane Correia
Felipe;Pires;Felipe Pires
Gabriela;Cunha;Gabriela Cunha
Mauro;Alves;Mauro Alves
Talita;Siqueira;Talita Siqueira
Guilherme;Moura;Guilherme Moura
Sônia;Passos;Sônia Passos
Eduardo;Costa;Eduardo Costa
Samuel;Dorneles;Samuel Dorneles
Débora;Maia;Débora Maia
Tatiane;Fonseca;Tatiane Fonseca
Priscila;Moreira;Priscila Moreira
Thiago;Monteiro;Thiago Monteiro
Flávia;Tavares;Flávia Tavares
Vanessa;Alves;Vanessa Alves
Caio;Barros;Caio Barros
Fábio;Costa;Fábio Costa
Cláudia;Cunha;Cláudia Cunha
Alan;Dias;Alan Dias
Natália;Maia;Natália Maia
André;Dorneles;André Dorneles
Sônia;Magalhães;Sônia Magalhães
Hugo;Mesquita;Hugo Mesquita
Priscila;Magalhães;Priscila Magalhães
Cláudia;Dias;Cláudia Dias
Jorge;Souza;Jorge Souza
Eliane;Barros;Eliane Barros
Wallace;Azevedo;Wallace Azevedo
Samuel;Mendonça;Samuel Mendonça
Sofia;Monteiro;Sofia Monteiro
Fernanda;Gomes;Fernanda Gomes
Rodrigo;Cardoso;Rodrigo Cardoso
Pedro;Gomes;Pedro Gomes
Carla;Viana;Carla Viana
Sônia;Farias;Sônia Farias
Eduardo;Aragão;Eduardo Aragão
Silvio;Dorneles;Silvio Dorneles
Daniela;Brito;Daniela Brito
Vanessa;Barros;Vanessa Barros
Antônio;Teles;Antônio Teles
Pedro;Magalhães;Pedro Magalhães
Gabriel;Duarte;Gabriel Duarte
Nilson;Guimarães;Nilson Guimarães
Bianca;Rezende;Bianca Rezende
Teresa;Cintra;Teresa Cintra
Eduardo;Pereira;Eduardo Pereira
Sérgio;Mascarenhas;Sérgio Mascarenhas
Jorge;Seabra;Jorge Seabra
Leonardo;Magalhães;Leonardo Magalhães
Rafaela;Damasceno;Rafaela Damasceno
Mauro;Mendonça;Mauro Mendonça
Jaqueline;Serafim;Jaqueline Serafim
Marcelo;Mesquita;Marcelo Mesquita
Nelson;Castro;Nelson Castro
Helena;Loureiro;Helena Loureiro
Samuel;Coelho;Samuel Coelho
Gabriela;Vasconcelos;Gabriela Vasconcelos
Davi;Ribeiro;Davi Ribeiro
José;Magalhães;José Magalhães
Samuel;Maia;Samuel Maia
Vanessa;Neves;Vanessa Neves
Murilo;Pinto;Murilo Pinto
Pedro;Araújo;Pedro Araújo
Cecília;Lemos;Cecília Lemos
Mauro;Silva;Mauro Silva
Mônica;Gomes;Mônica Gomes
Natália;Pedrosa;Natália Pedrosa
André;Porto;André Porto
Álvaro;Rangel;Álvaro Rangel
Cláudia;Duarte;Cláudia Duarte
André;Melo;André Melo
Talita;Teixeira;Talita Teixeira
Wallace;Serafim;Wallace Serafim
Vanessa;Viana;Vanessa Viana
Paulo;Antunes;Paulo Antunes
Igor;Maia;Igor Maia
Regina;Mendonça;Regina Mendonça
Bianca;Oliveira;Bianca Oliveira
João;Araújo;João Araújo
Silvio;Moreira;Silvio Moreira
Luciana;Cintra;Luciana Cintra
Bianca;Freitas;Bianca Freitas
Luciana;Pereira;Luciana Pereira
Alexandre;Antunes;Alexandre Antunes
Camila;Batista;Camila Batista
Lucas;Zago;Lucas Zago
Guilherme;Maia;Guilherme Maia
Silvio;Magalhães;Silvio Magalhães
Elisângela;Monteiro;Elisângela Monteiro
José;Zago;José Zago
Helena;Bastos;Helena Bastos
Rafaela;Guimarães;Rafaela Guimarães
Jorge;Moura;Jorge Moura
Camila;Pereira;Camila Pereira
Renato;Gouveia;Renato Gouveia
Thiago;Souza;Thiago Souza
Márcia;Serafim;Márcia Serafim
Flávia;Passos;Flávia Passos
Rafaela;Rangel;Rafaela Rangel
Elisângela;Gomes;Elisângela Gomes
Érica;Maia;Érica Maia
Henrique;Campos;Henrique Campos
Nilson;França;Nilson França
Douglas;Farias;Douglas Farias
Álvaro;Barros;Álvaro Barros
Camila;Zago;Camila Zago
Mariana;Amorim;Mariana Amorim
Osmar;Neves;Osmar Neves
Bianca;Moraes;Bianca Moraes
Everton;Rocha;Everton Rocha
Sofia;Rezende;Sofia Rezende
Igor;Quevedo;Igor Quevedo
Nilson;Vieira;Nilson Vieira
Eduardo;Correia;Eduardo Correia
Mônica;Sampaio;Mônica Sampaio
Cristiane;Braga;Cristiane Braga
Everton;Simões;Everton Simões
Jorge;Assis;Jorge Assis
Priscila;Xavier;Priscila Xavier
Cristiane;Teles;Cristiane Teles
Caio;Carvalho;Caio Carvalho
Vitor;Pedrosa;Vitor Pedrosa
Roberta;Maia;Roberta Maia
Sofia;Viana;Sofia Viana
Felipe;Nunes;Felipe Nunes
Larissa;Araújo;Larissa Araújo
Renato;Magalhães;Renato Magalhães
Helena;Rocha;Helena Rocha
Douglas;Damasceno;Douglas Damasceno
Murilo;Figueiredo;Murilo Figueiredo
Márcia;Castro;Márcia Castro
Carla;Araújo;Carla Araújo
Wallace;Freitas;Wallace Freitas
Antônio;Medeiros;Antônio Medeiros
Michele;Dias;Michele Dias
Mônica;Coutinho;Mônica Coutinho
Cristiano;Pires;Cristiano Pires
Nelson;Braga;Nelson Braga
Mariana;Passos;Mariana Passos
Sônia;Neves;Sônia Neves
Gabriel;Benevides;Gabriel Benevides
Cláudia;Fonseca;Cláudia Fonseca
Roberta;Sales;Roberta Sales
Ana;Barreto;Ana Barreto
Elisângela;Rezende;Elisângela Rezende
Érica;Rodrigues;Érica Rodrigues
Cristiano;Saraiva;Cristiano Saraiva
Elisângela;Cunha;Elisângela Cunha
Érica;Viana;Érica Viana
Murilo;Santana;Murilo Santana
Carla;Cintra;Carla Cintra
Roberta;Mascarenhas;Roberta Mascarenhas
Davi;Estrela;Davi Estrela
Fábio;Pereira;Fábio Pereira
Hugo;Marinho;Hugo Marinho
Hugo;Nunes;Hugo Nunes
Daniel;Guimarães;Daniel Guimarães
Mônica;Cardoso;Mônica Cardoso
Débora;Moura;Débora Moura
Hugo;Siqueira;Hugo Siqueira
Silvio;Campos;Silvio Campos
Lucas;Serafim;Lucas Serafim
Rosa;Mesquita;Rosa Mesquita
Henrique;Brito;Henrique Brito
Aline;Estrela;Aline Estrela
Felipe;Dias;Felipe Dias
Daniel;Pedrosa;Daniel Pedrosa
Fabiana;Siqueira;Fabiana Siqueira
Bruna;Rezende;Bruna Rezende
Daniela;Rocha;Daniela Rocha
Joana;Barreto;Joana Barreto
Simone;Tavares;Simone Tavares
Patrícia;Amorim;Patrícia Amorim
Alexandre;Vieira;Alexandre Vieira
Jaqueline;Martins;Jaqueline Martins
Luciana;Mascarenhas;Luciana Mascarenhas
Paulo;Amorim;Paulo Amorim
Lucas;Coutinho;Lucas Coutinho
Nilson;Torres;Nilson Torres
Fernanda;Martins;Fernanda Martins
Rodrigo;Duarte;Rodrigo Duarte
Hugo;Vieira;Hugo Vieira
Adriana;Lemos;Adriana Lemos
Hugo;Rezende;Hugo Rezende
Wallace;Quevedo;Wallace Quevedo
Daniel;Porto;Daniel Porto
Teresa;Martins;Teresa Martins
Patrícia;Pedrosa;Patrícia Pedrosa
Letícia;Azevedo;Letícia Azevedo
Daniela;Magalhães;Daniela Magalhães
Larissa;Zago;Larissa Zago
Vitor;Marinho;Vitor Marinho
Larissa;Marinho;Larissa Marinho
Sofia;Cintra;Sofia Cintra
Kelly;Fonseca;Kelly Fonseca
Jorge;Freitas;Jorge Freitas
Ana;Figueiredo;Ana Figueiredo
Isabela;Farias;Isabela Farias
Regina;Vasconcelos;Regina Vasconcelos
Simone;Fonseca;Simone Fonseca
Rosa;Xavier;Rosa Xavier
Priscila;Figueiredo;Priscila Figueiredo
Paula;Magalhães;Paula Magalhães
Murilo;Tavares;Murilo Tavares
Antônio;Tavares;Antônio Tavares
Michele;Paiva;Michele Paiva
Fabiana;Rocha;Fabiana Rocha
Samuel;Alves;Samuel Alves
Wagner;Pedrosa;Wagner Pedrosa
Jaqueline;Torres;Jaqueline Torres
Aline;Cunha;Aline Cunha
Débora;Teles;Débora Teles
Carla;Correia;Carla Correia
Simone;Quevedo;Simone Quevedo
Sônia;Damasceno;Sônia Damasceno
Maria;Batista;Maria Batista
Bianca;Prado;Bianca Prado
Márcia;Duarte;Márcia Duarte
Larissa;Teles;Larissa Teles
Henrique;Medeiros;Henrique Medeiros
Hugo;Cunha;Hugo Cunha
Douglas;Nunes;Douglas Nunes
Natália;Ferreira;Natália Ferreira
Jaqueline;Fonseca;Jaqueline Fonseca
André;Mendonça;André Mendonça
Fabiana;Castro;Fabiana Castro
Silvio;Barros;Silvio Barros
Alan;Costa;Alan Costa
Nelson;Bezerra;Nelson Bezerra
Márcia;Braga;Márcia Braga
Felipe;Silva;Felipe Silva
Leonardo;Mesquita;Leonardo Mesquita
José;Mascarenhas;José Mascarenhas
Igor;Braga;Igor Braga
Leonardo;Queiroz;Leonardo Queiroz
Daniel;França;Daniel França
Jorge;Barreto;Jorge Barreto
Wagner;Cintra;Wagner Cintra
Fernanda;Moreira;Fernanda Moreira
Regina;Tavares;Regina Tavares
Fábio;Lemos;Fábio Lemos
Mateus;Mesquita;Mateus Mesquita
Bianca;Vieira;Bianca Vieira
Nilson;Pires;Nilson Pires
Osmar;Carvalho;Osmar Carvalho
Leonardo;Dias;Leonardo Dias
Tatiane;Medeiros;Tatiane Medeiros
Natália;Magalhães;Natália Magalhães
Davi;Amorim;Davi Amorim
Diego;Fonseca;Diego Fonseca
Joana;Maia;Joana Maia
Juliana;Cunha;Juliana Cunha
Ana;Castro;Ana Castro
Juliana;Peixoto;Juliana Peixoto
Alexandre;Bastos;Alexandre Bastos
Rosa;Seabra;Rosa Seabra
Igor;Barros;Igor Barros
Alexandre;Araújo;Alexandre Araújo
Sônia;Fonseca;Sônia Fonseca
Lucas;Amorim;Lucas Amorim
Wallace;Loureiro;Wallace Loureiro
Álvaro;Benevides;Álvaro Benevides
Rodrigo;Pires;Rodrigo Pires
Carla;Barros;Carla Barros
Jaqueline;Castro;Jaqueline Castro
Flávia;Sampaio;Flávia Sampaio
Regina;Leitão;Regina Leitão
Cecília;Saraiva;Cecília Saraiva
Fernanda;Santos;Fernanda Santos
Wagner;Leitão;Wagner Leitão
Michele;Marinho;Michele Marinho
Vitor;Aragão;Vitor Aragão
Cristiane;Rezende;Cristiane Rezende
Sofia;Siqueira;Sofia Siqueira
Regina;Pedrosa;Regina Pedrosa
Hugo;Carvalho;Hugo Carvalho
Osmar;Rezende;Osmar Rezende
José;Lemos;José Lemos
Hugo;Moreira;Hugo Moreira
Caio;Mendonça;Caio Mendonça
Aline;Guimarães;Aline Guimarães
Juliana;Seabra;Juliana Seabra
Caio;Oliveira;Caio Oliveira
Larissa;Freitas;Larissa Freitas
Carla;Sales;Carla Sales
Rafael;Lima;Rafael Lima
Pedro;Sales;Pedro Sales
Rosa;Barros;Rosa Barros
Nelson;Campos;Nelson Campos
Igor;Bezerra;Igor Bezerra
Sofia;Lima;Sofia Lima
Rodrigo;Moura;Rodrigo Moura
Sofia;Barros;Sofia Barros
Fernanda;Silva;Fernanda Silva
Thiago;Xavier;Thiago Xavier
Fábio;Coutinho;Fábio Coutinho
Márcia;Cardoso;Márcia Cardoso
Helena;Gomes;Helena Gomes
Ana;Mesquita;Ana Mesquita
Paula;Serafim;Paula Serafim
Joana;França;Joana França
Gabriela;Araújo;Gabriela Araújo
Fabiana;Porto;Fabiana Porto
Maria;Rezende;Maria Rezende
Hugo;Lima;Hugo Lima
Carlos;Serafim;Carlos Serafim
Camila;Medeiros;Camila Medeiros
Cristiane;Paiva;Cristiane Paiva
Wallace;Barreto;Wallace Barreto
Guilherme;Assis;Guilherme Assis
André;Marinho;André Marinho
Jorge;Nunes;Jorge Nunes
Vanessa;Teles;Vanessa Teles
Fabiana;Simões;Fabiana Simões
Diego;Mascarenhas;Diego Mascarenhas
Michele;Freitas;Michele Freitas
Cássio;Neves;Cássio Neves
Érica;Torres;Érica Torres
Mateus;Silva;Mateus Silva
André;Sales;André Sales
Vanessa;Costa;Vanessa Costa
Érica;Aragão;Érica Aragão
Rosa;Antunes;Rosa Antunes
Leonardo;Teixeira;Leonardo Teixeira
Camila;Cardoso;Camila Cardoso
Eliane;Siqueira;Eliane Siqueira
Márcia;Silva;Márcia Silva
Juliana;Batista;Juliana Batista
Carla;Neves;Carla Neves
Gabriela;Queiroz;Gabriela Queiroz
Paula;Guimarães;Paula Guimarães
Eduardo;Saraiva;Eduardo Saraiva
Cristiano;Porto;Cristiano Porto
Osmar;Moreira;Osmar Moreira
João;Antunes;João Antunes
Rafael;Queiroz;Rafael Queiroz
Jorge;Medeiros;Jorge Medeiros
Cristiano;Seabra;Cristiano Seabra
Diego;Araújo;Diego Araújo
Elisângela;Valente;Elisângela Valente
Thiago;Rodrigues;Thiago Rodrigues
Ana;Bezerra;Ana Bezerra
Ana;Souza;Ana Souza
Débora;Rezende;Débora Rezende
Wallace;Macedo;Wallace Macedo
Débora;Peixoto;Débora Peixoto
Vanessa;Simões;Vanessa Simões
Teresa;Azevedo;Teresa Azevedo
Guilherme;Xavier;Guilherme Xavier
Patrícia;Moraes;Patrícia Moraes
Renato;Teles;Renato Teles
Luciano;Queiroz;Luciano Queiroz
Osmar;Pires;Osmar Pires
Talita;Quevedo;Talita Quevedo
Everton;Amorim;Everton Amorim
Sérgio;Nunes;Sérgio Nunes
Silvio;Santana;Silvio Santana
Juliana;Ribeiro;Juliana Ribeiro
André;Brito;André Brito
Regina;Braga;Regina Braga
Gustavo;Assis;Gustavo Assis
Jaqueline;Bezerra;Jaqueline Bezerra
Adriana;Santana;Adriana Santana
Davi;Brito;Davi Brito
Caio;Correia;Caio Correia
Maria;Santana;Maria Santana
Cláudia;Batista;Cláudia Batista
Isabela;Ferreira;Isabela Ferreira
Ana;Pereira;Ana Pereira
Pedro;Maia;Pedro Maia
Roberta;Serafim;Roberta Serafim
Rodrigo;Serafim;Rodrigo Serafim
Lucas;Damasceno;Lucas Damasceno
Juliana;Simões;Juliana Simões
Érica;Mendonça;Érica Mendonça
Ana;Saraiva;Ana Saraiva
Helena;Serafim;Helena Serafim
Simone;Campos;Simone Campos
Nilson;Braga;Nilson Braga
Paulo;Figueiredo;Paulo Figueiredo
Tatiane;Mendonça;Tatiane Mendonça
Mônica;Santana;Mônica Santana
Cristiane;Melo;Cristiane Melo
Nilson;Silva;Nilson Silva
Hugo;Sales;Hugo Sales
Juliana;Martins;Juliana Martins
Douglas;Barros;Douglas Barros
Mateus;Pires;Mateus Pires
Aline;Carvalho;Aline Carvalho
Juliana;Passos;Juliana Passos
Renata;Magalhães;Renata Magalhães
Cristiane;Maia;Cristiane Maia
Elisângela;Souza;Elisângela Souza
Davi;Seabra;Davi Seabra
José;Farias;José Farias
Natália;Rangel;Natália Rangel
Bruna;Vieira;Bruna Vieira
Renato;Souza;Renato Souza
Pedro;Ferreira;Pedro Ferreira
Alan;Azevedo;Alan Azevedo
Isabela;Macedo;Isabela Macedo
Aline;Martins;Aline Martins
Felipe;Medeiros;Felipe Medeiros
Thiago;Sales;Thiago Sales
Rodrigo;Souza;Rodrigo Souza
Renato;Queiroz;Renato Queiroz
Caio;Marinho;Caio Marinho
Alexandre;Pires;Alexandre Pires
Teresa;Simões;Teresa Simões
Jorge;Ferreira;Jorge Ferreira
Felipe;Rezende;Felipe Rezende
Regina;Araújo;Regina Araújo
Murilo;Leitão;Murilo Leitão
Larissa;Barros;Larissa Barros
Osmar;Siqueira;Osmar Siqueira
Bruna;Coelho;Bruna Coelho
Nilson;Antunes;Nilson Antunes
Bruno;Ferreira;Bruno Ferreira
Tatiane;Rocha;Tatiane Rocha
Jaqueline;Oliveira;Jaqueline Oliveira
Davi;Duarte;Davi Duarte
Silvio;Pinto;Silvio Pinto
Mateus;Pereira;Mateus Pereira
Carla;Benevides;Carla Benevides
Wallace;Moreira;Wallace Moreira
Rafaela;Quevedo;Rafaela Quevedo
Teresa;Macedo;Teresa Macedo
Osmar;Mesquita;Osmar Mesquita
Cláudia;Ribeiro;Cláudia Ribeiro
Fábio;Nunes;Fábio Nunes
Michele;Santos;Michele Santos
Mônica;Campos;Mônica Campos
Flávia;Correia;Flávia Correia
Paulo;Zago;Paulo Zago
Murilo;Coutinho;Murilo Coutinho
Vitor;Brito;Vitor Brito
Roberto;Castro;Roberto Castro
Cássio;Serafim;Cássio Serafim
Leonardo;Moreira;Leonardo Moreira
Osmar;Ribeiro;Osmar Ribeiro
Roberta;Bezerra;Roberta Bezerra
Roberto;Ferreira;Roberto Ferreira
Alan;Queiroz;Alan Queiroz
Rosa;Moreira;Rosa Moreira
Marcelo;Guimarães;Marcelo Guimarães
Cristiane;Damasceno;Cristiane Damasceno
Diego;Estrela;Diego Estrela
Gustavo;Brito;Gustavo Brito
Helena;Duarte;Helena Duarte
Mônica;Pedrosa;Mônica Pedrosa
Cristiane;Assis;Cristiane Assis
Paulo;Batista;Paulo Batista
Guilherme;Rezende;Guilherme Rezende
Osmar;Lima;Osmar Lima
Adriana;Monteiro;Adriana Monteiro
Cristiano;Rocha;Cristiano Rocha
Rosa;Ferreira;Rosa Ferreira
Maria;Bastos;Maria Bastos
Lucas;Gouveia;Lucas Gouveia
Guilherme;Dorneles;Guilherme Dorneles
Antônio;Siqueira;Antônio Siqueira
Joana;Antunes;Joana Antunes
Alan;Oliveira;Alan Oliveira
José;Martins;José Martins
Sérgio;Seabra;Sérgio Seabra
Márcia;Gouveia;Márcia Gouveia
Letícia;Macedo;Letícia Macedo
Flávia;Benevides;Flávia Benevides
João;Duarte;João Duarte
Alan;Correia;Alan Correia
Silvio;Vasconcelos;Silvio Vasconcelos
Paulo;Vieira;Paulo Vieira
Flávia;Siqueira;Flávia Siqueira
Thiago;Siqueira;Thiago Siqueira
Samuel;Viana;Samuel Viana
Rosa;Aragão;Rosa Aragão
Regina;Amorim;Regina Amorim
Samuel;Mesquita;Samuel Mesquita
André;Carvalho;André Carvalho
Juliana;Oliveira;Juliana Oliveira
Pedro;Passos;Pedro Passos
Érica;Monteiro;Érica Monteiro
Daniel;Torres;Daniel Torres
Cecília;Moreira;Cecília Moreira
Patrícia;Neves;Patrícia Neves
Vitor;Passos;Vitor Passos
Vanessa;Rezende;Vanessa Rezende
Tatiane;Ferreira;Tatiane Ferreira
Nilson;Duarte;Nilson Duarte
Thiago;Bezerra;Thiago Bezerra
Cristiano;Holanda;Cristiano Holanda
Talita;Gouveia;Talita Gouveia
Igor;Valente;Igor Valente
Larissa;Fonseca;Larissa Fonseca
Cláudia;Lima;Cláudia Lima
Gustavo;Souza;Gustavo Souza
Carla;Assis;Carla Assis
Maria;Monteiro;Maria Monteiro
Kelly;Lemos;Kelly Lemos
Luciano;Moreira;Luciano Moreira
Márcia;Rocha;Márcia Rocha
Lucas;Pires;Lucas Pires
João;Brito;João Brito
Adriana;Neves;Adriana Neves
Murilo;Barreto;Murilo Barreto
Mauro;Azevedo;Mauro Azevedo
Kelly;Castro;Kelly Castro
Letícia;Quevedo;Letícia Quevedo
Gabriela;Siqueira;Gabriela Siqueira
Everton;Aragão;Everton Aragão
João;Saraiva;João Saraiva
Larissa;Moura;Larissa Moura
Priscila;Maia;Priscila Maia
Guilherme;Mendonça;Guilherme Mendonça
Flávia;Gomes;Flávia Gomes
Carlos;Azevedo;Carlos Azevedo
Wagner;Pires;Wagner Pires
Patrícia;Vasconcelos;Patrícia Vasconcelos
Sérgio;Braga;Sérgio Braga
Carlos;Lima;Carlos Lima
Leonardo;Carvalho;Leonardo Carvalho
Renata;Campos;Renata Campos
Natália;Zago;Natália Zago
Davi;Barros;Davi Barros
Bianca;Dias;Bianca Dias
Rafael;Paiva;Rafael Paiva
Pedro;Lemos;Pedro Lemos
Sofia;Marinho;Sofia Marinho
Murilo;Ferreira;Murilo Ferreira
Bruna;Tavares;Bruna Tavares
Cássio;Rezende;Cássio Rezende
Cássio;Correia;Cássio Correia
Regina;Assis;Regina Assis
Talita;Santos;Talita Santos
Rafael;Fonseca;Rafael Fonseca
Ana;Viana;Ana Viana
Everton;Peixoto;Everton Peixoto
Marcelo;Rezende;Marcelo Rezende
Wallace;Duarte;Wallace Duarte
Daniela;Santos;Daniela Santos
José;Cardoso;José Cardoso
Roberta;Figueiredo;Roberta Figueiredo
Leonardo;Mascarenhas;Leonardo Mascarenhas
Nilson;Leitão;Nilson Leitão
Sônia;Marinho;Sônia Marinho
Isabela;Loureiro;Isabela Loureiro
Letícia;Teles;Letícia Teles
Fernanda;Alves;Fernanda Alves
Wagner;Martins;Wagner Martins
Bruna;Leitão;Bruna Leitão
Álvaro;Freitas;Álvaro Freitas
Thiago;Barros;Thiago Barros
Luciano;Passos;Luciano Passos
Larissa;Figueiredo;Larissa Figueiredo
Mauro;Loureiro;Mauro Loureiro
Thiago;Porto;Thiago Porto
Lucas;Moura;Lucas Moura
Diego;Maia;Diego Maia
André;Alves;André Alves
Hugo;Souza;Hugo Souza
Henrique;Torres;Henrique Torres
Samuel;Farias;Samuel Farias
Luciana;França;Luciana França
Pedro;Monteiro;Pedro Monteiro
Larissa;Correia;Larissa Correia
Camila;Melo;Camila Melo
Cristiano;Paiva;Cristiano Paiva
Cássio;Braga;Cássio Braga
Leonardo;Braga;Leonardo Braga
Guilherme;Damasceno;Guilherme Damasceno
Alexandre;Rocha;Alexandre Rocha
André;Bastos;André Bastos
Natália;Coelho;Natália Coelho
Everton;Batista;Everton Batista
Rafael;Figueiredo;Rafael Figueiredo
Renato;Lemos;Renato Lemos
Regina;Sales;Regina Sales
Kelly;Holanda;Kelly Holanda
Camila;Martins;Camila Martins
Rafael;Monteiro;Rafael Monteiro
Patrícia;Farias;Patrícia Farias
Jorge;Passos;Jorge Passos
Álvaro;Pereira;Álvaro Pereira
Eliane;Rezende;Eliane Rezende
Jaqueline;Neves;Jaqueline Neves
Kelly;Porto;Kelly Porto
Paula;Pereira;Paula Pereira
Cecília;Mascarenhas;Cecília Mascarenhas
Rosa;Coutinho;Rosa Coutinho
Mauro;Cunha;Mauro Cunha
Kelly;Oliveira;Kelly Oliveira
Everton;Pedrosa;Everton Pedrosa
Letícia;Moura;Letícia Moura
Vanessa;Brito;Vanessa Brito
Fábio;Cintra;Fábio Cintra
Álvaro;Bastos;Álvaro Bastos
João;Coelho;João Coelho
Wagner;Melo;Wagner Melo
Letícia;Correia;Letícia Correia
Fabiana;Passos;Fabiana Passos
Fernanda;Tavares;Fernanda Tavares
Cristiane;Peixoto;Cristiane Peixoto
Thiago;Seabra;Thiago Seabra
Teresa;Correia;Teresa Correia
Paula;Moura;Paula Moura
Jaqueline;Ribeiro;Jaqueline Ribeiro
Álvaro;Cunha;Álvaro Cunha
Álvaro;Costa;Álvaro Costa
Cecília;Rangel;Cecília Rangel
Aline;Freitas;Aline Freitas
Silvio;Simões;Silvio Simões
Mateus;Quevedo;Mateus Quevedo
Maria;Damasceno;Maria Damasceno
Camila;Dorneles;Camila Dorneles
Paulo;Carvalho;Paulo Carvalho
Thiago;Brito;Thiago Brito
Wagner;Marinho;Wagner Marinho
Guilherme;Saraiva;Guilherme Saraiva
Renata;Rangel;Renata Rangel
Daniela;Barreto;Daniela Barreto
Everton;Magalhães;Everton Magalhães
José;França;José França
Cláudia;Sales;Cláudia Sales
Cristiane;Silva;Cristiane Silva
Leonardo;Bezerra;Leonardo Bezerra
Regina;Passos;Regina Passos
Bruna;Estrela;Bruna Estrela
Hugo;Amorim;Hugo Amorim
Débora;Batista;Débora Batista
João;Zago;João Zago
Vanessa;Araújo;Vanessa Araújo
Sofia;Cunha;Sofia Cunha
Guilherme;Nunes;Guilherme Nunes
Leonardo;Teles;Leonardo Teles
Gustavo;Pinto;Gustavo Pinto
Daniel;Campos;Daniel Campos
Pedro;Cunha;Pedro Cunha
Eduardo;Fonseca;Eduardo Fonseca
Daniela;Simões;Daniela Simões
Caio;Pereira;Caio Pereira
Talita;Amorim;Talita Amorim
Hugo;Oliveira;Hugo Oliveira
Cecília;Zago;Cecília Zago
Talita;Moreira;Talita Moreira
Cecília;França;Cecília França
Isabela;Moreira;Isabela Moreira
Osmar;Quevedo;Osmar Quevedo
Nelson;Viana;Nelson Viana
Flávia;Xavier;Flávia Xavier
Silvio;Rodrigues;Silvio Rodrigues
Sérgio;Passos;Sérgio Passos
Jorge;Viana;Jorge Viana
Mateus;Correia;Mateus Correia
Carla;Cunha;Carla Cunha
Sônia;Saraiva;Sônia Saraiva
Michele;Quevedo;Michele Quevedo
Mauro;Cintra;Mauro Cintra
José;Araújo;José Araújo
Larissa;Pedrosa;Larissa Pedrosa
Kelly;Aragão;Kelly Aragão
Camila;Benevides;Camila Benevides
Bianca;Mesquita;Bianca Mesquita
Ana;Serafim;Ana Serafim
Rafael;Coelho;Rafael Coelho
Diego;Dias;Diego Dias
Cláudia;Pereira;Cláudia Pereira
Osmar;Sampaio;Osmar Sampaio
Érica;Martins;Érica Martins
Álvaro;Batista;Álvaro Batista
Cristiane;Estrela;Cristiane Estrela
Wallace;Sales;Wallace Sales
Alan;Rodrigues;Alan Rodrigues
Thiago;Viana;Thiago Viana
Fernanda;Brito;Fernanda Brito
Vitor;Teixeira;Vitor Teixeira
André;Araújo;André Araújo
Sérgio;Bastos;Sérgio Bastos
Kelly;Leitão;Kelly Leitão
Vanessa;Xavier;Vanessa Xavier
Carla;Seabra;Carla Seabra
Wallace;Prado;Wallace Prado
Vinícius;Araújo;Vinícius Araújo
Sérgio;Marinho;Sérgio Marinho
Pedro;Dorneles;Pedro Dorneles
Ana;Maia;Ana Maia
Pedro;Serafim;Pedro Serafim
Wagner;Magalhães;Wagner Magalhães
Rafael;Barros;Rafael Barros
Lucas;Loureiro;Lucas Loureiro
Regina;Cunha;Regina Cunha
Simone;Coelho;Simone Coelho
Márcia;Batista;Márcia Batista
Antônio;Vieira;Antônio Vieira
Luciana;Rezende;Luciana Rezende
Flávia;Seabra;Flávia Seabra
Joana;Torres;Joana Torres
Aline;Fonseca;Aline Fonseca
Henrique;Mascarenhas;Henrique Mascarenhas
Gustavo;Cunha;Gustavo Cunha
Everton;Viana;Everton Viana
Bruno;Leitão;Bruno Leitão
Mauro;Melo;Mauro Melo
Camila;Araújo;Camila Araújo
Alan;Serafim;Alan Serafim
Daniel;Mesquita;Daniel Mesquita
Rosa;Estrela;Rosa Estrela
Renata;Peixoto;Renata Peixoto
Silvio;Lemos;Silvio Lemos
Alexandre;Mendonça;Alexandre Mendonça
Paulo;Rocha;Paulo Rocha
Gustavo;Antunes;Gustavo Antunes
Cláudia;Guimarães;Cláudia Guimarães
Vinícius;Farias;Vinícius Farias
Bruna;Aragão;Bruna Aragão
Érica;Saraiva;Érica Saraiva
Alexandre;Zago;Alexandre Zago
Luciana;Mendonça;Luciana Mendonça
Sônia;Ribeiro;Sônia Ribeiro
Felipe;Braga;Felipe Braga
Camila;Vasconcelos;Camila Vasconcelos
Paulo;Cunha;Paulo Cunha
Alan;Damasceno;Alan Damasceno
Flávia;Rocha;Flávia Rocha
Gustavo;Quevedo;Gustavo Quevedo
Renata;Vasconcelos;Renata Vasconcelos
Leonardo;Xavier;Leonardo Xavier
Rafaela;Castro;Rafaela Castro
Gabriela;Barros;Gabriela Barros
André;Seabra;André Seabra
Wagner;Campos;Wagner Campos
Helena;Pedrosa;Helena Pedrosa
Bianca;Rodrigues;Bianca Rodrigues
Fernanda;Melo;Fernanda Melo
Gabriel;Silva;Gabriel Silva
Kelly;Valente;Kelly Valente
Samuel;Ribeiro;Samuel Ribeiro
Juliana;Alves;Juliana Alves
Luciano;Antunes;Luciano Antunes
Érica;Melo;Érica Melo
Vinícius;Moura;Vinícius Moura
Felipe;Torres;Felipe Torres
Talita;Paiva;Talita Paiva
Cecília;Sales;Cecília Sales
Paula;Ribeiro;Paula Ribeiro
Rafaela;Gomes;Rafaela Gomes
Carlos;Figueiredo;Carlos Figueiredo
Camila;Assis;Camila Assis
Talita;Simões;Talita Simões
Renata;Cunha;Renata Cunha
Ana;Valente;Ana Valente
Flávia;Quevedo;Flávia Quevedo
Wagner;Holanda;Wagner Holanda
Pedro;Vieira;Pedro Vieira
Douglas;Melo;Douglas Melo
Regina;Barreto;Regina Barreto
Sônia;França;Sônia França
Cássio;Pinto;Cássio Pinto
Mauro;Rezende;Mauro Rezende
Cláudia;Martins;Cláudia Martins
Cássio;Duarte;Cássio Duarte
Aline;Sampaio;Aline Sampaio
Kelly;Moura;Kelly Moura
Mariana;Estrela;Mariana Estrela
André;Amorim;André Amorim
Eliane;Vieira;Eliane Vieira
Teresa;Duarte;Teresa Duarte
Sérgio;Batista;Sérgio Batista
Osmar;Farias;Osmar Farias
Vitor;Holanda;Vitor Holanda
André;Correia;André Correia
Renata;Assis;Renata Assis
Douglas;Siqueira;Douglas Siqueira
Jaqueline;Saraiva;Jaqueline Saraiva
Wagner;Antunes;Wagner Antunes
Isabela;Tavares;Isabela Tavares
Mariana;Rezende;Mariana Rezende
Rodrigo;Ferreira;Rodrigo Ferreira
Flávia;Mesquita;Flávia Mesquita
Teresa;Alves;Teresa Alves
Flávia;Mascarenhas;Flávia Mascarenhas
Luciana;Duarte;Luciana Duarte
Mateus;Siqueira;Mateus Siqueira
Silvio;Dias;Silvio Dias
Michele;Sampaio;Michele Sampaio
Carlos;Rezende;Carlos Rezende
Vinícius;Vieira;Vinícius Vieira
Roberto;Alves;Roberto Alves
Davi;Mendonça;Davi Mendonça
Simone;Paiva;Simone Paiva
Jorge;Serafim;Jorge Serafim
Helena;Oliveira;Helena Oliveira
Débora;Fonseca;Débora Fonseca
Carlos;Martins;Carlos Martins
Priscila;Araújo;Priscila Araújo
Cássio;Vasconcelos;Cássio Vasconcelos
Thiago;Cintra;Thiago Cintra
Michele;Medeiros;Michele Medeiros
Carlos;Coutinho;Carlos Coutinho
Letícia;Silva;Letícia Silva
Bianca;Duarte;Bianca Duarte
Cecília;Araújo;Cecília Araújo
Cristiane;Santos;Cristiane Santos
Diego;Macedo;Diego Macedo
Murilo;Mascarenhas;Murilo Mascarenhas
Roberta;Braga;Roberta Braga
Murilo;Peixoto;Murilo Peixoto
Marcelo;Seabra;Marcelo Seabra
Rodrigo;Gouveia;Rodrigo Gouveia
Natália;Freitas;Natália Freitas
Fernanda;Mesquita;Fernanda Mesquita
Isabela;Paiva;Isabela Paiva
Regina;Pires;Regina Pires
Cristiane;Mascarenhas;Cristiane Mascarenhas
Luciana;Aragão;Luciana Aragão
Bruno;Oliveira;Bruno Oliveira
Davi;Nunes;Davi Nunes
João;Vieira;João Vieira
Adriana;Farias;Adriana Farias
Isabela;Cardoso;Isabela Cardoso
Tatiane;Pedrosa;Tatiane Pedrosa
Davi;Figueiredo;Davi Figueiredo
Teresa;Ferreira;Teresa Ferreira
Fábio;Gomes;Fábio Gomes
Michele;Gomes;Michele Gomes
Cecília;Magalhães;Cecília Magalhães
Mariana;Duarte;Mariana Duarte
Maria;Pinto;Maria Pinto
Cássio;Souza;Cássio Souza
Ana;Nunes;Ana Nunes
Adriana;Valente;Adriana Valente
Antônio;Coutinho;Antônio Coutinho
Carlos;Rodrigues;Carlos Rodrigues
Michele;Coelho;Michele Coelho
Bianca;Macedo;Bianca Macedo
Luciana;Araújo;Luciana Araújo
Patrícia;Ferreira;Patrícia Ferreira
Murilo;Sales;Murilo Sales
André;Moreira;André Moreira
Murilo;Sampaio;Murilo Sampaio
Fernanda;Cunha;Fernanda Cunha
Hugo;Coelho;Hugo Coelho
Vanessa;Dorneles;Vanessa Dorneles
Adriana;Loureiro;Adriana Loureiro
Aline;Bastos;Aline Bastos
Gabriel;Monteiro;Gabriel Monteiro
Rodrigo;Mascarenhas;Rodrigo Mascarenhas
Érica;Ferreira;Érica Ferreira
Bianca;Sampaio;Bianca Sampaio
Larissa;Bezerra;Larissa Bezerra
Cássio;Mascarenhas;Cássio Mascarenhas
Jorge;Mascarenhas;Jorge Mascarenhas
Paula;Bastos;Paula Bastos
Natália;Gomes;Natália Gomes
Álvaro;Holanda;Álvaro Holanda
Helena;Torres;Helena Torres
Nelson;Pinto;Nelson Pinto
Vanessa;Rangel;Vanessa Rangel
Carlos;Estrela;Carlos Estrela
Eliane;Duarte;Eliane Duarte
Gustavo;Braga;Gustavo Braga
Juliana;Correia;Juliana Correia
Osmar;Moura;Osmar Moura
Mônica;Teles;Mônica Teles
Teresa;Fonseca;Teresa Fonseca
Natália;Queiroz;Natália Queiroz
Jaqueline;Braga;Jaqueline Braga
Sônia;Seabra;Sônia Seabra
Rafaela;Coelho;Rafaela Coelho
Luciana;Antunes;Luciana Antunes
Débora;Correia;Débora Correia
Tatiane;Sampaio;Tatiane Sampaio
Paulo;Santana;Paulo Santana
Cristiane;Aragão;Cristiane Aragão
Sérgio;Viana;Sérgio Viana
Adriana;Aragão;Adriana Aragão
Guilherme;Duarte;Guilherme Duarte
Davi;Ferreira;Davi Ferreira
Elisângela;Figueiredo;Elisângela Figueiredo
Luciano;Ribeiro;Luciano Ribeiro
Nelson;Barros;Nelson Barros
Simone;Castro;Simone Castro
Natália;Ribeiro;Natália Ribeiro
Hugo;Serafim;Hugo Serafim
Vitor;Araújo;Vitor Araújo
Mônica;Antunes;Mônica Antunes
Ana;Assis;Ana Assis
Jorge;Moraes;Jorge Moraes
Alexandre;Lima;Alexandre Lima
Guilherme;Moreira;Guilherme Moreira
Nelson;Siqueira;Nelson Siqueira
Larissa;Pereira;Larissa Pereira
Renato;Batista;Renato Batista
Regina;Figueiredo;Regina Figueiredo
Natália;Rezende;Natália Rezende
Mateus;Ribeiro;Mateus Ribeiro
Roberto;Cunha;Roberto Cunha
Renato;Benevides;Renato Benevides
Cristiano;Fonseca;Cristiano Fonseca
Bruno;Damasceno;Bruno Damasceno
Elisângela;Barreto;Elisângela Barreto
Aline;Santana;Aline Santana
Mônica;Lemos;Mônica Lemos
Eduardo;Castro;Eduardo Castro
Bruna;Amorim;Bruna Amorim
Gustavo;Holanda;Gustavo Holanda
Teresa;Freitas;Teresa Freitas
Cássio;Torres;Cássio Torres
Márcia;Moreira;Márcia Moreira
Cecília;Passos;Cecília Passos
Alan;Bastos;Alan Bastos
Silvio;Holanda;Silvio Holanda
Everton;Cintra;Everton Cintra
Rodrigo;Estrela;Rodrigo Estrela
Teresa;Sales;Teresa Sales
João;Torres;João Torres
Priscila;Leitão;Priscila Leitão
Cristiane;Sampaio;Cristiane Sampaio
Cássio;Pereira;Cássio Pereira
Cristiane;Farias;Cristiane Farias
Talita;Porto;Talita Porto
Elisângela;Azevedo;Elisângela Azevedo
Roberta;Silva;Roberta Silva
Natália;Cardoso;Natália Cardoso
Aline;Santos;Aline Santos
João;Cintra;João Cintra
Talita;Fonseca;Talita Fonseca
Eliane;Coelho;Eliane Coelho
Fabiana;Marinho;Fabiana Marinho
Samuel;Cunha;Samuel Cunha
Fábio;Siqueira;Fábio Siqueira
Michele;Passos;Michele Passos
Nilson;Rocha;Nilson Rocha
Daniel;Teixeira;Daniel Teixeira
Carla;Bezerra;Carla Bezerra
Felipe;Vieira;Felipe Vieira
Kelly;Vasconcelos;Kelly Vasconcelos
Flávia;Pereira;Flávia Pereira
Carla;Barros;Carla Barros
Lucas;Freitas;Lucas Freitas
Renata;Guimarães;Renata Guimarães
Fernanda;Barreto;Fernanda Barreto
Roberto;Prado;Roberto Prado
Nelson;Valente;Nelson Valente
Eduardo;Assis;Eduardo Assis
Antônio;Braga;Antônio Braga
Guilherme;Brito;Guilherme Brito
Patrícia;Coelho;Patrícia Coelho
Camila;Neves;Camila Neves
Bianca;Teixeira;Bianca Teixeira
Alan;Marinho;Alan Marinho
Renata;Santos;Renata Santos
Caio;Souza;Caio Souza
Vinícius;Brito;Vinícius Brito
Fábio;Dias;Fábio Dias
Roberta;Mendonça;Roberta Mendonça
Jaqueline;Amorim;Jaqueline Amorim
Débora;Gomes;Débora Gomes
André;Paiva;André Paiva
Hugo;Monteiro;Hugo Monteiro
Osmar;Passos;Osmar Passos
Luciana;Dorneles;Luciana Dorneles
Caio;Assis;Caio Assis
Pedro;Queiroz;Pedro Queiroz
Rafaela;Vasconcelos;Rafaela Vasconcelos
Isabela;Sales;Isabela Sales
Antônio;Teixeira;Antônio Teixeira
Caio;Porto;Caio Porto
Hugo;Moura;Hugo Moura
Pedro;Melo;Pedro Melo
Vinícius;Simões;Vinícius Simões
Natália;Dorneles;Natália Dorneles
Rodrigo;Barreto;Rodrigo Barreto
Roberta;Souza;Roberta Souza
Roberto;Coelho;Roberto Coelho
Michele;Vieira;Michele Vieira
Davi;Leitão;Davi Leitão
Ana;Dorneles;Ana Dorneles
Luciano;Quevedo;Luciano Quevedo
Vitor;Moreira;Vitor Moreira
Douglas;Lima;Douglas Lima
Pedro;Mascarenhas;Pedro Mascarenhas
Fabiana;Coutinho;Fabiana Coutinho
Silvio;Maia;Silvio Maia
Bruna;Barros;Bruna Barros
Marcelo;Pereira;Marcelo Pereira
Patrícia;Loureiro;Patrícia Loureiro
Wagner;Barros;Wagner Barros
Maria;Teles;Maria Teles
Sérgio;Correia;Sérgio Correia
Kelly;Barreto;Kelly Barreto
Érica;Santana;Érica Santana
Daniela;Vasconcelos;Daniela Vasconcelos
Teresa;Estrela;Teresa Estrela
Mauro;Souza;Mauro Souza
Mariana;Alves;Mariana Alves
Sofia;Pinto;Sofia Pinto
Gabriel;Zago;Gabriel Zago
Fábio;Neves;Fábio Neves
Cristiano;Sampaio;Cristiano Sampaio
Luciano;Vieira;Luciano Vieira
Maria;Barreto;Maria Barreto
Michele;Fonseca;Michele Fonseca
Bianca;Aragão;Bianca Aragão
Igor;Araújo;Igor Araújo
Eliane;Araújo;Eliane Araújo
Murilo;Moura;Murilo Moura
Everton;Siqueira;Everton Siqueira
Antônio;Dorneles;Antônio Dorneles
Natália;Macedo;Natália Macedo
Thiago;Pedrosa;Thiago Pedrosa
Jaqueline;Sales;Jaqueline Sales
Vanessa;Porto;Vanessa Porto
Guilherme;Passos;Guilherme Passos
Cássio;Bastos;Cássio Bastos
Everton;Moura;Everton Moura
Roberto;Lima;Roberto Lima
Simone;Martins;Simone Martins
Paula;Porto;Paula Porto
Natália;Monteiro;Natália Monteiro
Carla;Duarte;Carla Duarte
João;Alves;João Alves
Fabiana;Teles;Fabiana Teles
Álvaro;Antunes;Álvaro Antunes
Sérgio;Sampaio;Sérgio Sampaio
Daniela;Castro;Daniela Castro
Nelson;Moura;Nelson Moura
Larissa;Cintra;Larissa Cintra
Cristiane;Duarte;Cristiane Duarte
Henrique;Valente;Henrique Valente
Antônio;Sampaio;Antônio Sampaio
Fabiana;Cunha;Fabiana Cunha
João;Mendonça;João Mendonça
Murilo;Queiroz;Murilo Queiroz
Nelson;Marinho;Nelson Marinho
Gabriel;Souza;Gabriel Souza
Mariana;Xavier;Mariana Xavier
Regina;Batista;Regina Batista
João;Ferreira;João Ferreira
Thiago;Duarte;Thiago Duarte
Rafaela;Porto;Rafaela Porto
Tatiane;Brito;Tatiane Brito
André;Tavares;André Tavares
Aline;Moura;Aline Moura
Hugo;Correia;Hugo Correia
Wagner;Siqueira;Wagner Siqueira
Gabriel;Santos;Gabriel Santos
Roberta;Passos;Roberta Passos
Antônio;Cunha;Antônio Cunha
Carlos;Bezerra;Carlos Bezerra
Sônia;Araújo;Sônia Araújo
Sofia;Serafim;Sofia Serafim
Simone;Bastos;Simone Bastos
Fernanda;Maia;Fernanda Maia
Cássio;Prado;Cássio Prado
Teresa;Sampaio;Teresa Sampaio
Fábio;Medeiros;Fábio Medeiros
Mauro;Prado;Mauro Prado
Mateus;Alves;Mateus Alves
Priscila;Bastos;Priscila Bastos
Osmar;Pinto;Osmar Pinto
Aline;Vasconcelos;Aline Vasconcelos
José;Moraes;José Moraes
Bruno;Costa;Bruno Costa
Mateus;Lemos;Mateus Lemos
Samuel;Gouveia;Samuel Gouveia
Érica;Valente;Érica Valente
Cristiane;Araújo;Cristiane Araújo
Marcelo;Gouveia;Marcelo Gouveia
Flávia;Antunes;Flávia Antunes
Elisângela;Moraes;Elisângela Moraes
Diego;Barros;Diego Barros
Luciano;Castro;Luciano Castro
Fernanda;Damasceno;Fernanda Damasceno
Camila;Leitão;Camila Leitão
Osmar;Araújo;Osmar Araújo
Camila;Lima;Camila Lima
Nelson;Coelho;Nelson Coelho
Caio;Sampaio;Caio Sampaio
Fábio;Sales;Fábio Sales
Alexandre;Passos;Alexandre Passos
Bianca;Cardoso;Bianca Cardoso
Davi;Fonseca;Davi Fonseca
Murilo;Antunes;Murilo Antunes
Carla;Castro;Carla Castro
Cristiano;Quevedo;Cristiano Quevedo
Camila;Peixoto;Camila Peixoto
Letícia;Aragão;Letícia Aragão
Antônio;Seabra;Antônio Seabra
Kelly;Rezende;Kelly Rezende
Vitor;Gouveia;Vitor Gouveia
Natália;Porto;Natália Porto
Elisângela;Oliveira;Elisângela Oliveira
Sérgio;Dorneles;Sérgio Dorneles
Wallace;Rocha;Wallace Rocha
Luciana;Oliveira;Luciana Oliveira
Wagner;Rodrigues;Wagner Rodrigues
Cristiane;Xavier;Cristiane Xavier
Daniela;Azevedo;Daniela Azevedo
Adriana;Duarte;Adriana Duarte
Nelson;Serafim;Nelson Serafim
Isabela;Braga;Isabela Braga
José;Tavares;José Tavares
Sofia;Coelho;Sofia Coelho
Fábio;França;Fábio França
Pedro;Vasconcelos;Pedro Vasconcelos
Fabiana;Leitão;Fabiana Leitão
Marcelo;Araújo;Marcelo Araújo
Roberta;Gouveia;Roberta Gouveia
Douglas;Moreira;Douglas Moreira
Thiago;Rezende;Thiago Rezende
Alan;Duarte;Alan Duarte
Renata;Teles;Renata Teles
Maria;Rodrigues;Maria Rodrigues
Sofia;Rocha;Sofia Rocha
João;Cunha;João Cunha
Teresa;Nunes;Teresa Nunes
Kelly;Assis;Kelly Assis
Joana;Brito;Joana Brito
Marcelo;Paiva;Marcelo Paiva
Aline;Prado;Aline Prado
Vinícius;Sampaio;Vinícius Sampaio
Silvio;Rezende;Silvio Rezende
Gabriela;Barreto;Gabriela Barreto
Thiago;Lima;Thiago Lima
Isabela;Leitão;Isabela Leitão
Rosa;Dorneles;Rosa Dorneles
Bruna;Quevedo;Bruna Quevedo
Elisângela;Vieira;Elisângela Vieira
Sérgio;Costa;Sérgio Costa
Kelly;Serafim;Kelly Serafim
Débora;Macedo;Débora Macedo
Joana;Barros;Joana Barros
Osmar;Magalhães;Osmar Magalhães
Kelly;Vieira;Kelly Vieira
Patrícia;Costa;Patrícia Costa
Bianca;Moura;Bianca Moura
Renato;Seabra;Renato Seabra
Sérgio;Simões;Sérgio Simões
Débora;Moraes;Débora Moraes
André;Braga;André Braga
Cláudia;Costa;Cláudia Costa
Daniel;Moreira;Daniel Moreira
Cláudia;Teles;Cláudia Teles
Rafaela;Prado;Rafaela Prado
Tatiane;Pires;Tatiane Pires
Bianca;Serafim;Bianca Serafim
Simone;Mascarenhas;Simone Mascarenhas
Márcia;Mesquita;Márcia Mesquita
Vanessa;Barros;Vanessa Barros
Carla;Saraiva;Carla Saraiva
Davi;Pedrosa;Davi Pedrosa
Márcia;Pinto;Márcia Pinto
Joana;Figueiredo;Joana Figueiredo
Fabiana;Valente;Fabiana Valente
Pedro;Mesquita;Pedro Mesquita
Mauro;Monteiro;Mauro Monteiro
Sofia;Santana;Sofia Santana
Tatiane;Pinto;Tatiane Pinto
Elisângela;Cardoso;Elisângela Cardoso
Paula;Nunes;Paula Nunes
Igor;Magalhães;Igor Magalhães
Eliane;Rezende;Eliane Rezende
Helena;Silva;Helena Silva
Talita;Vasconcelos;Talita Vasconcelos
Eliane;Pereira;Eliane Pereira
Isabela;Figueiredo;Isabela Figueiredo
Rafael;Sampaio;Rafael Sampaio
Juliana;Lima;Juliana Lima
Renato;Neves;Renato Neves
Felipe;Bezerra;Felipe Bezerra
José;Barros;José Barros
Bianca;Cintra;Bianca Cintra
Kelly;Guimarães;Kelly Guimarães
Gabriel;Magalhães;Gabriel Magalhães
Gabriel;Ribeiro;Gabriel Ribeiro
Roberta;Azevedo;Roberta Azevedo
Cláudia;Teixeira;Cláudia Teixeira
Adriana;Rezende;Adriana Rezende
Nelson;Leitão;Nelson Leitão
Fabiana;Loureiro;Fabiana Loureiro
Helena;Guimarães;Helena Guimarães
Mônica;Macedo;Mônica Macedo
Álvaro;Souza;Álvaro Souza
Vinícius;Castro;Vinícius Castro
Douglas;Bastos;Douglas Bastos
Guilherme;Correia;Guilherme Correia
Wallace;Marinho;Wallace Marinho
Joana;Damasceno;Joana Damasceno
Joana;Martins;Joana Martins
Cristiano;Lemos;Cristiano Lemos
Adriana;Brito;Adriana Brito
Márcia;Zago;Márcia Zago
Murilo;Gomes;Murilo Gomes
Murilo;Brito;Murilo Brito
Patrícia;Torres;Patrícia Torres
Fabiana;Damasceno;Fabiana Damasceno
Antônio;Magalhães;Antônio Magalhães
Gabriel;Cunha;Gabriel Cunha
Henrique;Barreto;Henrique Barreto
Vitor;Seabra;Vitor Seabra
Luciana;Moreira;Luciana Moreira
Teresa;Pinto;Teresa Pinto
Jorge;Castro;Jorge Castro
Rosa;Rangel;Rosa Rangel
Mariana;Rodrigues;Mariana Rodrigues
Gabriela;Souza;Gabriela Souza
Álvaro;Fonseca;Álvaro Fonseca
Wallace;Mascarenhas;Wallace Mascarenhas
Wallace;Santana;Wallace Santana
Fábio;Rezende;Fábio Rezende
Renata;Bezerra;Renata Bezerra
Nilson;Magalhães;Nilson Magalhães
Renato;Pereira;Renato Pereira
Wallace;Sampaio;Wallace Sampaio
Felipe;Souza;Felipe Souza
Igor;Aragão;Igor Aragão
Murilo;Braga;Murilo Braga
Kelly;França;Kelly França
Pedro;Benevides;Pedro Benevides
Priscila;Cunha;Priscila Cunha
Bruna;Serafim;Bruna Serafim
Gabriela;Mascarenhas;Gabriela Mascarenhas
Renata;Mendonça;Renata Mendonça
Luciana;Freitas;Luciana Freitas
Érica;Oliveira;Érica Oliveira
Cássio;Guimarães;Cássio Guimarães
Roberta;Moraes;Roberta Moraes
Rosa;Moura;Rosa Moura
Luciano;Correia;Luciano Correia
Regina;Oliveira;Regina Oliveira
Antônio;Castro;Antônio Castro
Leonardo;Aragão;Leonardo Aragão
Rodrigo;Benevides;Rodrigo Benevides
Maria;Alves;Maria Alves
Osmar;Antunes;Osmar Antunes
Adriana;Rangel;Adriana Rangel
Tatiane;Passos;Tatiane Passos
Michele;Guimarães;Michele Guimarães
Alexandre;Valente;Alexandre Valente
Kelly;Araújo;Kelly Araújo
Caio;Moreira;Caio Moreira
Joana;Serafim;Joana Serafim
Vanessa;Vasconcelos;Vanessa Vasconcelos
Simone;Guimarães;Simone Guimarães
Cristiane;Freitas;Cristiane Freitas
Michele;Barreto;Michele Barreto
Érica;Castro;Érica Castro
Antônio;Benevides;Antônio Benevides
Henrique;Braga;Henrique Braga
Fábio;Prado;Fábio Prado
Mariana;Souza;Mariana Souza
Nelson;França;Nelson França
Guilherme;Melo;Guilherme Melo
Samuel;Figueiredo;Samuel Figueiredo
Tatiane;Nunes;Tatiane Nunes
Roberta;Gomes;Roberta Gomes
Hugo;Magalhães;Hugo Magalhães
Luciano;Serafim;Luciano Serafim
André;Pires;André Pires
João;Neves;João Neves
Antônio;Simões;Antônio Simões
Regina;Silva;Regina Silva
Jorge;Valente;Jorge Valente
Paulo;Passos;Paulo Passos
Cecília;Silva;Cecília Silva
Álvaro;Mesquita;Álvaro Mesquita
Mariana;Vieira;Mariana Vieira
Regina;Estrela;Regina Estrela
Aline;Brito;Aline Brito
Aline;Damasceno;Aline Damasceno
Ana;Seabra;Ana Seabra
Letícia;Freitas;Letícia Freitas
Sofia;Damasceno;Sofia Damasceno
Hugo;Pedrosa;Hugo Pedrosa
João;Oliveira;João Oliveira
Carla;Teixeira;Carla Teixeira
Larissa;Valente;Larissa Valente
Davi;Damasceno;Davi Damasceno
Gustavo;Medeiros;Gustavo Medeiros
Silvio;Lima;Silvio Lima
Fábio;Zago;Fábio Zago
Rafaela;Santos;Rafaela Santos
Lucas;Teles;Lucas Teles
Jaqueline;Coelho;Jaqueline Coelho
Daniel;Nunes;Daniel Nunes
Cássio;Macedo;Cássio Macedo
Bruna;Damasceno;Bruna Damasceno
Luciano;Bezerra;Luciano Bezerra
Helena;Ferreira;Helena Ferreira
Eliane;Maia;Eliane Maia
Juliana;Neves;Juliana Neves
Natália;Tavares;Natália Tavares
Rosa;Maia;Rosa Maia
Eduardo;Freitas;Eduardo Freitas
Érica;Serafim;Érica Serafim
Kelly;Loureiro;Kelly Loureiro
Elisângela;Ribeiro;Elisângela Ribeiro
Larissa;Pires;Larissa Pires
Márcia;Teixeira;Márcia Teixeira
Diego;Mesquita;Diego Mesquita
Vinícius;Paiva;Vinícius Paiva
Gustavo;Lima;Gustavo Lima
Pedro;Carvalho;Pedro Carvalho
Helena;Sampaio;Helena Sampaio
Isabela;Gouveia;Isabela Gouveia
Rodrigo;Freitas;Rodrigo Freitas
Alexandre;Gomes;Alexandre Gomes
Vinícius;Rezende;Vinícius Rezende
Guilherme;Barreto;Guilherme Barreto
Paula;Souza;Paula Souza
Bianca;Mascarenhas;Bianca Mascarenhas
Álvaro;Vasconcelos;Álvaro Vasconcelos
João;Souza;João Souza
Eduardo;Coutinho;Eduardo Coutinho
Luciana;Bezerra;Luciana Bezerra
Caio;Monteiro;Caio Monteiro
Igor;Ferreira;Igor Ferreira
Wallace;Carvalho;Wallace Carvalho
Davi;Xavier;Davi Xavier
Sérgio;Medeiros;Sérgio Medeiros
Juliana;Torres;Juliana Torres
Natália;Xavier;Natália Xavier
Simone;Simões;Simone Simões
Renata;Figueiredo;Renata Figueiredo
Regina;Gouveia;Regina Gouveia
Márcia;Maia;Márcia Maia
Luciana;Vieira;Luciana Vieira
Douglas;Quevedo;Douglas Quevedo
Douglas;Paiva;Douglas Paiva
Thiago;Ferreira;Thiago Ferreira
Vinícius;Rezende;Vinícius Rezende
Bruna;Cintra;Bruna Cintra
José;Seabra;José Seabra
Alexandre;Aragão;Alexandre Aragão
Kelly;Brito;Kelly Brito
Bianca;Barros;Bianca Barros
Luciano;Damasceno;Luciano Damasceno
Douglas;Araújo;Douglas Araújo
Luciana;Batista;Luciana Batista
Letícia;França;Letícia França
Murilo;Moraes;Murilo Moraes
Douglas;Lemos;Douglas Lemos
Murilo;Lima;Murilo Lima
Hugo;Araújo;Hugo Araújo
Gabriel;Torres;Gabriel Torres
Guilherme;Barros;Guilherme Barros
Douglas;Aragão;Douglas Aragão
Silvio;Moraes;Silvio Moraes
Vitor;Guimarães;Vitor Guimarães
Fabiana;Campos;Fabiana Campos
Rosa;Freitas;Rosa Freitas
Eduardo;Mendonça;Eduardo Mendonça
Eduardo;Moraes;Eduardo Moraes
Mariana;Oliveira;Mariana Oliveira
Flávia;Moraes;Flávia Moraes
Teresa;Oliveira;Teresa Oliveira
Sônia;Estrela;Sônia Estrela
André;Cintra;André Cintra
Luciano;Dias;Luciano Dias
Daniela;Cintra;Daniela Cintra
Fernanda;Torres;Fernanda Torres
Cláudia;Rangel;Cláudia Rangel
Roberto;Santos;Roberto Santos
Rafael;Bastos;Rafael Bastos
Paula;Santana;Paula Santana
Murilo;Teixeira;Murilo Teixeira
Wallace;Santos;Wallace Santos
Vinícius;Dias;Vinícius Dias
Thiago;Valente;Thiago Valente
Lucas;Carvalho;Lucas Carvalho
Mônica;Nunes;Mônica Nunes
Cristiano;Loureiro;Cristiano Loureiro
Silvio;Alves;Silvio Alves
Daniela;Coelho;Daniela Coelho
Luciano;Teles;Luciano Teles
Mateus;Damasceno;Mateus Damasceno
Rafaela;Dias;Rafaela Dias
Cláudia;Brito;Cláudia Brito
Letícia;Gomes;Letícia Gomes
Daniela;Paiva;Daniela Paiva
Natália;Figueiredo;Natália Figueiredo
Henrique;Barros;Henrique Barros
Pedro;Rezende;Pedro Rezende
Jaqueline;França;Jaqueline França
Gabriela;Correia;Gabriela Correia
Camila;Paiva;Camila Paiva
Gustavo;Carvalho;Gustavo Carvalho
Cristiane;Nunes;Cristiane Nunes
Renato;Araújo;Renato Araújo
Jaqueline;Santos;Jaqueline Santos
Guilherme;Zago;Guilherme Zago
Tatiane;Rezende;Tatiane Rezende
Nilson;Mascarenhas;Nilson Mascarenhas
Nelson;Moreira;Nelson Moreira
Carla;Simões;Carla Simões
Ana;Coelho;Ana Coelho
Fábio;Castro;Fábio Castro
Marcelo;Teles;Marcelo Teles
Juliana;Barreto;Juliana Barreto
Jorge;Ribeiro;Jorge Ribeiro
Caio;Rezende;Caio Rezende
Fabiana;Figueiredo;Fabiana Figueiredo
Sofia;Estrela;Sofia Estrela
Murilo;Cardoso;Murilo Cardoso
Murilo;Nunes;Murilo Nunes
Mônica;Vasconcelos;Mônica Vasconcelos
Débora;Souza;Débora Souza
Osmar;Barreto;Osmar Barreto
Gabriela;Farias;Gabriela Farias
Isabela;Medeiros;Isabela Medeiros
Douglas;Neves;Douglas Neves
Flávia;Freitas;Flávia Freitas
Sérgio;Figueiredo;Sérgio Figueiredo
Wagner;Santos;Wagner Santos
Rafaela;Silva;Rafaela Silva
Tatiane;Amorim;Tatiane Amorim
Vanessa;França;Vanessa França
Elisângela;Fonseca;Elisângela Fonseca
Aline;Barros;Aline Barros
Antônio;Correia;Antônio Correia
Maria;Quevedo;Maria Quevedo
Isabela;Maia;Isabela Maia
Eduardo;Coelho;Eduardo Coelho
Sônia;Moura;Sônia Moura
Vanessa;Monteiro;Vanessa Monteiro
Camila;Passos;Camila Passos
Jorge;Campos;Jorge Campos
Maria;Cintra;Maria Cintra
Elisângela;Assis;Elisângela Assis
Vinícius;Peixoto;Vinícius Peixoto
Larissa;Vieira;Larissa Vieira
Teresa;Pereira;Teresa Pereira
Ana;Moura;Ana Moura
Bianca;Moreira;Bianca Moreira
Henrique;Mendonça;Henrique Mendonça
Natália;Aragão;Natália Aragão
Ana;Sales;Ana Sales
Tatiane;Freitas;Tatiane Freitas
Tatiane;Coutinho;Tatiane Coutinho
Mônica;Fonseca;Mônica Fonseca
Érica;Moraes;Érica Moraes
Silvio;Antunes;Silvio Antunes
Lucas;Cardoso;Lucas Cardoso
Samuel;Barreto;Samuel Barreto
Mariana;Barros;Mariana Barros
Antônio;Silva;Antônio Silva
Bruno;Freitas;Bruno Freitas
Adriana;Barreto;Adriana Barreto
Bruno;Mascarenhas;Bruno Mascarenhas
Fabiana;Sampaio;Fabiana Sampaio
Nelson;Maia;Nelson Maia
Antônio;Ribeiro;Antônio Ribeiro
Priscila;Sales;Priscila Sales
Lucas;Ferreira;Lucas Ferreira
Paula;Correia;Paula Correia
Fábio;Quevedo;Fábio Quevedo
Bianca;Rocha;Bianca Rocha
Márcia;Pires;Márcia Pires
Nilson;Correia;Nilson Correia
Sofia;Dorneles;Sofia Dorneles
Samuel;Tavares;Samuel Tavares
Larissa;Santos;Larissa Santos
Márcia;Farias;Márcia Farias
Natália;Araújo;Natália Araújo
Carla;Amorim;Carla Amorim
Mônica;Ferreira;Mônica Ferreira
Luciana;Dias;Luciana Dias
Priscila;Estrela;Priscila Estrela
Rosa;Medeiros;Rosa Medeiros
Fábio;Teixeira;Fábio Teixeira
Maria;Lemos;Maria Lemos
Rafaela;Braga;Rafaela Braga
Rodrigo;Santana;Rodrigo Santana
Roberta;Paiva;Roberta Paiva
Gustavo;Santos;Gustavo Santos
Teresa;Damasceno;Teresa Damasceno
Patrícia;Estrela;Patrícia Estrela
Thiago;França;Thiago França
Felipe;Sales;Felipe Sales
Joana;Teixeira;Joana Teixeira
Gustavo;Barros;Gustavo Barros
Fernanda;Magalhães;Fernanda Magalhães
Gabriel;Moraes;Gabriel Moraes
Carlos;Gomes;Carlos Gomes
Douglas;Guimarães;Douglas Guimarães
Rosa;Gomes;Rosa Gomes
Pedro;Valente;Pedro Valente
Helena;Damasceno;Helena Damasceno
Bianca;Barros;Bianca Barros
Patrícia;Brito;Patrícia Brito
Talita;Assis;Talita Assis
Cecília;Leitão;Cecília Leitão
Carlos;Medeiros;Carlos Medeiros
André;Zago;André Zago
Murilo;Moreira;Murilo Moreira
Henrique;Cardoso;Henrique Cardoso
Priscila;Porto;Priscila Porto
Lucas;Duarte;Lucas Duarte
Sônia;Vieira;Sônia Vieira
Bianca;Coutinho;Bianca Coutinho
Teresa;Moreira;Teresa Moreira
Ana;França;Ana França
Hugo;Paiva;Hugo Paiva
Leonardo;Loureiro;Leonardo Loureiro
Roberta;Barros;Roberta Barros
Jaqueline;Brito;Jaqueline Brito
Eduardo;Neves;Eduardo Neves
Patrícia;Valente;Patrícia Valente
Felipe;Brito;Felipe Brito
Érica;Braga;Érica Braga
Wallace;Figueiredo;Wallace Figueiredo
Michele;Peixoto;Michele Peixoto
Regina;Holanda;Regina Holanda
Paula;Pinto;Paula Pinto
Michele;Gouveia;Michele Gouveia
Murilo;Passos;Murilo Passos
Sônia;Santos;Sônia Santos
Marcelo;Leitão;Marcelo Leitão
Daniela;Farias;Daniela Farias
Teresa;Gomes;Teresa Gomes
Alan;Gouveia;Alan Gouveia
Simone;Braga;Simone Braga
Álvaro;Campos;Álvaro Campos
Carlos;Macedo;Carlos Macedo
Rafael;Cunha;Rafael Cunha
Diego;Porto;Diego Porto
Rosa;Figueiredo;Rosa Figueiredo
Sônia;Brito;Sônia Brito
Juliana;Campos;Juliana Campos
Bianca;Antunes;Bianca Antunes
Sônia;Guimarães;Sônia Guimarães
Débora;Amorim;Débora Amorim
Kelly;Mascarenhas;Kelly Mascarenhas
Maria;Freitas;Maria Freitas
Fernanda;Assis;Fernanda Assis
Gabriel;França;Gabriel França
Everton;Cardoso;Everton Cardoso
Daniel;Brito;Daniel Brito
Isabela;Dias;Isabela Dias
Lucas;Teixeira;Lucas Teixeira
Marcelo;Campos;Marcelo Campos
Carla;Magalhães;Carla Magalhães
Samuel;Brito;Samuel Brito
Helena;Zago;Helena Zago
Vitor;Cardoso;Vitor Cardoso
Bianca;Peixoto;Bianca Peixoto
Flávia;Dorneles;Flávia Dorneles
Letícia;Moraes;Letícia Moraes
Fernanda;Pedrosa;Fernanda Pedrosa
Rosa;Rocha;Rosa Rocha
Priscila;Paiva;Priscila Paiva
André;Duarte;André Duarte
Henrique;Rangel;Henrique Rangel
Flávia;Cunha;Flávia Cunha
Jorge;Rezende;Jorge Rezende
Rafael;Dorneles;Rafael Dorneles
Davi;Vasconcelos;Davi Vasconcelos
Murilo;Araújo;Murilo Araújo
Sônia;Ferreira;Sônia Ferreira
Roberta;Fonseca;Roberta Fonseca
Roberta;Vasconcelos;Roberta Vasconcelos
Carlos;Cintra;Carlos Cintra
Mariana;Quevedo;Mariana Quevedo
Silvio;Monteiro;Silvio Monteiro
Mateus;Braga;Mateus Braga
Simone;Aragão;Simone Aragão
João;Passos;João Passos
Thiago;Maia;Thiago Maia
Igor;Ribeiro;Igor Ribeiro
Gabriela;Maia;Gabriela Maia
Eduardo;Sampaio;Eduardo Sampaio
Adriana;Nunes;Adriana Nunes
João;Seabra;João Seabra
Elisângela;Serafim;Elisângela Serafim
Everton;Dorneles;Everton Dorneles
Juliana;França;Juliana França
Gabriel;Sampaio;Gabriel Sampaio
Wallace;Estrela;Wallace Estrela
Letícia;Teixeira;Letícia Teixeira
Eduardo;Rezende;Eduardo Rezende
Diego;Loureiro;Diego Loureiro
Guilherme;Seabra;Guilherme Seabra
Michele;Silva;Michele Silva
Rafael;Benevides;Rafael Benevides
Joana;Farias;Joana Farias
Wallace;Oliveira;Wallace Oliveira
Márcia;Bastos;Márcia Bastos
Vinícius;Pinto;Vinícius Pinto
Renata;Moura;Renata Moura
Regina;Cintra;Regina Cintra
Vinícius;Barreto;Vinícius Barreto
Alexandre;Lemos;Alexandre Lemos
Nilson;Ribeiro;Nilson Ribeiro
Maria;Siqueira;Maria Siqueira
Bianca;Torres;Bianca Torres
João;Lemos;João Lemos
Cristiano;Duarte;Cristiano Duarte
Débora;Saraiva;Débora Saraiva
Mateus;Martins;Mateus Martins
Wagner;Neves;Wagner Neves
João;Barros;João Barros
Daniela;Souza;Daniela Souza
Michele;Damasceno;Michele Damasceno
Tatiane;Benevides;Tatiane Benevides
Sônia;Martins;Sônia Martins
Vitor;Rocha;Vitor Rocha
Marcelo;Vieira;Marcelo Vieira
André;Costa;André Costa
Daniel;Valente;Daniel Valente
Simone;Vasconcelos;Simone Vasconcelos
Caio;Azevedo;Caio Azevedo
Murilo;Prado;Murilo Prado
Elisângela;Dias;Elisângela Dias
Alexandre;Porto;Alexandre Porto
Débora;Medeiros;Débora Medeiros
Rafael;Estrela;Rafael Estrela
Álvaro;Correia;Álvaro Correia
Cláudia;Araújo;Cláudia Araújo
Talita;Barreto;Talita Barreto
Lucas;Mascarenhas;Lucas Mascarenhas
Leonardo;Ferreira;Leonardo Ferreira
Rosa;Sales;Rosa Sales
Eliane;Loureiro;Eliane Loureiro
Álvaro;Coelho;Álvaro Coelho
Tatiane;Macedo;Tatiane Macedo
Jaqueline;Vieira;Jaqueline Vieira
Kelly;Antunes;Kelly Antunes
Tatiane;Braga;Tatiane Braga
Rafael;Guimarães;Rafael Guimarães
Joana;Duarte;Joana Duarte
Wallace;Dorneles;Wallace Dorneles
Caio;Siqueira;Caio Siqueira
Gabriel;Pereira;Gabriel Pereira
Adriana;Zago;Adriana Zago
Rodrigo;Guimarães;Rodrigo Guimarães
Helena;Magalhães;Helena Magalhães
Teresa;Benevides;Teresa Benevides
Paulo;Silva;Paulo Silva
Bianca;Zago;Bianca Zago
Alexandre;Pinto;Alexandre Pinto
Gabriela;Antunes;Gabriela Antunes
Murilo;Carvalho;Murilo Carvalho
Mauro;Sampaio;Mauro Sampaio
Leonardo;Castro;Leonardo Castro
Cristiano;Figueiredo;Cristiano Figueiredo
Michele;Saraiva;Michele Saraiva
Flávia;Nunes;Flávia Nunes
Paula;Sampaio;Paula Sampaio
Bruna;França;Bruna França
Pedro;Tavares;Pedro Tavares
Silvio;Benevides;Silvio Benevides
Cristiane;Fonseca;Cristiane Fonseca
Rafael;Simões;Rafael Simões
Juliana;Pereira;Juliana Pereira
Natália;Antunes;Natália Antunes
Henrique;Quevedo;Henrique Quevedo
Cristiane;Pinto;Cristiane Pinto
Igor;Prado;Igor Prado
Joana;Freitas;Joana Freitas
Diego;Monteiro;Diego Monteiro
Renata;Siqueira;Renata Siqueira
Douglas;Teles;Douglas Teles
Teresa;Cunha;Teresa Cunha
Rodrigo;Tavares;Rodrigo Tavares
Sofia;Santos;Sofia Santos
Paula;Benevides;Paula Benevides
Letícia;Leitão;Letícia Leitão
Camila;Quevedo;Camila Quevedo
Renato;Cintra;Renato Cintra
Fábio;Passos;Fábio Passos
Teresa;Dias;Teresa Dias
Cláudia;Estrela;Cláudia Estrela
Patrícia;Souza;Patrícia Souza
Nelson;Queiroz;Nelson Queiroz
Elisângela;Pinto;Elisângela Pinto
Vitor;Santos;Vitor Santos
Cristiano;Valente;Cristiano Valente
Talita;Costa;Talita Costa
Daniel;Costa;Daniel Costa
Jaqueline;Holanda;Jaqueline Holanda
Fábio;Azevedo;Fábio Azevedo
Sofia;Mendonça;Sofia Mendonça
Fábio;Serafim;Fábio Serafim
Diego;Pedrosa;Diego Pedrosa
Sérgio;Freitas;Sérgio Freitas
Fábio;Antunes;Fábio Antunes
Simone;Barreto;Simone Barreto
Patrícia;Monteiro;Patrícia Monteiro
Mauro;Holanda;Mauro Holanda
Teresa;Magalhães;Teresa Magalhães
Adriana;Fonseca;Adriana Fonseca
Sônia;Alves;Sônia Alves
Débora;Nunes;Débora Nunes
Mauro;Estrela;Mauro Estrela
Eduardo;Santana;Eduardo Santana
Fernanda;Moura;Fernanda Moura
Sérgio;Moura;Sérgio Moura
Gabriela;Peixoto;Gabriela Peixoto
Roberto;Sampaio;Roberto Sampaio
Leonardo;Gouveia;Leonardo Gouveia
Gabriel;Barros;Gabriel Barros
Marcelo;Coelho;Marcelo Coelho
Paulo;Farias;Paulo Farias
Helena;Pereira;Helena Pereira
Natália;Siqueira;Natália Siqueira
Luciano;Moraes;Luciano Moraes
José;Macedo;José Macedo
Daniel;Santana;Daniel Santana
Teresa;Silva;Teresa Silva
Renato;Mascarenhas;Renato Mascarenhas
Luciano;Carvalho;Luciano Carvalho
José;Santos;José Santos
Cláudia;Passos;Cláudia Passos
Diego;Siqueira;Diego Siqueira
Mônica;Melo;Mônica Melo
Daniela;Medeiros;Daniela Medeiros
Roberto;Gouveia;Roberto Gouveia
Luciano;Alves;Luciano Alves
Vitor;Azevedo;Vitor Azevedo
Nelson;Barros;Nelson Barros
Fabiana;Saraiva;Fabiana Saraiva
Roberta;Seabra;Roberta Seabra
Camila;Correia;Camila Correia
Rafaela;Duarte;Rafaela Duarte
Roberta;Duarte;Roberta Duarte
Joana;Quevedo;Joana Quevedo
Patrícia;Coutinho;Patrícia Coutinho
Teresa;Braga;Teresa Braga
Eduardo;Oliveira;Eduardo Oliveira
Flávia;Santos;Flávia Santos
Thiago;Silva;Thiago Silva
Joana;Pedrosa;Joana Pedrosa
Renato;Maia;Renato Maia
Vitor;Farias;Vitor Farias
Mateus;Barros;Mateus Barros
Isabela;Mascarenhas;Isabela Mascarenhas
Rafaela;Paiva;Rafaela Paiva
Rodrigo;Queiroz;Rodrigo Queiroz
Larissa;Moreira;Larissa Moreira
Nilson;Mesquita;Nilson Mesquita
Fernanda;Benevides;Fernanda Benevides
Daniel;Fonseca;Daniel Fonseca
Roberta;Viana;Roberta Viana
Alexandre;Duarte;Alexandre Duarte
Mauro;Braga;Mauro Braga
Eduardo;Rangel;Eduardo Rangel
Mônica;Barros;Mônica Barros
Paulo;Pinto;Paulo Pinto
Eliane;Barreto;Eliane Barreto
Cássio;Nunes;Cássio Nunes
Daniel;Paiva;Daniel Paiva
Mariana;Dorneles;Mariana Dorneles
Carla;Melo;Carla Melo
Natália;Castro;Natália Castro
Hugo;Viana;Hugo Viana
Sofia;Sales;Sofia Sales
Davi;Paiva;Davi Paiva
Teresa;Maia;Teresa Maia
Natália;Bastos;Natália Bastos
Douglas;Sales;Douglas Sales
Márcia;Saraiva;Márcia Saraiva
Lucas;Guimarães;Lucas Guimarães
