processo_id;acao;autor;reu
P-00001;Falência e Recuperação Judicial;Instituto Nacional de Energia Renovável;Estado de Santa Aurora
P-00002;Execução de alimentos;Pedro Henrique Santos;Ricardo Almeida
P-00003;Inventário e partilha;Fernanda Costa;GlobalTech Corp.
P-00004;Execução de alimentos;João da Silva;Secretaria de Saúde de Santa Clara
P-00005;Execução Fiscal;Prefeitura Municipal de Nova Esperança;GlobalTech Corp.
P-00006;Extinção de condomínio;Estado de Santa Aurora;Construtora Nova Era Ltda.
P-00007;Execução de alimentos;Ana Paula Lima;Ricardo Almeida
P-00008;Trabalhista;TechBrasil S.A.;Oficina Mecânica do Zé
P-00009;Trabalhista;AgroVale Ltda.;Fernanda Costa
P-00010;Execução de título extrajudicial;Secretaria de Saúde de Santa Clara;Ana Paula Lima
P-00011;Execução de título extrajudicial;GlobalTech Corp.;Carlos Souza
P-00012;Busca e apreensão;Prefeitura Municipal de Nova Esperança;Maria Oliveira
P-00013;Falência e Recuperação Judicial;Estado de Santa Aurora;Prefeitura Municipal de Nova Esperança
P-00014;Inventário e partilha;Construtora Nova Era Ltda.;Estado de Santa Aurora
P-00015;Execução Cível;Estado de Santa Aurora;TechBrasil S.A.
P-00016;Execução Fiscal;Estado de Santa Aurora;Estado de Santa Aurora
P-00017;Extinção de condomínio;Instituto Nacional de Energia Renovável;TechBrasil S.A.
P-00018;Inventário e partilha;Fernanda Costa;Maria Oliveira
P-00019;Extinção de condomínio;Oficina Mecânica do Zé;Construtora Nova Era Ltda.
P-00020;Execução de título extrajudicial;Carlos Souza;Oficina Mecânica do Zé
P-00021;Execução de alimentos;Oficina Mecânica do Zé;Fernanda Costa
P-00022;Execução Cível;Fernanda Costa;Instituto Nacional de Energia Renovável
P-00023;Trabalhista;Ricardo Almeida;TechBrasil S.A.
P-00024;Execução Cível;TechBrasil S.A.;Prefeitura Municipal de Nova Esperança
P-00025;Falência e Recuperação Judicial;Instituto Nacional de Energia Renovável;TechBrasil S.A.
P-00026;Busca e apreensão;Ana Paula Lima;João da Silva
P-00027;Busca e apreensão;Estado de Santa Aurora;Ana Paula Lima
P-00028;Busca e apreensão;TechBrasil S.A.;Construtora Nova Era Ltda.
P-00029;Inventário e partilha;GlobalTech Corp.;Prefeitura Municipal de Nova Esperança
P-00030;Execução Fiscal;Secretaria de Saúde de Santa Clara;Fernanda Costa
P-00031;Trabalhista;Ricardo Almeida;Estado de Santa Aurora
P-00032;Falência e Recuperação Judicial;Secretaria de Saúde de Santa Clara;Prefeitura Municipal de Nova Esperança
P-00033;Falência e Recuperação Judicial;Secretaria de Saúde de Santa Clara;Carlos Souza
P-00034;Inventário e partilha;Instituto Nacional de Energia Renovável;Oficina Mecânica do Zé
P-00035;Busca e apreensão;Oficina Mecânica do Zé;Construtora Nova Era Ltda.
P-00036;Execução Cível;GlobalTech Corp.;Maria Oliveira
P-00037;Execução de título extrajudicial;Construtora Nova Era Ltda.;AgroVale Ltda.
P-00038;Execução de alimentos;Juliana Rocha;Maria Oliveira
P-00039;Execução Cível;Estado de Santa Aurora;João da Silva
P-00040;Busca e apreensão;Secretaria de Saúde de Santa Clara;Pedro Henrique Santos
P-00041;Falência e Recuperação Judicial;Secretaria de Saúde de Santa Clara;GlobalTech Corp.
P-00042;Execução de alimentos;AgroVale Ltda.;Ricardo Almeida
P-00043;Extinção de condomínio;Prefeitura Municipal de Nova Esperança;Construtora Nova Era Ltda.
P-00044;Execução Fiscal;Instituto Nacional de Energia Renovável;Pedro Henrique Santos
P-00045;Trabalhista;Carlos Souza;Fernanda Costa
P-00046;Execução de alimentos;Construtora Nova Era Ltda.;Ana Paula Lima
P-00047;Trabalhista;Prefeitura Municipal de Nova Esperança;Ana Paula Lima
P-00048;Busca e apreensão;Fernanda Costa;Estado de Santa Aurora
P-00049;Inventário e partilha;Pedro Henrique Santos;AgroVale Ltda.
P-00050;Execução de alimentos;Ricardo Almeida;Secretaria de Saúde de Santa Clara
P-00051;Extinção de condomínio;Instituto Nacional de Energia Renovável;Maria Oliveira
P-00052;Trabalhista;Pedro Henrique Santos;João da Silva
P-00053;Falência e Recuperação Judicial;Prefeitura Municipal de Nova Esperança;Maria Oliveira
P-00054;Trabalhista;Construtora Nova Era Ltda.;João da Silva
P-00055;Inventário e partilha;Secretaria de Saúde de Santa Clara;Carlos Souza
P-00056;Execução de alimentos;Secretaria de Saúde de Santa Clara;Construtora Nova Era Ltda.
P-00057;Busca e apreensão;Ana Paula Lima;Estado de Santa Aurora
P-00058;Execução de título extrajudicial;Estado de Santa Aurora;GlobalTech Corp.
P-00059;Trabalhista;Instituto Nacional de Energia Renovável;TechBrasil S.A.
P-00060;Falência e Recuperação Judicial;Prefeitura Municipal de Nova Esperança;Juliana Rocha
P-00061;Execução Cível;Construtora Nova Era Ltda.;AgroVale Ltda.
P-00062;Execução Fiscal;Prefeitura Municipal de Nova Esperança;Prefeitura Municipal de Nova Esperança
P-00063;Execução de título extrajudicial;AgroVale Ltda.;Instituto Nacional de Energia Renovável
P-00064;Busca e apreensão;Maria Oliveira;AgroVale Ltda.
P-00065;Execução Cível;Fernanda Costa;Prefeitura Municipal de Nova Esperança
P-00066;Inventário e partilha;Instituto Nacional de Energia Renovável;Ana Paula Lima
P-00067;Execução de alimentos;Juliana Rocha;Oficina Mecânica do Zé
P-00068;Execução de alimentos;Juliana Rocha;AgroVale Ltda.
P-00069;Execução Cível;Prefeitura Municipal de Nova Esperança;Secretaria de Saúde de Santa Clara
P-00070;Execução Cível;Ana Paula Lima;Maria Oliveira
P-00071;Execução de alimentos;Carlos Souza;Carlos Souza
P-00072;Ações hipotecárias;Maria Oliveira;Ricardo Almeida
P-00073;Busca e apreensão;AgroVale Ltda.;João da Silva
P-00074;Inventário e partilha;Fernanda Costa;Estado de Santa Aurora
P-00075;Falência e Recuperação Judicial;Estado de Santa Aurora;Ricardo Almeida
P-00076;Inventário e partilha;Prefeitura Municipal de Nova Esperança;João da Silva
P-00077;Extinção de condomínio;AgroVale Ltda.;João da Silva
P-00078;Execução de título extrajudicial;Secretaria de Saúde de Santa Clara;GlobalTech Corp.
P-00079;Execução Cível;GlobalTech Corp.;Ricardo Almeida
P-00080;Ações hipotecárias;AgroVale Ltda.;Ana Paula Lima
P-00081;Falência e Recuperação Judicial;Secretaria de Saúde de Santa Clara;Ricardo Almeida
P-00082;Falência e Recuperação Judicial;Instituto Nacional de Energia Renovável;Carlos Souza
P-00083;Execução de título extrajudicial;Ana Paula Lima;João da Silva
P-00084;Ações hipotecárias;Ricardo Almeida;Ana Paula Lima
P-00085;Execução Cível;Secretaria de Saúde de Santa Clara;AgroVale Ltda.
P-00086;Execução de alimentos;Secretaria de Saúde de Santa Clara;Instituto Nacional de Energia Renovável
P-00087;Execução Fiscal;Instituto Nacional de Energia Renovável;Ana Paula Lima
P-00088;Execução de alimentos;Pedro Henrique Santos;AgroVale Ltda.
P-00089;Execução de alimentos;AgroVale Ltda.;Juliana Rocha
P-00090;Execução Cível;João da Silva;Ricardo Almeida
P-00091;Execução de título extrajudicial;Maria Oliveira;Ricardo Almeida
P-00092;Execução Cível;Fernanda Costa;Pedro Henrique Santos
P-00093;Execução Fiscal;Instituto Nacional de Energia Renovável;TechBrasil S.A.
P-00094;Inventário e partilha;TechBrasil S.A.;Juliana Rocha
P-00095;Falência e Recuperação Judicial;Instituto Nacional de Energia Renovável;Instituto Nacional de Energia Renovável
P-00096;Inventário e partilha;Oficina Mecânica do Zé;Construtora Nova Era Ltda.
P-00097;Busca e apreensão;GlobalTech Corp.;Maria Oliveira
P-00098;Falência e Recuperação Judicial;Secretaria de Saúde de Santa Clara;Instituto Nacional de Energia Renovável
P-00099;Busca e apreensão;Secretaria de Saúde de Santa Clara;Prefeitura Municipal de Nova Esperança
P-00100;Falência e Recuperação Judicial;Instituto Nacional de Energia Renovável;Oficina Mecânica do Zé
P-00101;Execução Cível;Pedro Henrique Santos;Juliana Rocha
P-00102;Extinção de condomínio;Oficina Mecânica do Zé;GlobalTech Corp.
P-00103;Busca e apreensão;Ricardo Almeida;Construtora Nova Era Ltda.
P-00104;Busca e apreensão;João da Silva;Prefeitura Municipal de Nova Esperança
P-00105;Execução Cível;Juliana Rocha;Pedro Henrique Santos
P-00106;Ações hipotecárias;Oficina Mecânica do Zé;AgroVale Ltda.
P-00107;Trabalhista;Estado de Santa Aurora;GlobalTech Corp.
P-00108;Trabalhista;GlobalTech Corp.;Oficina Mecânica do Zé
P-00109;Ações hipotecárias;Maria Oliveira;Instituto Nacional de Energia Renovável
P-00110;Execução de título extrajudicial;Ricardo Almeida;Maria Oliveira
P-00111;Falência e Recuperação Judicial;Estado de Santa Aurora;Prefeitura Municipal de Nova Esperança
P-00112;Busca e apreensão;Pedro Henrique Santos;Ricardo Almeida
P-00113;Execução de título extrajudicial;Prefeitura Municipal de Nova Esperança;Estado de Santa Aurora
P-00114;Execução de título extrajudicial;João da Silva;Estado de Santa Aurora
P-00115;Execução de alimentos;Ana Paula Lima;Instituto Nacional de Energia Renovável
P-00116;Ações hipotecárias;Estado de Santa Aurora;Fernanda Costa
P-00117;Inventário e partilha;Maria Oliveira;Ricardo Almeida
P-00118;Execução Cível;Instituto Nacional de Energia Renovável;Pedro Henrique Santos
P-00119;Execução de alimentos;Estado de Santa Aurora;Pedro Henrique Santos
P-00120;Busca e apreensão;AgroVale Ltda.;Fernanda Costa
P-00121;Extinção de condomínio;Prefeitura Municipal de Nova Esperança;AgroVale Ltda.
P-00122;Execução de alimentos;GlobalTech Corp.;Juliana Rocha
P-00123;Inventário e partilha;TechBrasil S.A.;GlobalTech Corp.
P-00124;Extinção de condomínio;João da Silva;Juliana Rocha
P-00125;Execução de título extrajudicial;AgroVale Ltda.;Carlos Souza
P-00126;Busca e apreensão;Fernanda Costa;Ana Paula Lima
P-00127;Trabalhista;Carlos Souza;Fernanda Costa
P-00128;Inventário e partilha;AgroVale Ltda.;GlobalTech Corp.
P-00129;Execução de título extrajudicial;Maria Oliveira;TechBrasil S.A.
P-00130;Execução Fiscal;Prefeitura Municipal de Nova Esperança;Secretaria de Saúde de Santa Clara
P-00131;Inventário e partilha;TechBrasil S.A.;Ricardo Almeida
P-00132;Execução de alimentos;Carlos Souza;Prefeitura Municipal de Nova Esperança
P-00133;Busca e apreensão;Oficina Mecânica do Zé;Oficina Mecânica do Zé
P-00134;Busca e apreensão;Carlos Souza;Prefeitura Municipal de Nova Esperança
P-00135;Execução Fiscal;Instituto Nacional de Energia Renovável;Prefeitura Municipal de Nova Esperança
P-00136;Execução Fiscal;Instituto Nacional de Energia Renovável;Oficina Mecânica do Zé
P-00137;Execução de título extrajudicial;Maria Oliveira;Secretaria de Saúde de Santa Clara
P-00138;Execução de alimentos;Construtora Nova Era Ltda.;Ana Paula Lima
P-00139;Ações hipotecárias;Juliana Rocha;Estado de Santa Aurora
P-00140;Execução Cível;Carlos Souza;Ricardo Almeida
P-00141;Execução de alimentos;Prefeitura Municipal de Nova Esperança;Instituto Nacional de Energia Renovável
P-00142;Falência e Recuperação Judicial;Secretaria de Saúde de Santa Clara;João da Silva
P-00143;Inventário e partilha;Ricardo Almeida;Estado de Santa Aurora
P-00144;Execução de título extrajudicial;Construtora Nova Era Ltda.;Construtora Nova Era Ltda.
P-00145;Falência e Recuperação Judicial;Estado de Santa Aurora;TechBrasil S.A.
P-00146;Ações hipotecárias;TechBrasil S.A.;João da Silva
P-00147;Falência e Recuperação Judicial;Secretaria de Saúde de Santa Clara;Instituto Nacional de Energia Renovável
P-00148;Falência e Recuperação Judicial;Instituto Nacional de Energia Renovável;Instituto Nacional de Energia Renovável
P-00149;Busca e apreensão;Maria Oliveira;João da Silva
P-00150;Execução Fiscal;Prefeitura Municipal de Nova Esperança;Fernanda Costa
P-00151;Execução Fiscal;Prefeitura Municipal de Nova Esperança;Oficina Mecânica do Zé
P-00152;Busca e apreensão;Oficina Mecânica do Zé;GlobalTech Corp.
P-00153;Ações hipotecárias;Fernanda Costa;Pedro Henrique Santos
P-00154;Trabalhista;Construtora Nova Era Ltda.;Carlos Souza
P-00155;Execução de título extrajudicial;Fernanda Costa;Oficina Mecânica do Zé
P-00156;Execução de título extrajudicial;Pedro Henrique Santos;Pedro Henrique Santos
P-00157;Ações hipotecárias;Ricardo Almeida;Juliana Rocha
P-00158;Falência e Recuperação Judicial;Secretaria de Saúde de Santa Clara;GlobalTech Corp.
P-00159;Inventário e partilha;João da Silva;GlobalTech Corp.
P-00160;Falência e Recuperação Judicial;Estado de Santa Aurora;Maria Oliveira
P-00161;Execução Fiscal;Prefeitura Municipal de Nova Esperança;Pedro Henrique Santos
P-00162;Execução de título extrajudicial;Ricardo Almeida;Instituto Nacional de Energia Renovável
P-00163;Execução de título extrajudicial;Instituto Nacional de Energia Renovável;Ana Paula Lima
P-00164;Execução de alimentos;Instituto Nacional de Energia Renovável;GlobalTech Corp.
P-00165;Trabalhista;Carlos Souza;Instituto Nacional de Energia Renovável
P-00166;Ações hipotecárias;Secretaria de Saúde de Santa Clara;João da Silva
P-00167;Execução de título extrajudicial;GlobalTech Corp.;João da Silva
P-00168;Execução Fiscal;Instituto Nacional de Energia Renovável;Oficina Mecânica do Zé
P-00169;Falência e Recuperação Judicial;Secretaria de Saúde de Santa Clara;Oficina Mecânica do Zé
P-00170;Execução de alimentos;Fernanda Costa;Pedro Henrique Santos
P-00171;Ações hipotecárias;Fernanda Costa;Carlos Souza
P-00172;Execução Cível;GlobalTech Corp.;João da Silva
P-00173;Execução Fiscal;Instituto Nacional de Energia Renovável;Secretaria de Saúde de Santa Clara
P-00174;Execução Cível;João da Silva;João da Silva
P-00175;Busca e apreensão;TechBrasil S.A.;TechBrasil S.A.
P-00176;Busca e apreensão;Fernanda Costa;Secretaria de Saúde de Santa Clara
P-00177;Busca e apreensão;Prefeitura Municipal de Nova Esperança;Instituto Nacional de Energia Renovável
P-00178;Execução Fiscal;Instituto Nacional de Energia Renovável;GlobalTech Corp.
P-00179;Trabalhista;Instituto Nacional de Energia Renovável;Maria Oliveira
P-00180;Execução de título extrajudicial;GlobalTech Corp.;Ana Paula Lima
P-00181;Execução de título extrajudicial;Instituto Nacional de Energia Renovável;TechBrasil S.A.
P-00182;Falência e Recuperação Judicial;Instituto Nacional de Energia Renovável;Maria Oliveira
P-00183;Execução Fiscal;Instituto Nacional de Energia Renovável;Construtora Nova Era Ltda.
P-00184;Falência e Recuperação Judicial;Instituto Nacional de Energia Renovável;Oficina Mecânica do Zé
P-00185;Execução de título extrajudicial;Fernanda Costa;Oficina Mecânica do Zé
P-00186;Ações hipotecárias;Ana Paula Lima;Juliana Rocha
P-00187;Execução de alimentos;Oficina Mecânica do Zé;Ricardo Almeida
P-00188;Inventário e partilha;Ricardo Almeida;TechBrasil S.A.
P-00189;Execução Cível;Fernanda Costa;AgroVale Ltda.
P-00190;Execução de alimentos;Construtora Nova Era Ltda.;Fernanda Costa
P-00191;Ações hipotecárias;Construtora Nova Era Ltda.;Pedro Henrique Santos
P-00192;Execução Fiscal;Instituto Nacional de Energia Renovável;Juliana Rocha
P-00193;Execução de alimentos;Juliana Rocha;Oficina Mecânica do Zé
P-00194;Trabalhista;Construtora Nova Era Ltda.;Secretaria de Saúde de Santa Clara
P-00195;Falência e Recuperação Judicial;Estado de Santa Aurora;Oficina Mecânica do Zé
P-00196;Execução Fiscal;Secretaria de Saúde de Santa Clara;Estado de Santa Aurora
P-00197;Execução de alimentos;Prefeitura Municipal de Nova Esperança;GlobalTech Corp.
P-00198;Falência e Recuperação Judicial;Estado de Santa Aurora;Maria Oliveira
P-00199;Execução de título extrajudicial;Prefeitura Municipal de Nova Esperança;AgroVale Ltda.
P-00200;Execução Fiscal;Estado de Santa Aurora;Prefeitura Municipal de Nova Esperança
P-00201;Execução de título extrajudicial;Maria Oliveira;Instituto Nacional de Energia Renovável
P-00202;Execução Fiscal;Instituto Nacional de Energia Renovável;Construtora Nova Era Ltda.
P-00203;Busca e apreensão;Oficina Mecânica do Zé;João da Silva
P-00204;Execução de título extrajudicial;João da Silva;Carlos Souza
P-00205;Busca e apreensão;Maria Oliveira;Instituto Nacional de Energia Renovável
P-00206;Busca e apreensão;Fernanda Costa;Oficina Mecânica do Zé
P-00207;Trabalhista;TechBrasil S.A.;TechBrasil S.A.
P-00208;Trabalhista;Pedro Henrique Santos;Ricardo Almeida
P-00209;Execução de título extrajudicial;Estado de Santa Aurora;Secretaria de Saúde de Santa Clara
P-00210;Inventário e partilha;TechBrasil S.A.;João da Silva
P-00211;Busca e apreensão;Carlos Souza;João da Silva
P-00212;Execução de alimentos;Pedro Henrique Santos;AgroVale Ltda.
P-00213;Extinção de condomínio;Carlos Souza;Prefeitura Municipal de Nova Esperança
P-00214;Execução de título extrajudicial;TechBrasil S.A.;Juliana Rocha
P-00215;Inventário e partilha;João da Silva;Ana Paula Lima
P-00216;Trabalhista;Maria Oliveira;Juliana Rocha
P-00217;Trabalhista;Maria Oliveira;TechBrasil S.A.
P-00218;Ações hipotecárias;Juliana Rocha;Juliana Rocha
P-00219;Trabalhista;Fernanda Costa;Pedro Henrique Santos
P-00220;Falência e Recuperação Judicial;Estado de Santa Aurora;TechBrasil S.A.
P-00221;Execução Fiscal;Prefeitura Municipal de Nova Esperança;Pedro Henrique Santos
P-00222;Ações hipotecárias;Fernanda Costa;Construtora Nova Era Ltda.
P-00223;Execução Fiscal;Instituto Nacional de Energia Renovável;Fernanda Costa
P-00224;Falência e Recuperação Judicial;Prefeitura Municipal de Nova Esperança;Instituto Nacional de Energia Renovável
P-00225;Trabalhista;Construtora Nova Era Ltda.;Construtora Nova Era Ltda.
P-00226;Inventário e partilha;Estado de Santa Aurora;Estado de Santa Aurora
P-00227;Execução Cível;Instituto Nacional de Energia Renovável;Juliana Rocha
P-00228;Execução de alimentos;Estado de Santa Aurora;Pedro Henrique Santos
P-00229;Execução Cível;Juliana Rocha;Construtora Nova Era Ltda.
P-00230;Execução Cível;Instituto Nacional de Energia Renovável;Prefeitura Municipal de Nova Esperança
P-00231;Execução de título extrajudicial;Estado de Santa Aurora;Fernanda Costa
P-00232;Execução de alimentos;Secretaria de Saúde de Santa Clara;Carlos Souza
P-00233;Falência e Recuperação Judicial;Instituto Nacional de Energia Renovável;Ana Paula Lima
P-00234;Execução de título extrajudicial;Prefeitura Municipal de Nova Esperança;Juliana Rocha
P-00235;Execução Cível;Estado de Santa Aurora;Estado de Santa Aurora
P-00236;Trabalhista;Maria Oliveira;TechBrasil S.A.
P-00237;Ações hipotecárias;GlobalTech Corp.;Construtora Nova Era Ltda.
P-00238;Execução Cível;Prefeitura Municipal de Nova Esperança;AgroVale Ltda.
P-00239;Execução de alimentos;Pedro Henrique Santos;Instituto Nacional de Energia Renovável
P-00240;Execução Fiscal;Prefeitura Municipal de Nova Esperança;Pedro Henrique Santos
P-00241;Inventário e partilha;GlobalTech Corp.;Construtora Nova Era Ltda.
P-00242;Inventário e partilha;Juliana Rocha;Ricardo Almeida
P-00243;Execução Fiscal;Instituto Nacional de Energia Renovável;TechBrasil S.A.
P-00244;Execução de alimentos;João da Silva;Pedro Henrique Santos
P-00245;Ações hipotecárias;Carlos Souza;Instituto Nacional de Energia Renovável
P-00246;Execução de título extrajudicial;Oficina Mecânica do Zé;Secretaria de Saúde de Santa Clara
P-00247;Busca e apreensão;Prefeitura Municipal de Nova Esperança;Fernanda Costa
P-00248;Extinção de condomínio;AgroVale Ltda.;Instituto Nacional de Energia Renovável
P-00249;Inventário e partilha;Pedro Henrique Santos;Ana Paula Lima
P-00250;Trabalhista;Prefeitura Municipal de Nova Esperança;Ricardo Almeida
P-00251;Falência e Recuperação Judicial;Secretaria de Saúde de Santa Clara;TechBrasil S.A.
P-00252;Execução Fiscal;Instituto Nacional de Energia Renovável;Construtora Nova Era Ltda.
P-00253;Trabalhista;Instituto Nacional de Energia Renovável;Prefeitura Municipal de Nova Esperança
P-00254;Falência e Recuperação Judicial;Secretaria de Saúde de Santa Clara;Secretaria de Saúde de Santa Clara
P-00255;Extinção de condomínio;Fernanda Costa;Maria Oliveira
P-00256;Busca e apreensão;Instituto Nacional de Energia Renovável;Prefeitura Municipal de Nova Esperança
P-00257;Execução Fiscal;Prefeitura Municipal de Nova Esperança;Juliana Rocha
P-00258;Inventário e partilha;Secretaria de Saúde de Santa Clara;Fernanda Costa
P-00259;Execução de título extrajudicial;Maria Oliveira;Pedro Henrique Santos
P-00260;Execução de alimentos;João da Silva;GlobalTech Corp.
P-00261;Execução Fiscal;Estado de Santa Aurora;TechBrasil S.A.
P-00262;Execução de alimentos;Carlos Souza;Instituto Nacional de Energia Renovável
P-00263;Falência e Recuperação Judicial;Prefeitura Municipal de Nova Esperança;Ricardo Almeida
P-00264;Trabalhista;Oficina Mecânica do Zé;GlobalTech Corp.
P-00265;Execução Fiscal;Secretaria de Saúde de Santa Clara;Estado de Santa Aurora
P-00266;Inventário e partilha;GlobalTech Corp.;Carlos Souza
P-00267;Execução Cível;Pedro Henrique Santos;Carlos Souza
P-00268;Execução Cível;Pedro Henrique Santos;Ana Paula Lima
P-00269;Falência e Recuperação Judicial;Prefeitura Municipal de Nova Esperança;Maria Oliveira
P-00270;Trabalhista;Construtora Nova Era Ltda.;Ana Paula Lima
P-00271;Execução Cível;AgroVale Ltda.;Ricardo Almeida
P-00272;Execução Fiscal;Secretaria de Saúde de Santa Clara;GlobalTech Corp.
P-00273;Execução de alimentos;Fernanda Costa;Pedro Henrique Santos
P-00274;Execução de alimentos;Maria Oliveira;Maria Oliveira
P-00275;Trabalhista;GlobalTech Corp.;Ricardo Almeida
P-00276;Execução Fiscal;Secretaria de Saúde de Santa Clara;Carlos Souza
P-00277;Trabalhista;Ana Paula Lima;João da Silva
P-00278;Extinção de condomínio;Maria Oliveira;Estado de Santa Aurora
P-00279;Ações hipotecárias;GlobalTech Corp.;Secretaria de Saúde de Santa Clara
P-00280;Execução de título extrajudicial;Ana Paula Lima;Construtora Nova Era Ltda.
P-00281;Busca e apreensão;Estado de Santa Aurora;Juliana Rocha
P-00282;Extinção de condomínio;João da Silva;Ana Paula Lima
P-00283;Execução Cível;Construtora Nova Era Ltda.;Instituto Nacional de Energia Renovável
P-00284;Execução Cível;GlobalTech Corp.;Pedro Henrique Santos
P-00285;Inventário e partilha;Secretaria de Saúde de Santa Clara;Instituto Nacional de Energia Renovável
P-00286;Busca e apreensão;AgroVale Ltda.;Carlos Souza
P-00287;Inventário e partilha;Prefeitura Municipal de Nova Esperança;Oficina Mecânica do Zé
P-00288;Execução Fiscal;Secretaria de Saúde de Santa Clara;TechBrasil S.A.
P-00289;Falência e Recuperação Judicial;Secretaria de Saúde de Santa Clara;Ana Paula Lima
P-00290;Falência e Recuperação Judicial;Prefeitura Municipal de Nova Esperança;João da Silva
P-00291;Execução Fiscal;Estado de Santa Aurora;Pedro Henrique Santos
P-00292;Trabalhista;Maria Oliveira;Fernanda Costa
P-00293;Extinção de condomínio;TechBrasil S.A.;Estado de Santa Aurora
P-00294;Execução Fiscal;Secretaria de Saúde de Santa Clara;AgroVale Ltda.
P-00295;Ações hipotecárias;Maria Oliveira;Estado de Santa Aurora
P-00296;Execução de alimentos;Secretaria de Saúde de Santa Clara;Juliana Rocha
P-00297;Execução de alimentos;Instituto Nacional de Energia Renovável;Oficina Mecânica do Zé
P-00298;Trabalhista;TechBrasil S.A.;GlobalTech Corp.
P-00299;Busca e apreensão;Carlos Souza;TechBrasil S.A.
P-00300;Falência e Recuperação Judicial;Secretaria de Saúde de Santa Clara;Oficina Mecânica do Zé
P-00301;Execução Cível;Estado de Santa Aurora;Prefeitura Municipal de Nova Esperança
P-00302;Execução Cível;Fernanda Costa;João da Silva
P-00303;Trabalhista;Maria Oliveira;Fernanda Costa
P-00304;Busca e apreensão;João da Silva;Ricardo Almeida
P-00305;Falência e Recuperação Judicial;Prefeitura Municipal de Nova Esperança;TechBrasil S.A.
P-00306;Inventário e partilha;AgroVale Ltda.;Prefeitura Municipal de Nova Esperança
P-00307;Busca e apreensão;João da Silva;Construtora Nova Era Ltda.
P-00308;Execução de alimentos;Estado de Santa Aurora;Estado de Santa Aurora
P-00309;Falência e Recuperação Judicial;Secretaria de Saúde de Santa Clara;João da Silva
P-00310;Execução Fiscal;Instituto Nacional de Energia Renovável;AgroVale Ltda.
P-00311;Execução de alimentos;Oficina Mecânica do Zé;TechBrasil S.A.
P-00312;Execução de título extrajudicial;AgroVale Ltda.;GlobalTech Corp.
P-00313;Busca e apreensão;Ricardo Almeida;AgroVale Ltda.
P-00314;Inventário e partilha;Maria Oliveira;Carlos Souza
P-00315;Execução Cível;Pedro Henrique Santos;Ana Paula Lima
P-00316;Ações hipotecárias;Pedro Henrique Santos;Maria Oliveira
P-00317;Trabalhista;Fernanda Costa;Maria Oliveira
P-00318;Execução de alimentos;Oficina Mecânica do Zé;Maria Oliveira
P-00319;Inventário e partilha;Maria Oliveira;Prefeitura Municipal de Nova Esperança
P-00320;Extinção de condomínio;Instituto Nacional de Energia Renovável;AgroVale Ltda.
P-00321;Trabalhista;GlobalTech Corp.;GlobalTech Corp.
P-00322;Execução de alimentos;TechBrasil S.A.;GlobalTech Corp.
P-00323;Execução Fiscal;Secretaria de Saúde de Santa Clara;TechBrasil S.A.
P-00324;Inventário e partilha;Construtora Nova Era Ltda.;Ana Paula Lima
P-00325;Falência e Recuperação Judicial;Estado de Santa Aurora;Juliana Rocha
P-00326;Execução de título extrajudicial;AgroVale Ltda.;GlobalTech Corp.
P-00327;Inventário e partilha;Ana Paula Lima;Instituto Nacional de Energia Renovável
P-00328;Ações hipotecárias;GlobalTech Corp.;AgroVale Ltda.
P-00329;Execução Fiscal;Estado de Santa Aurora;Construtora Nova Era Ltda.
P-00330;Execução Fiscal;Prefeitura Municipal de Nova Esperança;TechBrasil S.A.
P-00331;Execução Fiscal;Instituto Nacional de Energia Renovável;João da Silva
P-00332;Execução Fiscal;Prefeitura Municipal de Nova Esperança;Estado de Santa Aurora
P-00333;Execução Cível;Oficina Mecânica do Zé;Prefeitura Municipal de Nova Esperança
P-00334;Execução de alimentos;Ricardo Almeida;Secretaria de Saúde de Santa Clara
P-00335;Execução Cível;Ana Paula Lima;GlobalTech Corp.
P-00336;Trabalhista;Pedro Henrique Santos;Prefeitura Municipal de Nova Esperança
P-00337;Execução de título extrajudicial;Maria Oliveira;Ricardo Almeida
P-00338;Inventário e partilha;Oficina Mecânica do Zé;Ricardo Almeida
P-00339;Extinção de condomínio;TechBrasil S.A.;João da Silva
P-00340;Inventário e partilha;Carlos Souza;Carlos Souza
P-00341;Ações hipotecárias;Ricardo Almeida;TechBrasil S.A.
P-00342;Extinção de condomínio;João da Silva;Ricardo Almeida
P-00343;Execução Fiscal;Secretaria de Saúde de Santa Clara;Carlos Souza
P-00344;Busca e apreensão;GlobalTech Corp.;Secretaria de Saúde de Santa Clara
P-00345;Falência e Recuperação Judicial;Instituto Nacional de Energia Renovável;Pedro Henrique Santos
P-00346;Execução de alimentos;Oficina Mecânica do Zé;TechBrasil S.A.
P-00347;Ações hipotecárias;Prefeitura Municipal de Nova Esperança;Ricardo Almeida
P-00348;Busca e apreensão;Estado de Santa Aurora;Ana Paula Lima
P-00349;Inventário e partilha;Ricardo Almeida;Maria Oliveira
P-00350;Trabalhista;Oficina Mecânica do Zé;Carlos Souza
P-00351;Inventário e partilha;TechBrasil S.A.;Ricardo Almeida
P-00352;Extinção de condomínio;Secretaria de Saúde de Santa Clara;Secretaria de Saúde de Santa Clara
P-00353;Falência e Recuperação Judicial;Instituto Nacional de Energia Renovável;Maria Oliveira
P-00354;Execução Cível;Carlos Souza;Prefeitura Municipal de Nova Esperança
P-00355;Execução de título extrajudicial;Construtora Nova Era Ltda.;Construtora Nova Era Ltda.
P-00356;Execução Fiscal;Estado de Santa Aurora;Construtora Nova Era Ltda.
P-00357;Execução Fiscal;Instituto Nacional de Energia Renovável;Maria Oliveira
P-00358;Execução de título extrajudicial;Ricardo Almeida;Estado de Santa Aurora
P-00359;Execução de título extrajudicial;Juliana Rocha;GlobalTech Corp.
P-00360;Execução de alimentos;Estado de Santa Aurora;Construtora Nova Era Ltda.
P-00361;Busca e apreensão;Estado de Santa Aurora;Estado de Santa Aurora
P-00362;Execução Cível;AgroVale Ltda.;TechBrasil S.A.
P-00363;Inventário e partilha;AgroVale Ltda.;Prefeitura Municipal de Nova Esperança
P-00364;Execução de título extrajudicial;AgroVale Ltda.;Oficina Mecânica do Zé
P-00365;Execução Fiscal;Secretaria de Saúde de Santa Clara;Pedro Henrique Santos
P-00366;Ações hipotecárias;GlobalTech Corp.;Fernanda Costa
P-00367;Falência e Recuperação Judicial;Secretaria de Saúde de Santa Clara;Carlos Souza
P-00368;Execução de alimentos;Ricardo Almeida;Maria Oliveira
P-00369;Execução de alimentos;Carlos Souza;Instituto Nacional de Energia Renovável
P-00370;Execução de alimentos;TechBrasil S.A.;Secretaria de Saúde de Santa Clara
P-00371;Falência e Recuperação Judicial;Prefeitura Municipal de Nova Esperança;Ana Paula Lima
P-00372;Extinção de condomínio;João da Silva;Estado de Santa Aurora
P-00373;Falência e Recuperação Judicial;Estado de Santa Aurora;AgroVale Ltda.
P-00374;Busca e apreensão;Maria Oliveira;AgroVale Ltda.
P-00375;Execução Cível;Juliana Rocha;TechBrasil S.A.
P-00376;Trabalhista;GlobalTech Corp.;Construtora Nova Era Ltda.
P-00377;Execução de título extrajudicial;Carlos Souza;Juliana Rocha
P-00378;Extinção de condomínio;Pedro Henrique Santos;Carlos Souza
P-00379;Execução de título extrajudicial;Secretaria de Saúde de Santa Clara;Maria Oliveira
P-00380;Execução de título extrajudicial;AgroVale Ltda.;Prefeitura Municipal de Nova Esperança
P-00381;Execução de alimentos;Fernanda Costa;Ricardo Almeida
P-00382;Trabalhista;Ricardo Almeida;Construtora Nova Era Ltda.
P-00383;Inventário e partilha;Estado de Santa Aurora;Prefeitura Municipal de Nova Esperança
P-00384;Extinção de condomínio;Ricardo Almeida;GlobalTech Corp.
P-00385;Trabalhista;Construtora Nova Era Ltda.;Oficina Mecânica do Zé
P-00386;Execução Fiscal;Secretaria de Saúde de Santa Clara;TechBrasil S.A.
P-00387;Falência e Recuperação Judicial;Secretaria de Saúde de Santa Clara;Construtora Nova Era Ltda.
P-00388;Trabalhista;Carlos Souza;Juliana Rocha
P-00389;Extinção de condomínio;Fernanda Costa;João da Silva
P-00390;Ações hipotecárias;Instituto Nacional de Energia Renovável;Secretaria de Saúde de Santa Clara
P-00391;Extinção de condomínio;Ana Paula Lima;GlobalTech Corp.
P-00392;Inventário e partilha;Maria Oliveira;Maria Oliveira
P-00393;Busca e apreensão;João da Silva;Ricardo Almeida
P-00394;Execução de alimentos;Maria Oliveira;Estado de Santa Aurora
P-00395;Ações hipotecárias;Fernanda Costa;Ricardo Almeida
P-00396;Execução Cível;Construtora Nova Era Ltda.;GlobalTech Corp.
P-00397;Trabalhista;Ricardo Almeida;João da Silva
P-00398;Inventário e partilha;Secretaria de Saúde de Santa Clara;Carlos Souza
P-00399;Execução de título extrajudicial;Estado de Santa Aurora;AgroVale Ltda.
P-00400;Execução Fiscal;Secretaria de Saúde de Santa Clara;TechBrasil S.A.
P-00401;Busca e apreensão;AgroVale Ltda.;GlobalTech Corp.
P-00402;Busca e apreensão;AgroVale Ltda.;GlobalTech Corp.
P-00403;Execução Cível;Juliana Rocha;Estado de Santa Aurora
P-00404;Ações hipotecárias;Prefeitura Municipal de Nova Esperança;Fernanda Costa
P-00405;Ações hipotecárias;Estado de Santa Aurora;Prefeitura Municipal de Nova Esperança
P-00406;Falência e Recuperação Judicial;Prefeitura Municipal de Nova Esperança;Pedro Henrique Santos
P-00407;Execução de título extrajudicial;Prefeitura Municipal de Nova Esperança;Estado de Santa Aurora
P-00408;Execução de título extrajudicial;Oficina Mecânica do Zé;Construtora Nova Era Ltda.
P-00409;Execução Cível;GlobalTech Corp.;Estado de Santa Aurora
P-00410;Falência e Recuperação Judicial;Estado de Santa Aurora;Prefeitura Municipal de Nova Esperança
P-00411;Execução de título extrajudicial;Secretaria de Saúde de Santa Clara;João da Silva
P-00412;Extinção de condomínio;Juliana Rocha;AgroVale Ltda.
P-00413;Busca e apreensão;Maria Oliveira;Prefeitura Municipal de Nova Esperança
P-00414;Busca e apreensão;Juliana Rocha;Oficina Mecânica do Zé
P-00415;Execução de alimentos;Carlos Souza;Ricardo Almeida
P-00416;Ações hipotecárias;Construtora Nova Era Ltda.;Secretaria de Saúde de Santa Clara
P-00417;Execução Fiscal;Instituto Nacional de Energia Renovável;Fernanda Costa
P-00418;Inventário e partilha;Oficina Mecânica do Zé;Fernanda Costa
P-00419;Inventário e partilha;Oficina Mecânica do Zé;Ricardo Almeida
P-00420;Execução Fiscal;Instituto Nacional de Energia Renovável;Pedro Henrique Santos
P-00421;Busca e apreensão;Prefeitura Municipal de Nova Esperança;Construtora Nova Era Ltda.
P-00422;Execução de título extrajudicial;Ricardo Almeida;Instituto Nacional de Energia Renovável
P-00423;Inventário e partilha;João da Silva;Oficina Mecânica do Zé
P-00424;Busca e apreensão;Instituto Nacional de Energia Renovável;AgroVale Ltda.
P-00425;Busca e apreensão;TechBrasil S.A.;Prefeitura Municipal de Nova Esperança
P-00426;Execução de alimentos;Instituto Nacional de Energia Renovável;Maria Oliveira
P-00427;Inventário e partilha;Ana Paula Lima;Pedro Henrique Santos
P-00428;Ações hipotecárias;João da Silva;Carlos Souza
P-00429;Trabalhista;Maria Oliveira;Secretaria de Saúde de Santa Clara
P-00430;Execução Fiscal;Prefeitura Municipal de Nova Esperança;Ana Paula Lima
P-00431;Trabalhista;Prefeitura Municipal de Nova Esperança;Construtora Nova Era Ltda.
P-00432;Trabalhista;Carlos Souza;Estado de Santa Aurora
P-00433;Trabalhista;Secretaria de Saúde de Santa Clara;Secretaria de Saúde de Santa Clara
P-00434;Execução de título extrajudicial;Carlos Souza;Estado de Santa Aurora
P-00435;Execução de título extrajudicial;Carlos Souza;Oficina Mecânica do Zé
P-00436;Ações hipotecárias;Oficina Mecânica do Zé;Construtora Nova Era Ltda.
P-00437;Execução de título extrajudicial;Construtora Nova Era Ltda.;Carlos Souza
P-00438;Execução de alimentos;GlobalTech Corp.;Prefeitura Municipal de Nova Esperança
P-00439;Execução de alimentos;Juliana Rocha;Juliana Rocha
P-00440;Extinção de condomínio;Maria Oliveira;TechBrasil S.A.
P-00441;Falência e Recuperação Judicial;Prefeitura Municipal de Nova Esperança;Oficina Mecânica do Zé
P-00442;Inventário e partilha;TechBrasil S.A.;João da Silva
P-00443;Inventário e partilha;Oficina Mecânica do Zé;Fernanda Costa
P-00444;Ações hipotecárias;Fernanda Costa;Construtora Nova Era Ltda.
P-00445;Execução Cível;Secretaria de Saúde de Santa Clara;Construtora Nova Era Ltda.
P-00446;Inventário e partilha;AgroVale Ltda.;Oficina Mecânica do Zé
P-00447;Execução Cível;Pedro Henrique Santos;João da Silva
P-00448;Inventário e partilha;GlobalTech Corp.;Instituto Nacional de Energia Renovável
P-00449;Busca e apreensão;Construtora Nova Era Ltda.;Ricardo Almeida
P-00450;Busca e apreensão;TechBrasil S.A.;Carlos Souza
P-00451;Execução de alimentos;AgroVale Ltda.;Maria Oliveira
P-00452;Execução Fiscal;Secretaria de Saúde de Santa Clara;TechBrasil S.A.
P-00453;Falência e Recuperação Judicial;Secretaria de Saúde de Santa Clara;João da Silva
P-00454;Falência e Recuperação Judicial;Estado de Santa Aurora;Carlos Souza
P-00455;Execução Fiscal;Secretaria de Saúde de Santa Clara;Oficina Mecânica do Zé
P-00456;Execução de alimentos;Pedro Henrique Santos;Ana Paula Lima
P-00457;Execução Cível;Secretaria de Saúde de Santa Clara;AgroVale Ltda.
P-00458;Falência e Recuperação Judicial;Instituto Nacional de Energia Renovável;Construtora Nova Era Ltda.
P-00459;Extinção de condomínio;Ana Paula Lima;GlobalTech Corp.
P-00460;Ações hipotecárias;Oficina Mecânica do Zé;Secretaria de Saúde de Santa Clara
P-00461;Execução de alimentos;TechBrasil S.A.;GlobalTech Corp.
P-00462;Busca e apreensão;Maria Oliveira;Secretaria de Saúde de Santa Clara
P-00463;Execução Cível;AgroVale Ltda.;Carlos Souza
P-00464;Falência e Recuperação Judicial;Instituto Nacional de Energia Renovável;Pedro Henrique Santos
P-00465;Extinção de condomínio;João da Silva;Oficina Mecânica do Zé
P-00466;Execução Fiscal;Instituto Nacional de Energia Renovável;Oficina Mecânica do Zé
P-00467;Ações hipotecárias;GlobalTech Corp.;GlobalTech Corp.
P-00468;Falência e Recuperação Judicial;Secretaria de Saúde de Santa Clara;Secretaria de Saúde de Santa Clara
P-00469;Execução Cível;Carlos Souza;Ana Paula Lima
P-00470;Busca e apreensão;Oficina Mecânica do Zé;Carlos Souza
P-00471;Execução Fiscal;Estado de Santa Aurora;Prefeitura Municipal de Nova Esperança
P-00472;Busca e apreensão;João da Silva;Ana Paula Lima
P-00473;Busca e apreensão;Prefeitura Municipal de Nova Esperança;João da Silva
P-00474;Execução Fiscal;Instituto Nacional de Energia Renovável;Maria Oliveira
P-00475;Execução Cível;TechBrasil S.A.;Ricardo Almeida
P-00476;Extinção de condomínio;Juliana Rocha;Maria Oliveira
P-00477;Execução de alimentos;Instituto Nacional de Energia Renovável;Ana Paula Lima
P-00478;Execução Fiscal;Estado de Santa Aurora;AgroVale Ltda.
P-00479;Falência e Recuperação Judicial;Prefeitura Municipal de Nova Esperança;Ricardo Almeida
P-00480;Execução Fiscal;Estado de Santa Aurora;Secretaria de Saúde de Santa Clara
P-00481;Ações hipotecárias;AgroVale Ltda.;Ana Paula Lima
P-00482;Falência e Recuperação Judicial;Prefeitura Municipal de Nova Esperança;Prefeitura Municipal de Nova Esperança
P-00483;Falência e Recuperação Judicial;Instituto Nacional de Energia Renovável;Juliana Rocha
P-00484;Busca e apreensão;Maria Oliveira;João da Silva
P-00485;Falência e Recuperação Judicial;Secretaria de Saúde de Santa Clara;AgroVale Ltda.
P-00486;Trabalhista;Instituto Nacional de Energia Renovável;Maria Oliveira
P-00487;Execução Fiscal;Estado de Santa Aurora;Estado de Santa Aurora
P-00488;Inventário e partilha;Estado de Santa Aurora;Secretaria de Saúde de Santa Clara
P-00489;Execução de alimentos;Oficina Mecânica do Zé;Ricardo Almeida
P-00490;Execução Fiscal;Prefeitura Municipal de Nova Esperança;GlobalTech Corp.
P-00491;Extinção de condomínio;GlobalTech Corp.;Prefeitura Municipal de Nova Esperança
P-00492;Execução Cível;Secretaria de Saúde de Santa Clara;Carlos Souza
P-00493;Trabalhista;Ana Paula Lima;Carlos Souza
P-00494;Execução de alimentos;Fernanda Costa;Pedro Henrique Santos
P-00495;Execução Fiscal;Estado de Santa Aurora;Instituto Nacional de Energia Renovável
P-00496;Trabalhista;Estado de Santa Aurora;AgroVale Ltda.
P-00497;Falência e Recuperação Judicial;Instituto Nacional de Energia Renovável;Carlos Souza
P-00498;Execução Fiscal;Prefeitura Municipal de Nova Esperança;Maria Oliveira
P-00499;Execução de título extrajudicial;Instituto Nacional de Energia Renovável;Juliana Rocha
P-00500;Execução Cível;Fernanda Costa;Prefeitura Municipal de Nova Esperança
P-00501;Execução Fiscal;Instituto Nacional de Energia Renovável;GlobalTech Corp.
P-00502;Inventário e partilha;Oficina Mecânica do Zé;Oficina Mecânica do Zé
P-00503;Execução Fiscal;Estado de Santa Aurora;Ana Paula Lima
P-00504;Extinção de condomínio;Juliana Rocha;Fernanda Costa
P-00505;Inventário e partilha;Ana Paula Lima;Construtora Nova Era Ltda.
P-00506;Busca e apreensão;GlobalTech Corp.;Ricardo Almeida
P-00507;Execução de título extrajudicial;Ricardo Almeida;Carlos Souza
P-00508;Execução de alimentos;AgroVale Ltda.;AgroVale Ltda.
P-00509;Ações hipotecárias;Maria Oliveira;Maria Oliveira
P-00510;Inventário e partilha;GlobalTech Corp.;Ricardo Almeida
P-00511;Trabalhista;AgroVale Ltda.;Fernanda Costa
P-00512;Falência e Recuperação Judicial;Secretaria de Saúde de Santa Clara;Secretaria de Saúde de Santa Clara
P-00513;Falência e Recuperação Judicial;Estado de Santa Aurora;GlobalTech Corp.
P-00514;Execução Fiscal;Estado de Santa Aurora;Fernanda Costa
P-00515;Execução de alimentos;Construtora Nova Era Ltda.;João da Silva
P-00516;Execução Fiscal;Secretaria de Saúde de Santa Clara;Ricardo Almeida
P-00517;Execução Fiscal;Secretaria de Saúde de Santa Clara;TechBrasil S.A.
P-00518;Busca e apreensão;Estado de Santa Aurora;Instituto Nacional de Energia Renovável
P-00519;Execução de título extrajudicial;Juliana Rocha;Secretaria de Saúde de Santa Clara
P-00520;Busca e apreensão;Construtora Nova Era Ltda.;Oficina Mecânica do Zé
P-00521;Ações hipotecárias;Maria Oliveira;Ricardo Almeida
P-00522;Execução Fiscal;Estado de Santa Aurora;Carlos Souza
P-00523;Ações hipotecárias;TechBrasil S.A.;Estado de Santa Aurora
P-00524;Ações hipotecárias;Prefeitura Municipal de Nova Esperança;Instituto Nacional de Energia Renovável
P-00525;Extinção de condomínio;TechBrasil S.A.;João da Silva
P-00526;Falência e Recuperação Judicial;Prefeitura Municipal de Nova Esperança;Carlos Souza
P-00527;Execução de alimentos;Prefeitura Municipal de Nova Esperança;Maria Oliveira
P-00528;Trabalhista;TechBrasil S.A.;Secretaria de Saúde de Santa Clara
P-00529;Execução Fiscal;Prefeitura Municipal de Nova Esperança;Maria Oliveira
P-00530;Inventário e partilha;AgroVale Ltda.;Oficina Mecânica do Zé
P-00531;Extinção de condomínio;TechBrasil S.A.;GlobalTech Corp.
P-00532;Busca e apreensão;Instituto Nacional de Energia Renovável;João da Silva
P-00533;Ações hipotecárias;Carlos Souza;GlobalTech Corp.
P-00534;Extinção de condomínio;GlobalTech Corp.;TechBrasil S.A.
P-00535;Execução Fiscal;Secretaria de Saúde de Santa Clara;Prefeitura Municipal de Nova Esperança
P-00536;Trabalhista;Prefeitura Municipal de Nova Esperança;Pedro Henrique Santos
P-00537;Execução Cível;GlobalTech Corp.;Construtora Nova Era Ltda.
P-00538;Trabalhista;Estado de Santa Aurora;Estado de Santa Aurora
P-00539;Falência e Recuperação Judicial;Prefeitura Municipal de Nova Esperança;TechBrasil S.A.
P-00540;Extinção de condomínio;AgroVale Ltda.;Ricardo Almeida
P-00541;Execução Cível;AgroVale Ltda.;Pedro Henrique Santos
P-00542;Trabalhista;Prefeitura Municipal de Nova Esperança;Maria Oliveira
P-00543;Ações hipotecárias;AgroVale Ltda.;Construtora Nova Era Ltda.
P-00544;Execução de alimentos;Oficina Mecânica do Zé;Fernanda Costa
P-00545;Falência e Recuperação Judicial;Estado de Santa Aurora;Construtora Nova Era Ltda.
P-00546;Execução de título extrajudicial;Estado de Santa Aurora;Oficina Mecânica do Zé
P-00547;Inventário e partilha;Ana Paula Lima;Ricardo Almeida
P-00548;Trabalhista;Fernanda Costa;Maria Oliveira
P-00549;Execução de título extrajudicial;Estado de Santa Aurora;Juliana Rocha
P-00550;Execução Cível;Construtora Nova Era Ltda.;João da Silva
P-00551;Falência e Recuperação Judicial;Estado de Santa Aurora;Ana Paula Lima
P-00552;Execução Fiscal;Instituto Nacional de Energia Renovável;Estado de Santa Aurora
P-00553;Trabalhista;Juliana Rocha;Ricardo Almeida
P-00554;Extinção de condomínio;Ricardo Almeida;Maria Oliveira
P-00555;Ações hipotecárias;GlobalTech Corp.;TechBrasil S.A.
P-00556;Execução de título extrajudicial;Pedro Henrique Santos;João da Silva
P-00557;Extinção de condomínio;João da Silva;Prefeitura Municipal de Nova Esperança
P-00558;Execução Fiscal;Instituto Nacional de Energia Renovável;Oficina Mecânica do Zé
P-00559;Trabalhista;João da Silva;Juliana Rocha
P-00560;Execução Cível;Pedro Henrique Santos;Instituto Nacional de Energia Renovável
P-00561;Execução de alimentos;Construtora Nova Era Ltda.;Ana Paula Lima
P-00562;Busca e apreensão;João da Silva;Ricardo Almeida
P-00563;Execução de alimentos;AgroVale Ltda.;Prefeitura Municipal de Nova Esperança
P-00564;Extinção de condomínio;Secretaria de Saúde de Santa Clara;Fernanda Costa
P-00565;Ações hipotecárias;Instituto Nacional de Energia Renovável;Fernanda Costa
P-00566;Extinção de condomínio;Secretaria de Saúde de Santa Clara;Prefeitura Municipal de Nova Esperança
P-00567;Execução Cível;Construtora Nova Era Ltda.;João da Silva
P-00568;Execução de alimentos;Pedro Henrique Santos;Ana Paula Lima
P-00569;Trabalhista;Prefeitura Municipal de Nova Esperança;Pedro Henrique Santos
P-00570;Falência e Recuperação Judicial;Prefeitura Municipal de Nova Esperança;Prefeitura Municipal de Nova Esperança
P-00571;Execução de alimentos;Ana Paula Lima;Carlos Souza
P-00572;Execução Fiscal;Secretaria de Saúde de Santa Clara;Juliana Rocha
P-00573;Execução de alimentos;Prefeitura Municipal de Nova Esperança;Pedro Henrique Santos
P-00574;Extinção de condomínio;Estado de Santa Aurora;Prefeitura Municipal de Nova Esperança
P-00575;Execução de alimentos;João da Silva;Fernanda Costa
P-00576;Extinção de condomínio;Maria Oliveira;Ana Paula Lima
P-00577;Trabalhista;Carlos Souza;Prefeitura Municipal de Nova Esperança
P-00578;Execução Fiscal;Instituto Nacional de Energia Renovável;Ana Paula Lima
P-00579;Busca e apreensão;Prefeitura Municipal de Nova Esperança;Carlos Souza
P-00580;Execução de alimentos;Ana Paula Lima;Instituto Nacional de Energia Renovável
P-00581;Extinção de condomínio;Estado de Santa Aurora;Carlos Souza
P-00582;Execução Fiscal;Estado de Santa Aurora;GlobalTech Corp.
P-00583;Execução Cível;Instituto Nacional de Energia Renovável;Ricardo Almeida
P-00584;Busca e apreensão;Estado de Santa Aurora;Secretaria de Saúde de Santa Clara
P-00585;Execução Fiscal;Estado de Santa Aurora;Ana Paula Lima
P-00586;Ações hipotecárias;Maria Oliveira;Pedro Henrique Santos
P-00587;Execução Cível;Carlos Souza;Instituto Nacional de Energia Renovável
P-00588;Trabalhista;Estado de Santa Aurora;Estado de Santa Aurora
P-00589;Inventário e partilha;Estado de Santa Aurora;Juliana Rocha
P-00590;Trabalhista;Secretaria de Saúde de Santa Clara;GlobalTech Corp.
P-00591;Execução de título extrajudicial;GlobalTech Corp.;TechBrasil S.A.
P-00592;Execução Cível;Prefeitura Municipal de Nova Esperança;Estado de Santa Aurora
P-00593;Ações hipotecárias;Ricardo Almeida;Oficina Mecânica do Zé
P-00594;Ações hipotecárias;Oficina Mecânica do Zé;GlobalTech Corp.
P-00595;Execução de alimentos;Instituto Nacional de Energia Renovável;Prefeitura Municipal de Nova Esperança
P-00596;Inventário e partilha;AgroVale Ltda.;Secretaria de Saúde de Santa Clara
P-00597;Execução de título extrajudicial;TechBrasil S.A.;Carlos Souza
P-00598;Execução de alimentos;Maria Oliveira;João da Silva
P-00599;Execução de título extrajudicial;Prefeitura Municipal de Nova Esperança;Instituto Nacional de Energia Renovável
P-00600;Execução de alimentos;Juliana Rocha;Estado de Santa Aurora
P-00601;Falência e Recuperação Judicial;Prefeitura Municipal de Nova Esperança;Juliana Rocha
P-00602;Execução de título extrajudicial;Ana Paula Lima;TechBrasil S.A.
P-00603;Trabalhista;Ana Paula Lima;AgroVale Ltda.
P-00604;Execução Fiscal;Estado de Santa Aurora;Oficina Mecânica do Zé
P-00605;Ações hipotecárias;Construtora Nova Era Ltda.;TechBrasil S.A.
P-00606;Execução Cível;AgroVale Ltda.;Pedro Henrique Santos
P-00607;Execução de alimentos;Prefeitura Municipal de Nova Esperança;Fernanda Costa
P-00608;Execução Cível;Secretaria de Saúde de Santa Clara;TechBrasil S.A.
P-00609;Inventário e partilha;Carlos Souza;TechBrasil S.A.
P-00610;Falência e Recuperação Judicial;Instituto Nacional de Energia Renovável;Maria Oliveira
P-00611;Falência e Recuperação Judicial;Instituto Nacional de Energia Renovável;Ricardo Almeida
P-00612;Falência e Recuperação Judicial;Instituto Nacional de Energia Renovável;Carlos Souza
P-00613;Extinção de condomínio;Ricardo Almeida;Oficina Mecânica do Zé
P-00614;Falência e Recuperação Judicial;Secretaria de Saúde de Santa Clara;GlobalTech Corp.
P-00615;Busca e apreensão;GlobalTech Corp.;GlobalTech Corp.
P-00616;Execução de alimentos;Pedro Henrique Santos;GlobalTech Corp.
P-00617;Extinção de condomínio;Fernanda Costa;Ricardo Almeida
P-00618;Execução de título extrajudicial;GlobalTech Corp.;Juliana Rocha
P-00619;Execução de título extrajudicial;AgroVale Ltda.;Secretaria de Saúde de Santa Clara
P-00620;Inventário e partilha;Ricardo Almeida;Instituto Nacional de Energia Renovável
P-00621;Execução Fiscal;Estado de Santa Aurora;João da Silva
P-00622;Execução Fiscal;Secretaria de Saúde de Santa Clara;AgroVale Ltda.
P-00623;Execução Cível;Instituto Nacional de Energia Renovável;GlobalTech Corp.
P-00624;Ações hipotecárias;Maria Oliveira;Carlos Souza
P-00625;Execução Fiscal;Secretaria de Saúde de Santa Clara;TechBrasil S.A.
P-00626;Execução Cível;GlobalTech Corp.;Fernanda Costa
P-00627;Falência e Recuperação Judicial;Secretaria de Saúde de Santa Clara;AgroVale Ltda.
P-00628;Execução de alimentos;Secretaria de Saúde de Santa Clara;AgroVale Ltda.
P-00629;Trabalhista;Pedro Henrique Santos;Oficina Mecânica do Zé
P-00630;Trabalhista;Pedro Henrique Santos;João da Silva
P-00631;Execução Fiscal;Estado de Santa Aurora;Maria Oliveira
P-00632;Execução de alimentos;Estado de Santa Aurora;Secretaria de Saúde de Santa Clara
P-00633;Execução Fiscal;Estado de Santa Aurora;Maria Oliveira
P-00634;Ações hipotecárias;Estado de Santa Aurora;Juliana Rocha
P-00635;Busca e apreensão;Fernanda Costa;Fernanda Costa
P-00636;Execução Cível;Fernanda Costa;Secretaria de Saúde de Santa Clara
P-00637;Busca e apreensão;Prefeitura Municipal de Nova Esperança;Juliana Rocha
P-00638;Inventário e partilha;Ana Paula Lima;Instituto Nacional de Energia Renovável
P-00639;Execução de título extrajudicial;Fernanda Costa;Estado de Santa Aurora
P-00640;Execução de alimentos;Instituto Nacional de Energia Renovável;TechBrasil S.A.
P-00641;Execução de título extrajudicial;João da Silva;Prefeitura Municipal de Nova Esperança
P-00642;Trabalhista;Juliana Rocha;Instituto Nacional de Energia Renovável
P-00643;Busca e apreensão;GlobalTech Corp.;Secretaria de Saúde de Santa Clara
P-00644;Trabalhista;João da Silva;Prefeitura Municipal de Nova Esperança
P-00645;Execução de alimentos;TechBrasil S.A.;TechBrasil S.A.
P-00646;Inventário e partilha;GlobalTech Corp.;Juliana Rocha
P-00647;Falência e Recuperação Judicial;Secretaria de Saúde de Santa Clara;Instituto Nacional de Energia Renovável
P-00648;Trabalhista;Juliana Rocha;AgroVale Ltda.
P-00649;Falência e Recuperação Judicial;Prefeitura Municipal de Nova Esperança;Oficina Mecânica do Zé
P-00650;Execução de alimentos;Ana Paula Lima;Estado de Santa Aurora
P-00651;Execução Cível;Construtora Nova Era Ltda.;Carlos Souza
P-00652;Execução de alimentos;Ana Paula Lima;Carlos Souza
P-00653;Execução de título extrajudicial;Instituto Nacional de Energia Renovável;GlobalTech Corp.
P-00654;Execução Fiscal;Estado de Santa Aurora;AgroVale Ltda.
P-00655;Execução de título extrajudicial;Oficina Mecânica do Zé;João da Silva
P-00656;Falência e Recuperação Judicial;Secretaria de Saúde de Santa Clara;Maria Oliveira
P-00657;Execução Cível;João da Silva;GlobalTech Corp.
P-00658;Inventário e partilha;TechBrasil S.A.;Carlos Souza
P-00659;Falência e Recuperação Judicial;Prefeitura Municipal de Nova Esperança;AgroVale Ltda.
P-00660;Ações hipotecárias;AgroVale Ltda.;Estado de Santa Aurora
P-00661;Execução Fiscal;Secretaria de Saúde de Santa Clara;TechBrasil S.A.
P-00662;Inventário e partilha;Construtora Nova Era Ltda.;Construtora Nova Era Ltda.
P-00663;Trabalhista;Ricardo Almeida;Estado de Santa Aurora
P-00664;Execução de alimentos;Prefeitura Municipal de Nova Esperança;Maria Oliveira
P-00665;Trabalhista;Ana Paula Lima;Instituto Nacional de Energia Renovável
P-00666;Extinção de condomínio;TechBrasil S.A.;Oficina Mecânica do Zé
P-00667;Ações hipotecárias;AgroVale Ltda.;AgroVale Ltda.
P-00668;Execução de título extrajudicial;João da Silva;Carlos Souza
P-00669;Execução Cível;Carlos Souza;GlobalTech Corp.
P-00670;Extinção de condomínio;Estado de Santa Aurora;Estado de Santa Aurora
P-00671;Inventário e partilha;Construtora Nova Era Ltda.;Pedro Henrique Santos
P-00672;Inventário e partilha;Ana Paula Lima;Fernanda Costa
P-00673;Trabalhista;TechBrasil S.A.;João da Silva
P-00674;Execução Fiscal;Secretaria de Saúde de Santa Clara;Carlos Souza
P-00675;Inventário e partilha;Instituto Nacional de Energia Renovável;Ricardo Almeida
P-00676;Busca e apreensão;Pedro Henrique Santos;Estado de Santa Aurora
P-00677;Trabalhista;João da Silva;Pedro Henrique Santos
P-00678;Execução de título extrajudicial;Oficina Mecânica do Zé;Oficina Mecânica do Zé
P-00679;Execução de título extrajudicial;João da Silva;Estado de Santa Aurora
P-00680;Falência e Recuperação Judicial;Estado de Santa Aurora;Oficina Mecânica do Zé
P-00681;Trabalhista;Juliana Rocha;Pedro Henrique Santos
P-00682;Busca e apreensão;Oficina Mecânica do Zé;Carlos Souza
P-00683;Falência e Recuperação Judicial;Secretaria de Saúde de Santa Clara;Oficina Mecânica do Zé
P-00684;Execução Cível;João da Silva;João da Silva
P-00685;Falência e Recuperação Judicial;Instituto Nacional de Energia Renovável;Estado de Santa Aurora
P-00686;Ações hipotecárias;João da Silva;Ricardo Almeida
P-00687;Execução de alimentos;Prefeitura Municipal de Nova Esperança;João da Silva
P-00688;Execução Fiscal;Prefeitura Municipal de Nova Esperança;Carlos Souza
P-00689;Inventário e partilha;Carlos Souza;Oficina Mecânica do Zé
P-00690;Extinção de condomínio;Juliana Rocha;Fernanda Costa
P-00691;Trabalhista;Pedro Henrique Santos;Carlos Souza
P-00692;Execução Cível;Juliana Rocha;TechBrasil S.A.
P-00693;Execução de título extrajudicial;Pedro Henrique Santos;Carlos Souza
P-00694;Ações hipotecárias;Ana Paula Lima;GlobalTech Corp.
P-00695;Extinção de condomínio;AgroVale Ltda.;Prefeitura Municipal de Nova Esperança
P-00696;Execução de alimentos;Instituto Nacional de Energia Renovável;Instituto Nacional de Energia Renovável
P-00697;Execução de título extrajudicial;Prefeitura Municipal de Nova Esperança;Pedro Henrique Santos
P-00698;Execução Fiscal;Estado de Santa Aurora;Pedro Henrique Santos
P-00699;Busca e apreensão;Carlos Souza;Construtora Nova Era Ltda.
P-00700;Trabalhista;Secretaria de Saúde de Santa Clara;João da Silva
P-00701;Execução de título extrajudicial;Construtora Nova Era Ltda.;Ricardo Almeida
P-00702;Execução Cível;GlobalTech Corp.;Estado de Santa Aurora
P-00703;Ações hipotecárias;AgroVale Ltda.;Secretaria de Saúde de Santa Clara
P-00704;Execução Fiscal;Secretaria de Saúde de Santa Clara;GlobalTech Corp.
P-00705;Inventário e partilha;Maria Oliveira;Carlos Souza
P-00706;Ações hipotecárias;AgroVale Ltda.;Carlos Souza
P-00707;Ações hipotecárias;Oficina Mecânica do Zé;João da Silva
P-00708;Execução de alimentos;Pedro Henrique Santos;Construtora Nova Era Ltda.
P-00709;Ações hipotecárias;João da Silva;Fernanda Costa
P-00710;Execução de título extrajudicial;Carlos Souza;Secretaria de Saúde de Santa Clara
P-00711;Trabalhista;Fernanda Costa;Juliana Rocha
P-00712;Ações hipotecárias;Secretaria de Saúde de Santa Clara;Ricardo Almeida
P-00713;Ações hipotecárias;Maria Oliveira;Construtora Nova Era Ltda.
P-00714;Execução de título extrajudicial;Estado de Santa Aurora;Oficina Mecânica do Zé
P-00715;Execução Cível;GlobalTech Corp.;Ana Paula Lima
P-00716;Ações hipotecárias;Fernanda Costa;Pedro Henrique Santos
P-00717;Inventário e partilha;Ana Paula Lima;Fernanda Costa
P-00718;Execução de alimentos;Ana Paula Lima;Pedro Henrique Santos
P-00719;Execução de título extrajudicial;Prefeitura Municipal de Nova Esperança;TechBrasil S.A.
P-00720;Falência e Recuperação Judicial;Prefeitura Municipal de Nova Esperança;Construtora Nova Era Ltda.
P-00721;Falência e Recuperação Judicial;Secretaria de Saúde de Santa Clara;Juliana Rocha
P-00722;Busca e apreensão;GlobalTech Corp.;Ana Paula Lima
P-00723;Execução de título extrajudicial;TechBrasil S.A.;AgroVale Ltda.
P-00724;Falência e Recuperação Judicial;Prefeitura Municipal de Nova Esperança;João da Silva
P-00725;Extinção de condomínio;Fernanda Costa;Estado de Santa Aurora
P-00726;Extinção de condomínio;Ricardo Almeida;Prefeitura Municipal de Nova Esperança
P-00727;Execução de alimentos;Oficina Mecânica do Zé;Carlos Souza
P-00728;Busca e apreensão;TechBrasil S.A.;Fernanda Costa
P-00729;Falência e Recuperação Judicial;Instituto Nacional de Energia Renovável;Oficina Mecânica do Zé
P-00730;Execução de título extrajudicial;Estado de Santa Aurora;Oficina Mecânica do Zé
P-00731;Trabalhista;Ricardo Almeida;Prefeitura Municipal de Nova Esperança
P-00732;Ações hipotecárias;João da Silva;Juliana Rocha
P-00733;Execução de título extrajudicial;Maria Oliveira;Carlos Souza
P-00734;Execução de alimentos;GlobalTech Corp.;Oficina Mecânica do Zé
P-00735;Ações hipotecárias;Pedro Henrique Santos;Prefeitura Municipal de Nova Esperança
P-00736;Execução Fiscal;Instituto Nacional de Energia Renovável;AgroVale Ltda.
P-00737;Busca e apreensão;Estado de Santa Aurora;Instituto Nacional de Energia Renovável
P-00738;Execução Fiscal;Instituto Nacional de Energia Renovável;Estado de Santa Aurora
P-00739;Execução de alimentos;Pedro Henrique Santos;AgroVale Ltda.
P-00740;Execução Fiscal;Secretaria de Saúde de Santa Clara;Prefeitura Municipal de Nova Esperança
P-00741;Execução Fiscal;Instituto Nacional de Energia Renovável;Carlos Souza
P-00742;Execução Fiscal;Instituto Nacional de Energia Renovável;Juliana Rocha
P-00743;Busca e apreensão;Estado de Santa Aurora;Pedro Henrique Santos
P-00744;Execução Cível;Construtora Nova Era Ltda.;Fernanda Costa
P-00745;Falência e Recuperação Judicial;Secretaria de Saúde de Santa Clara;Ricardo Almeida
P-00746;Ações hipotecárias;Ricardo Almeida;Construtora Nova Era Ltda.
P-00747;Extinção de condomínio;Pedro Henrique Santos;AgroVale Ltda.
P-00748;Inventário e partilha;Pedro Henrique Santos;Pedro Henrique Santos
P-00749;Execução de alimentos;Ricardo Almeida;Construtora Nova Era Ltda.
P-00750;Execução Fiscal;Estado de Santa Aurora;Juliana Rocha
P-00751;Inventário e partilha;João da Silva;Carlos Souza
P-00752;Busca e apreensão;João da Silva;Juliana Rocha
P-00753;Execução de alimentos;Carlos Souza;Pedro Henrique Santos
P-00754;Ações hipotecárias;Estado de Santa Aurora;Secretaria de Saúde de Santa Clara
P-00755;Ações hipotecárias;Juliana Rocha;AgroVale Ltda.
P-00756;Ações hipotecárias;Maria Oliveira;GlobalTech Corp.
P-00757;Trabalhista;Ana Paula Lima;Construtora Nova Era Ltda.
P-00758;Execução de título extrajudicial;João da Silva;TechBrasil S.A.
P-00759;Ações hipotecárias;Construtora Nova Era Ltda.;Estado de Santa Aurora
P-00760;Execução de alimentos;AgroVale Ltda.;GlobalTech Corp.
P-00761;Falência e Recuperação Judicial;Prefeitura Municipal de Nova Esperança;Carlos Souza
P-00762;Ações hipotecárias;João da Silva;GlobalTech Corp.
P-00763;Ações hipotecárias;TechBrasil S.A.;Pedro Henrique Santos
P-00764;Execução Cível;Fernanda Costa;Maria Oliveira
P-00765;Falência e Recuperação Judicial;Instituto Nacional de Energia Renovável;Maria Oliveira
P-00766;Extinção de condomínio;Ricardo Almeida;Ricardo Almeida
P-00767;Ações hipotecárias;Fernanda Costa;Juliana Rocha
P-00768;Execução de título extrajudicial;Ana Paula Lima;Maria Oliveira
P-00769;Falência e Recuperação Judicial;Secretaria de Saúde de Santa Clara;Instituto Nacional de Energia Renovável
P-00770;Execução de título extrajudicial;Maria Oliveira;Juliana Rocha
P-00771;Trabalhista;GlobalTech Corp.;Juliana Rocha
P-00772;Busca e apreensão;Ana Paula Lima;Pedro Henrique Santos
P-00773;Execução de título extrajudicial;Maria Oliveira;Fernanda Costa
P-00774;Execução Cível;João da Silva;Pedro Henrique Santos
P-00775;Trabalhista;Pedro Henrique Santos;TechBrasil S.A.
P-00776;Falência e Recuperação Judicial;Secretaria de Saúde de Santa Clara;AgroVale Ltda.
P-00777;Extinção de condomínio;TechBrasil S.A.;TechBrasil S.A.
P-00778;Execução Cível;Construtora Nova Era Ltda.;Pedro Henrique Santos
P-00779;Extinção de condomínio;GlobalTech Corp.;Prefeitura Municipal de Nova Esperança
P-00780;Inventário e partilha;Juliana Rocha;Estado de Santa Aurora
P-00781;Execução de alimentos;João da Silva;Pedro Henrique Santos
P-00782;Execução Cível;Instituto Nacional de Energia Renovável;Juliana Rocha
P-00783;Inventário e partilha;Maria Oliveira;Secretaria de Saúde de Santa Clara
P-00784;Falência e Recuperação Judicial;Instituto Nacional de Energia Renovável;TechBrasil S.A.
P-00785;Falência e Recuperação Judicial;Estado de Santa Aurora;Oficina Mecânica do Zé
P-00786;Execução Fiscal;Estado de Santa Aurora;Pedro Henrique Santos
P-00787;Execução Fiscal;Prefeitura Municipal de Nova Esperança;Oficina Mecânica do Zé
P-00788;Extinção de condomínio;Maria Oliveira;Ana Paula Lima
P-00789;Extinção de condomínio;Prefeitura Municipal de Nova Esperança;TechBrasil S.A.
P-00790;Falência e Recuperação Judicial;Prefeitura Municipal de Nova Esperança;Juliana Rocha
P-00791;Execução de título extrajudicial;Instituto Nacional de Energia Renovável;Pedro Henrique Santos
P-00792;Trabalhista;Fernanda Costa;Estado de Santa Aurora
P-00793;Trabalhista;Juliana Rocha;João da Silva
P-00794;Execução Fiscal;Estado de Santa Aurora;Ricardo Almeida
P-00795;Trabalhista;Instituto Nacional de Energia Renovável;Maria Oliveira
P-00796;Falência e Recuperação Judicial;Secretaria de Saúde de Santa Clara;Oficina Mecânica do Zé
P-00797;Execução de título extrajudicial;Secretaria de Saúde de Santa Clara;Prefeitura Municipal de Nova Esperança
P-00798;Falência e Recuperação Judicial;Secretaria de Saúde de Santa Clara;Prefeitura Municipal de Nova Esperança
P-00799;Busca e apreensão;Estado de Santa Aurora;Construtora Nova Era Ltda.
P-00800;Extinção de condomínio;Estado de Santa Aurora;TechBrasil S.A.
P-00801;Execução Fiscal;Instituto Nacional de Energia Renovável;Oficina Mecânica do Zé
P-00802;Execução de alimentos;AgroVale Ltda.;Pedro Henrique Santos
P-00803;Execução de alimentos;AgroVale Ltda.;Ricardo Almeida
P-00804;Extinção de condomínio;AgroVale Ltda.;Construtora Nova Era Ltda.
P-00805;Busca e apreensão;Ana Paula Lima;Ana Paula Lima
P-00806;Execução de título extrajudicial;AgroVale Ltda.;GlobalTech Corp.
P-00807;Execução de alimentos;GlobalTech Corp.;Ana Paula Lima
P-00808;Inventário e partilha;GlobalTech Corp.;Pedro Henrique Santos
P-00809;Extinção de condomínio;GlobalTech Corp.;Carlos Souza
P-00810;Busca e apreensão;Estado de Santa Aurora;Ana Paula Lima
P-00811;Execução de alimentos;AgroVale Ltda.;Maria Oliveira
P-00812;Execução Fiscal;Instituto Nacional de Energia Renovável;Prefeitura Municipal de Nova Esperança
P-00813;Execução Fiscal;Secretaria de Saúde de Santa Clara;Fernanda Costa
P-00814;Extinção de condomínio;Estado de Santa Aurora;Carlos Souza
P-00815;Extinção de condomínio;Instituto Nacional de Energia Renovável;Pedro Henrique Santos
P-00816;Busca e apreensão;Construtora Nova Era Ltda.;AgroVale Ltda.
P-00817;Trabalhista;TechBrasil S.A.;TechBrasil S.A.
P-00818;Inventário e partilha;Fernanda Costa;Pedro Henrique Santos
P-00819;Execução de alimentos;Construtora Nova Era Ltda.;Instituto Nacional de Energia Renovável
P-00820;Falência e Recuperação Judicial;Estado de Santa Aurora;Fernanda Costa
P-00821;Execução Cível;TechBrasil S.A.;Carlos Souza
P-00822;Extinção de condomínio;Oficina Mecânica do Zé;Carlos Souza
P-00823;Execução de título extrajudicial;Oficina Mecânica do Zé;AgroVale Ltda.
P-00824;Execução Cível;TechBrasil S.A.;Estado de Santa Aurora
P-00825;Extinção de condomínio;Oficina Mecânica do Zé;Oficina Mecânica do Zé
P-00826;Execução Fiscal;Secretaria de Saúde de Santa Clara;Oficina Mecânica do Zé
P-00827;Trabalhista;Ricardo Almeida;Estado de Santa Aurora
P-00828;Inventário e partilha;Maria Oliveira;Pedro Henrique Santos
P-00829;Execução de título extrajudicial;Ricardo Almeida;Pedro Henrique Santos
P-00830;Busca e apreensão;Ricardo Almeida;Oficina Mecânica do Zé
P-00831;Execução Cível;Oficina Mecânica do Zé;Instituto Nacional de Energia Renovável
P-00832;Execução Fiscal;Secretaria de Saúde de Santa Clara;AgroVale Ltda.
P-00833;Trabalhista;João da Silva;Oficina Mecânica do Zé
P-00834;Busca e apreensão;Instituto Nacional de Energia Renovável;AgroVale Ltda.
P-00835;Execução de alimentos;Estado de Santa Aurora;Pedro Henrique Santos
P-00836;Execução de título extrajudicial;Construtora Nova Era Ltda.;Ana Paula Lima
P-00837;Inventário e partilha;Maria Oliveira;Carlos Souza
P-00838;Execução de título extrajudicial;Juliana Rocha;Prefeitura Municipal de Nova Esperança
P-00839;Ações hipotecárias;Maria Oliveira;Ana Paula Lima
P-00840;Trabalhista;Juliana Rocha;GlobalTech Corp.
P-00841;Trabalhista;GlobalTech Corp.;Construtora Nova Era Ltda.
P-00842;Inventário e partilha;Pedro Henrique Santos;TechBrasil S.A.
P-00843;Execução Cível;Pedro Henrique Santos;Carlos Souza
P-00844;Falência e Recuperação Judicial;Prefeitura Municipal de Nova Esperança;TechBrasil S.A.
P-00845;Busca e apreensão;GlobalTech Corp.;Instituto Nacional de Energia Renovável
P-00846;Execução Cível;Estado de Santa Aurora;Pedro Henrique Santos
P-00847;Execução de alimentos;Construtora Nova Era Ltda.;Construtora Nova Era Ltda.
P-00848;Falência e Recuperação Judicial;Prefeitura Municipal de Nova Esperança;João da Silva
P-00849;Busca e apreensão;Prefeitura Municipal de Nova Esperança;AgroVale Ltda.
P-00850;Falência e Recuperação Judicial;Estado de Santa Aurora;Carlos Souza
P-00851;Execução Cível;TechBrasil S.A.;João da Silva
P-00852;Busca e apreensão;Maria Oliveira;Secretaria de Saúde de Santa Clara
P-00853;Execução de alimentos;Oficina Mecânica do Zé;Estado de Santa Aurora
P-00854;Execução de título extrajudicial;Prefeitura Municipal de Nova Esperança;Pedro Henrique Santos
P-00855;Inventário e partilha;Fernanda Costa;Secretaria de Saúde de Santa Clara
P-00856;Execução de alimentos;Prefeitura Municipal de Nova Esperança;Pedro Henrique Santos
P-00857;Execução de alimentos;Ricardo Almeida;AgroVale Ltda.
P-00858;Execução Cível;Oficina Mecânica do Zé;Juliana Rocha
P-00859;Ações hipotecárias;Pedro Henrique Santos;Construtora Nova Era Ltda.
P-00860;Execução Fiscal;Prefeitura Municipal de Nova Esperança;Instituto Nacional de Energia Renovável
P-00861;Falência e Recuperação Judicial;Secretaria de Saúde de Santa Clara;Ricardo Almeida
P-00862;Execução Cível;AgroVale Ltda.;João da Silva
P-00863;Inventário e partilha;TechBrasil S.A.;Carlos Souza
P-00864;Inventário e partilha;Construtora Nova Era Ltda.;Construtora Nova Era Ltda.
P-00865;Execução de título extrajudicial;Carlos Souza;Maria Oliveira
P-00866;Execução Fiscal;Prefeitura Municipal de Nova Esperança;GlobalTech Corp.
P-00867;Busca e apreensão;Carlos Souza;Oficina Mecânica do Zé
P-00868;Execução de alimentos;Secretaria de Saúde de Santa Clara;Ricardo Almeida
P-00869;Falência e Recuperação Judicial;Secretaria de Saúde de Santa Clara;Prefeitura Municipal de Nova Esperança
P-00870;Execução de alimentos;Ana Paula Lima;Ana Paula Lima
P-00871;Execução de título extrajudicial;Carlos Souza;Juliana Rocha
P-00872;Trabalhista;Juliana Rocha;Instituto Nacional de Energia Renovável
P-00873;Ações hipotecárias;Secretaria de Saúde de Santa Clara;Ana Paula Lima
P-00874;Execução Cível;Estado de Santa Aurora;Carlos Souza
P-00875;Inventário e partilha;Prefeitura Municipal de Nova Esperança;Carlos Souza
P-00876;Inventário e partilha;Carlos Souza;Ricardo Almeida
P-00877;Execução Fiscal;Estado de Santa Aurora;Ricardo Almeida
P-00878;Execução de alimentos;Estado de Santa Aurora;Ricardo Almeida
P-00879;Falência e Recuperação Judicial;Instituto Nacional de Energia Renovável;Ana Paula Lima
P-00880;Execução Cível;AgroVale Ltda.;Construtora Nova Era Ltda.
P-00881;Execução Fiscal;Instituto Nacional de Energia Renovável;GlobalTech Corp.
P-00882;Trabalhista;Prefeitura Municipal de Nova Esperança;Pedro Henrique Santos
P-00883;Execução de título extrajudicial;Juliana Rocha;AgroVale Ltda.
P-00884;Busca e apreensão;Fernanda Costa;GlobalTech Corp.
P-00885;Execução Fiscal;Instituto Nacional de Energia Renovável;Juliana Rocha
P-00886;Trabalhista;Maria Oliveira;Pedro Henrique Santos
P-00887;Execução Cível;Prefeitura Municipal de Nova Esperança;Construtora Nova Era Ltda.
P-00888;Inventário e partilha;Estado de Santa Aurora;Ricardo Almeida
P-00889;Execução de alimentos;João da Silva;Oficina Mecânica do Zé
P-00890;Trabalhista;GlobalTech Corp.;AgroVale Ltda.
P-00891;Ações hipotecárias;Prefeitura Municipal de Nova Esperança;Oficina Mecânica do Zé
P-00892;Execução Cível;AgroVale Ltda.;Oficina Mecânica do Zé
P-00893;Execução Fiscal;Prefeitura Municipal de Nova Esperança;TechBrasil S.A.
P-00894;Extinção de condomínio;Ana Paula Lima;Instituto Nacional de Energia Renovável
P-00895;Execução de título extrajudicial;João da Silva;Fernanda Costa
P-00896;Busca e apreensão;GlobalTech Corp.;Ricardo Almeida
P-00897;Trabalhista;Prefeitura Municipal de Nova Esperança;Ana Paula Lima
P-00898;Execução de alimentos;Pedro Henrique Santos;Fernanda Costa
P-00899;Inventário e partilha;Ricardo Almeida;Construtora Nova Era Ltda.
P-00900;Execução de alimentos;João da Silva;Construtora Nova Era Ltda.
P-00901;Inventário e partilha;TechBrasil S.A.;GlobalTech Corp.
P-00902;Execução Cível;GlobalTech Corp.;Construtora Nova Era Ltda.
P-00903;Execução Cível;Construtora Nova Era Ltda.;Prefeitura Municipal de Nova Esperança
P-00904;Falência e Recuperação Judicial;Prefeitura Municipal de Nova Esperança;Secretaria de Saúde de Santa Clara
P-00905;Busca e apreensão;Prefeitura Municipal de Nova Esperança;Secretaria de Saúde de Santa Clara
P-00906;Extinção de condomínio;Ricardo Almeida;Prefeitura Municipal de Nova Esperança
P-00907;Extinção de condomínio;Pedro Henrique Santos;João da Silva
P-00908;Execução de título extrajudicial;Juliana Rocha;GlobalTech Corp.
P-00909;Execução de título extrajudicial;GlobalTech Corp.;Oficina Mecânica do Zé
P-00910;Execução de título extrajudicial;TechBrasil S.A.;Fernanda Costa
P-00911;Falência e Recuperação Judicial;Prefeitura Municipal de Nova Esperança;Fernanda Costa
P-00912;Trabalhista;Maria Oliveira;Carlos Souza
P-00913;Falência e Recuperação Judicial;Secretaria de Saúde de Santa Clara;Instituto Nacional de Energia Renovável
P-00914;Trabalhista;Fernanda Costa;Oficina Mecânica do Zé
P-00915;Falência e Recuperação Judicial;Prefeitura Municipal de Nova Esperança;Carlos Souza
P-00916;Execução Fiscal;Instituto Nacional de Energia Renovável;Maria Oliveira
P-00917;Inventário e partilha;Carlos Souza;Instituto Nacional de Energia Renovável
P-00918;Extinção de condomínio;Juliana Rocha;AgroVale Ltda.
P-00919;Execução de alimentos;João da Silva;Ricardo Almeida
P-00920;Busca e apreensão;Oficina Mecânica do Zé;Ricardo Almeida
P-00921;Execução Fiscal;Instituto Nacional de Energia Renovável;AgroVale Ltda.
P-00922;Execução Fiscal;Instituto Nacional de Energia Renovável;João da Silva
P-00923;Execução Fiscal;Instituto Nacional de Energia Renovável;Ana Paula Lima
P-00924;Inventário e partilha;Estado de Santa Aurora;Prefeitura Municipal de Nova Esperança
P-00925;Falência e Recuperação Judicial;Estado de Santa Aurora;Carlos Souza
P-00926;Busca e apreensão;João da Silva;João da Silva
P-00927;Falência e Recuperação Judicial;Prefeitura Municipal de Nova Esperança;Prefeitura Municipal de Nova Esperança
P-00928;Execução de alimentos;Oficina Mecânica do Zé;TechBrasil S.A.
P-00929;Busca e apreensão;TechBrasil S.A.;Ana Paula Lima
P-00930;Ações hipotecárias;Ana Paula Lima;Carlos Souza
P-00931;Execução de título extrajudicial;Prefeitura Municipal de Nova Esperança;João da Silva
P-00932;Busca e apreensão;Secretaria de Saúde de Santa Clara;Construtora Nova Era Ltda.
P-00933;Busca e apreensão;Carlos Souza;GlobalTech Corp.
P-00934;Execução Fiscal;Instituto Nacional de Energia Renovável;Instituto Nacional de Energia Renovável
P-00935;Execução Cível;Prefeitura Municipal de Nova Esperança;TechBrasil S.A.
P-00936;Busca e apreensão;Juliana Rocha;TechBrasil S.A.
P-00937;Execução Fiscal;Secretaria de Saúde de Santa Clara;AgroVale Ltda.
P-00938;Execução Fiscal;Estado de Santa Aurora;Fernanda Costa
P-00939;Busca e apreensão;Fernanda Costa;TechBrasil S.A.
P-00940;Extinção de condomínio;GlobalTech Corp.;Pedro Henrique Santos
P-00941;Busca e apreensão;TechBrasil S.A.;Estado de Santa Aurora
P-00942;Ações hipotecárias;Prefeitura Municipal de Nova Esperança;GlobalTech Corp.
P-00943;Busca e apreensão;Pedro Henrique Santos;Juliana Rocha
P-00944;Execução Cível;Ricardo Almeida;Ricardo Almeida
P-00945;Trabalhista;Secretaria de Saúde de Santa Clara;João da Silva
P-00946;Ações hipotecárias;Secretaria de Saúde de Santa Clara;Pedro Henrique Santos
P-00947;Execução de alimentos;AgroVale Ltda.;Fernanda Costa
P-00948;Busca e apreensão;GlobalTech Corp.;Juliana Rocha
P-00949;Execução de título extrajudicial;Instituto Nacional de Energia Renovável;GlobalTech Corp.
P-00950;Extinção de condomínio;Carlos Souza;GlobalTech Corp.
P-00951;Ações hipotecárias;Carlos Souza;Construtora Nova Era Ltda.
P-00952;Falência e Recuperação Judicial;Secretaria de Saúde de Santa Clara;Construtora Nova Era Ltda.
P-00953;Execução de título extrajudicial;Construtora Nova Era Ltda.;Secretaria de Saúde de Santa Clara
P-00954;Trabalhista;João da Silva;João da Silva
P-00955;Trabalhista;Estado de Santa Aurora;Ricardo Almeida
P-00956;Execução de título extrajudicial;Carlos Souza;Fernanda Costa
P-00957;Ações hipotecárias;Ana Paula Lima;TechBrasil S.A.
P-00958;Ações hipotecárias;Juliana Rocha;Ricardo Almeida
P-00959;Execução de alimentos;TechBrasil S.A.;GlobalTech Corp.
P-00960;Execução Cível;Prefeitura Municipal de Nova Esperança;Ricardo Almeida
P-00961;Trabalhista;Construtora Nova Era Ltda.;Ana Paula Lima
P-00962;Ações hipotecárias;Maria Oliveira;Ricardo Almeida
P-00963;Extinção de condomínio;Oficina Mecânica do Zé;AgroVale Ltda.
P-00964;Execução Fiscal;Instituto Nacional de Energia Renovável;Juliana Rocha
P-00965;Execução Cível;Estado de Santa Aurora;Construtora Nova Era Ltda.
P-00966;Execução de alimentos;Carlos Souza;Instituto Nacional de Energia Renovável
P-00967;Ações hipotecárias;Ana Paula Lima;Ana Paula Lima
P-00968;Extinção de condomínio;TechBrasil S.A.;Fernanda Costa
P-00969;Trabalhista;Fernanda Costa;Pedro Henrique Santos
P-00970;Extinção de condomínio;Carlos Souza;Carlos Souza
P-00971;Inventário e partilha;João da Silva;Construtora Nova Era Ltda.
P-00972;Extinção de condomínio;Instituto Nacional de Energia Renovável;João da Silva
P-00973;Ações hipotecárias;Carlos Souza;Pedro Henrique Santos
P-00974;Inventário e partilha;Fernanda Costa;Oficina Mecânica do Zé
P-00975;Trabalhista;Pedro Henrique Santos;João da Silva
P-00976;Extinção de condomínio;TechBrasil S.A.;GlobalTech Corp.
P-00977;Inventário e partilha;Juliana Rocha;Instituto Nacional de Energia Renovável
P-00978;Execução de alimentos;Maria Oliveira;Carlos Souza
P-00979;Execução Cível;Juliana Rocha;Oficina Mecânica do Zé
P-00980;Falência e Recuperação Judicial;Instituto Nacional de Energia Renovável;Maria Oliveira
P-00981;Execução Cível;Ana Paula Lima;Estado de Santa Aurora
P-00982;Inventário e partilha;João da Silva;Ricardo Almeida
P-00983;Busca e apreensão;Ana Paula Lima;João da Silva
P-00984;Execução Cível;Ricardo Almeida;TechBrasil S.A.
P-00985;Execução de alimentos;Fernanda Costa;GlobalTech Corp.
P-00986;Falência e Recuperação Judicial;Secretaria de Saúde de Santa Clara;Estado de Santa Aurora
P-00987;Busca e apreensão;Fernanda Costa;Juliana Rocha
P-00988;Execução Fiscal;Instituto Nacional de Energia Renovável;Ana Paula Lima
P-00989;Execução de título extrajudicial;Instituto Nacional de Energia Renovável;João da Silva
P-00990;Trabalhista;GlobalTech Corp.;Pedro Henrique Santos
P-00991;Execução Fiscal;Estado de Santa Aurora;Instituto Nacional de Energia Renovável
P-00992;Execução Fiscal;Prefeitura Municipal de Nova Esperança;Carlos Souza
P-00993;Ações hipotecárias;Estado de Santa Aurora;AgroVale Ltda.
P-00994;Ações hipotecárias;Maria Oliveira;João da Silva
P-00995;Falência e Recuperação Judicial;Instituto Nacional de Energia Renovável;Carlos Souza
P-00996;Inventário e partilha;Juliana Rocha;Estado de Santa Aurora
P-00997;Ações hipotecárias;TechBrasil S.A.;Secretaria de Saúde de Santa Clara
P-00998;Busca e apreensão;Instituto Nacional de Energia Renovável;Carlos Souza
P-00999;Inventário e partilha;Ricardo Almeida;Instituto Nacional de Energia Renovável
P-01000;Execução de alimentos;Construtora Nova Era Ltda.;Pedro Henrique Santos
P-01001;Falência e Recuperação Judicial;Prefeitura Municipal de Nova Esperança;Maria Oliveira
P-01002;Extinção de condomínio;AgroVale Ltda.;Instituto Nacional de Energia Renovável
P-01003;Execução Cível;Instituto Nacional de Energia Renovável;Oficina Mecânica do Zé
P-01004;Falência e Recuperação Judicial;Secretaria de Saúde de Santa Clara;Maria Oliveira
P-01005;Execução de alimentos;AgroVale Ltda.;Instituto Nacional de Energia Renovável
P-01006;Ações hipotecárias;Prefeitura Municipal de Nova Esperança;Oficina Mecânica do Zé
P-01007;Trabalhista;Secretaria de Saúde de Santa Clara;Instituto Nacional de Energia Renovável
P-01008;Extinção de condomínio;Construtora Nova Era Ltda.;Prefeitura Municipal de Nova Esperança
P-01009;Inventário e partilha;Maria Oliveira;Ricardo Almeida
P-01010;Falência e Recuperação Judicial;Secretaria de Saúde de Santa Clara;Carlos Souza
P-01011;Execução de alimentos;Ricardo Almeida;AgroVale Ltda.
P-01012;Execução Fiscal;Secretaria de Saúde de Santa Clara;Construtora Nova Era Ltda.
P-01013;Execução de título extrajudicial;AgroVale Ltda.;Construtora Nova Era Ltda.
P-01014;Execução Fiscal;Instituto Nacional de Energia Renovável;AgroVale Ltda.
P-01015;Execução Cível;AgroVale Ltda.;Ana Paula Lima
P-01016;Execução de título extrajudicial;TechBrasil S.A.;Secretaria de Saúde de Santa Clara
P-01017;Execução de alimentos;Secretaria de Saúde de Santa Clara;Prefeitura Municipal de Nova Esperança
P-01018;Execução de alimentos;TechBrasil S.A.;Fernanda Costa
P-01019;Falência e Recuperação Judicial;Estado de Santa Aurora;Prefeitura Municipal de Nova Esperança
P-01020;Falência e Recuperação Judicial;Instituto Nacional de Energia Renovável;Secretaria de Saúde de Santa Clara
P-01021;Falência e Recuperação Judicial;Prefeitura Municipal de Nova Esperança;Estado de Santa Aurora
P-01022;Extinção de condomínio;João da Silva;AgroVale Ltda.
P-01023;Execução de título extrajudicial;Ana Paula Lima;Ricardo Almeida
P-01024;Trabalhista;Oficina Mecânica do Zé;GlobalTech Corp.
P-01025;Execução de título extrajudicial;Construtora Nova Era Ltda.;João da Silva
P-01026;Execução de alimentos;Ana Paula Lima;Prefeitura Municipal de Nova Esperança
P-01027;Execução de título extrajudicial;Secretaria de Saúde de Santa Clara;Juliana Rocha
P-01028;Extinção de condomínio;Fernanda Costa;Secretaria de Saúde de Santa Clara
P-01029;Execução de alimentos;João da Silva;GlobalTech Corp.
P-01030;Execução Cível;Fernanda Costa;Fernanda Costa
P-01031;Execução Fiscal;Secretaria de Saúde de Santa Clara;Carlos Souza
P-01032;Ações hipotecárias;AgroVale Ltda.;Oficina Mecânica do Zé
P-01033;Execução de título extrajudicial;Pedro Henrique Santos;Secretaria de Saúde de Santa Clara
P-01034;Inventário e partilha;AgroVale Ltda.;AgroVale Ltda.
P-01035;Ações hipotecárias;Juliana Rocha;Maria Oliveira
P-01036;Busca e apreensão;GlobalTech Corp.;João da Silva
P-01037;Ações hipotecárias;Construtora Nova Era Ltda.;Maria Oliveira
P-01038;Execução Fiscal;Secretaria de Saúde de Santa Clara;Oficina Mecânica do Zé
P-01039;Busca e apreensão;Estado de Santa Aurora;Juliana Rocha
P-01040;Extinção de condomínio;AgroVale Ltda.;Estado de Santa Aurora
P-01041;Busca e apreensão;AgroVale Ltda.;Estado de Santa Aurora
P-01042;Execução Cível;TechBrasil S.A.;TechBrasil S.A.
P-01043;Inventário e partilha;Juliana Rocha;João da Silva
P-01044;Execução Fiscal;Estado de Santa Aurora;GlobalTech Corp.
P-01045;Trabalhista;TechBrasil S.A.;Juliana Rocha
P-01046;Execução de título extrajudicial;Secretaria de Saúde de Santa Clara;Prefeitura Municipal de Nova Esperança
P-01047;Extinção de condomínio;João da Silva;Oficina Mecânica do Zé
P-01048;Execução Fiscal;Estado de Santa Aurora;Instituto Nacional de Energia Renovável
P-01049;Falência e Recuperação Judicial;Secretaria de Saúde de Santa Clara;Juliana Rocha
P-01050;Execução de título extrajudicial;Carlos Souza;Pedro Henrique Santos
P-01051;Execução Cível;Ricardo Almeida;Instituto Nacional de Energia Renovável
P-01052;Busca e apreensão;TechBrasil S.A.;Ana Paula Lima
P-01053;Busca e apreensão;Construtora Nova Era Ltda.;AgroVale Ltda.
P-01054;Inventário e partilha;Carlos Souza;Pedro Henrique Santos
P-01055;Extinção de condomínio;João da Silva;Fernanda Costa
P-01056;Execução Fiscal;Estado de Santa Aurora;Instituto Nacional de Energia Renovável
P-01057;Inventário e partilha;Carlos Souza;Ricardo Almeida
P-01058;Execução de título extrajudicial;Carlos Souza;Oficina Mecânica do Zé
P-01059;Trabalhista;TechBrasil S.A.;Carlos Souza
P-01060;Extinção de condomínio;Secretaria de Saúde de Santa Clara;TechBrasil S.A.
P-01061;Execução de título extrajudicial;Carlos Souza;João da Silva
P-01062;Extinção de condomínio;Carlos Souza;Fernanda Costa
P-01063;Execução de alimentos;Fernanda Costa;Pedro Henrique Santos
P-01064;Execução de alimentos;Oficina Mecânica do Zé;Juliana Rocha
P-01065;Execução de alimentos;Ana Paula Lima;Prefeitura Municipal de Nova Esperança
P-01066;Execução de título extrajudicial;Secretaria de Saúde de Santa Clara;Oficina Mecânica do Zé
P-01067;Execução de alimentos;GlobalTech Corp.;GlobalTech Corp.
P-01068;Extinção de condomínio;AgroVale Ltda.;Fernanda Costa
P-01069;Execução Cível;João da Silva;Secretaria de Saúde de Santa Clara
P-01070;Execução de título extrajudicial;Oficina Mecânica do Zé;TechBrasil S.A.
P-01071;Trabalhista;Secretaria de Saúde de Santa Clara;Instituto Nacional de Energia Renovável
P-01072;Ações hipotecárias;Oficina Mecânica do Zé;Ana Paula Lima
P-01073;Trabalhista;Construtora Nova Era Ltda.;Secretaria de Saúde de Santa Clara
P-01074;Ações hipotecárias;Instituto Nacional de Energia Renovável;Ricardo Almeida
P-01075;Trabalhista;Maria Oliveira;GlobalTech Corp.
P-01076;Busca e apreensão;Maria Oliveira;TechBrasil S.A.
P-01077;Execução Cível;Fernanda Costa;Construtora Nova Era Ltda.
P-01078;Inventário e partilha;TechBrasil S.A.;Ana Paula Lima
P-01079;Trabalhista;João da Silva;Instituto Nacional de Energia Renovável
P-01080;Inventário e partilha;TechBrasil S.A.;GlobalTech Corp.
P-01081;Extinção de condomínio;GlobalTech Corp.;Secretaria de Saúde de Santa Clara
P-01082;Trabalhista;Maria Oliveira;Ricardo Almeida
P-01083;Extinção de condomínio;Construtora Nova Era Ltda.;TechBrasil S.A.
P-01084;Ações hipotecárias;Secretaria de Saúde de Santa Clara;Ana Paula Lima
P-01085;Execução de título extrajudicial;Secretaria de Saúde de Santa Clara;João da Silva
P-01086;Execução de título extrajudicial;Pedro Henrique Santos;Oficina Mecânica do Zé
P-01087;Busca e apreensão;Estado de Santa Aurora;Pedro Henrique Santos
P-01088;Execução de título extrajudicial;Fernanda Costa;Carlos Souza
P-01089;Execução de alimentos;Prefeitura Municipal de Nova Esperança;Carlos Souza
P-01090;Extinção de condomínio;Construtora Nova Era Ltda.;GlobalTech Corp.
P-01091;Inventário e partilha;AgroVale Ltda.;Maria Oliveira
P-01092;Extinção de condomínio;GlobalTech Corp.;TechBrasil S.A.
P-01093;Inventário e partilha;GlobalTech Corp.;Carlos Souza
P-01094;Execução de alimentos;Fernanda Costa;AgroVale Ltda.
P-01095;Execução Cível;Oficina Mecânica do Zé;Pedro Henrique Santos
P-01096;Execução Fiscal;Secretaria de Saúde de Santa Clara;AgroVale Ltda.
P-01097;Busca e apreensão;TechBrasil S.A.;Ricardo Almeida
P-01098;Execução Cível;Oficina Mecânica do Zé;TechBrasil S.A.
P-01099;Ações hipotecárias;Secretaria de Saúde de Santa Clara;Instituto Nacional de Energia Renovável
P-01100;Inventário e partilha;Pedro Henrique Santos;Secretaria de Saúde de Santa Clara
P-01101;Execução de título extrajudicial;AgroVale Ltda.;Ricardo Almeida
P-01102;Execução de título extrajudicial;Carlos Souza;Secretaria de Saúde de Santa Clara
P-01103;Execução Fiscal;Instituto Nacional de Energia Renovável;GlobalTech Corp.
P-01104;Execução Cível;Secretaria de Saúde de Santa Clara;Oficina Mecânica do Zé
P-01105;Execução de título extrajudicial;Instituto Nacional de Energia Renovável;Estado de Santa Aurora
P-01106;Execução Cível;João da Silva;Construtora Nova Era Ltda.
P-01107;Busca e apreensão;Ricardo Almeida;TechBrasil S.A.
P-01108;Ações hipotecárias;João da Silva;Fernanda Costa
P-01109;Falência e Recuperação Judicial;Secretaria de Saúde de Santa Clara;TechBrasil S.A.
P-01110;Execução Cível;Ana Paula Lima;GlobalTech Corp.
P-01111;Execução de alimentos;Construtora Nova Era Ltda.;AgroVale Ltda.
P-01112;Execução Fiscal;Instituto Nacional de Energia Renovável;Ana Paula Lima
P-01113;Trabalhista;TechBrasil S.A.;Ana Paula Lima
P-01114;Extinção de condomínio;Construtora Nova Era Ltda.;TechBrasil S.A.
P-01115;Execução de título extrajudicial;TechBrasil S.A.;Prefeitura Municipal de Nova Esperança
P-01116;Execução de título extrajudicial;Estado de Santa Aurora;Fernanda Costa
P-01117;Trabalhista;Prefeitura Municipal de Nova Esperança;Juliana Rocha
P-01118;Ações hipotecárias;Instituto Nacional de Energia Renovável;Fernanda Costa
P-01119;Execução de título extrajudicial;Instituto Nacional de Energia Renovável;Estado de Santa Aurora
P-01120;Execução de título extrajudicial;Construtora Nova Era Ltda.;Ricardo Almeida
P-01121;Falência e Recuperação Judicial;Instituto Nacional de Energia Renovável;Ana Paula Lima
P-01122;Execução Fiscal;Prefeitura Municipal de Nova Esperança;Juliana Rocha
P-01123;Execução de título extrajudicial;Maria Oliveira;Construtora Nova Era Ltda.
P-01124;Extinção de condomínio;Estado de Santa Aurora;Instituto Nacional de Energia Renovável
P-01125;Trabalhista;Oficina Mecânica do Zé;Carlos Souza
P-01126;Execução Cível;TechBrasil S.A.;Juliana Rocha
P-01127;Execução Cível;Estado de Santa Aurora;Ricardo Almeida
P-01128;Extinção de condomínio;João da Silva;GlobalTech Corp.
P-01129;Execução Fiscal;Instituto Nacional de Energia Renovável;Juliana Rocha
P-01130;Execução Fiscal;Instituto Nacional de Energia Renovável;Prefeitura Municipal de Nova Esperança
P-01131;Trabalhista;GlobalTech Corp.;João da Silva
P-01132;Busca e apreensão;Fernanda Costa;TechBrasil S.A.
P-01133;Inventário e partilha;João da Silva;Juliana Rocha
P-01134;Extinção de condomínio;Secretaria de Saúde de Santa Clara;Construtora Nova Era Ltda.
P-01135;Execução de alimentos;TechBrasil S.A.;Oficina Mecânica do Zé
P-01136;Trabalhista;Estado de Santa Aurora;Juliana Rocha
P-01137;Trabalhista;Prefeitura Municipal de Nova Esperança;Oficina Mecânica do Zé
P-01138;Trabalhista;Fernanda Costa;AgroVale Ltda.
P-01139;Falência e Recuperação Judicial;Prefeitura Municipal de Nova Esperança;Oficina Mecânica do Zé
P-01140;Falência e Recuperação Judicial;Prefeitura Municipal de Nova Esperança;Secretaria de Saúde de Santa Clara
P-01141;Execução Fiscal;Secretaria de Saúde de Santa Clara;Pedro Henrique Santos
P-01142;Execução Fiscal;Prefeitura Municipal de Nova Esperança;Oficina Mecânica do Zé
P-01143;Execução de título extrajudicial;TechBrasil S.A.;GlobalTech Corp.
P-01144;Falência e Recuperação Judicial;Secretaria de Saúde de Santa Clara;GlobalTech Corp.
P-01145;Extinção de condomínio;Maria Oliveira;Maria Oliveira
P-01146;Extinção de condomínio;Pedro Henrique Santos;AgroVale Ltda.
P-01147;Execução de alimentos;Juliana Rocha;João da Silva
P-01148;Trabalhista;AgroVale Ltda.;Prefeitura Municipal de Nova Esperança
P-01149;Execução Cível;Prefeitura Municipal de Nova Esperança;Ricardo Almeida
P-01150;Busca e apreensão;Fernanda Costa;Juliana Rocha
P-01151;Trabalhista;Construtora Nova Era Ltda.;João da Silva
P-01152;Ações hipotecárias;Maria Oliveira;GlobalTech Corp.
P-01153;Execução de título extrajudicial;Pedro Henrique Santos;Fernanda Costa
P-01154;Ações hipotecárias;Fernanda Costa;Ana Paula Lima
P-01155;Ações hipotecárias;TechBrasil S.A.;Fernanda Costa
P-01156;Busca e apreensão;GlobalTech Corp.;Ricardo Almeida
P-01157;Extinção de condomínio;TechBrasil S.A.;Ana Paula Lima
P-01158;Execução de título extrajudicial;João da Silva;Estado de Santa Aurora
P-01159;Inventário e partilha;Maria Oliveira;João da Silva
P-01160;Inventário e partilha;Ricardo Almeida;Ana Paula Lima
P-01161;Inventário e partilha;Maria Oliveira;Secretaria de Saúde de Santa Clara
P-01162;Ações hipotecárias;Instituto Nacional de Energia Renovável;Fernanda Costa
P-01163;Ações hipotecárias;Maria Oliveira;AgroVale Ltda.
P-01164;Ações hipotecárias;Juliana Rocha;GlobalTech Corp.
P-01165;Execução Cível;Ana Paula Lima;Juliana Rocha
P-01166;Extinção de condomínio;Prefeitura Municipal de Nova Esperança;Prefeitura Municipal de Nova Esperança
P-01167;Execução Cível;Fernanda Costa;Ana Paula Lima
P-01168;Trabalhista;Prefeitura Municipal de Nova Esperança;João da Silva
P-01169;Inventário e partilha;Carlos Souza;Ana Paula Lima
P-01170;Execução Fiscal;Prefeitura Municipal de Nova Esperança;Ana Paula Lima
P-01171;Trabalhista;Ana Paula Lima;Maria Oliveira
P-01172;Execução Cível;Pedro Henrique Santos;Juliana Rocha
P-01173;Trabalhista;Juliana Rocha;Instituto Nacional de Energia Renovável
P-01174;Execução de alimentos;Oficina Mecânica do Zé;Carlos Souza
P-01175;Falência e Recuperação Judicial;Instituto Nacional de Energia Renovável;Maria Oliveira
P-01176;Execução de alimentos;Juliana Rocha;Ana Paula Lima
P-01177;Trabalhista;Ricardo Almeida;Estado de Santa Aurora
P-01178;Trabalhista;Construtora Nova Era Ltda.;AgroVale Ltda.
P-01179;Execução de alimentos;AgroVale Ltda.;TechBrasil S.A.
P-01180;Ações hipotecárias;Juliana Rocha;TechBrasil S.A.
P-01181;Execução Cível;Juliana Rocha;Secretaria de Saúde de Santa Clara
P-01182;Execução Fiscal;Prefeitura Municipal de Nova Esperança;Carlos Souza
P-01183;Execução de alimentos;Juliana Rocha;Ricardo Almeida
P-01184;Execução Fiscal;Estado de Santa Aurora;Ricardo Almeida
P-01185;Ações hipotecárias;Juliana Rocha;Estado de Santa Aurora
P-01186;Execução de alimentos;Secretaria de Saúde de Santa Clara;Estado de Santa Aurora
P-01187;Ações hipotecárias;Construtora Nova Era Ltda.;Instituto Nacional de Energia Renovável
P-01188;Inventário e partilha;Pedro Henrique Santos;Instituto Nacional de Energia Renovável
P-01189;Execução de alimentos;Estado de Santa Aurora;Estado de Santa Aurora
P-01190;Falência e Recuperação Judicial;Instituto Nacional de Energia Renovável;Carlos Souza
P-01191;Inventário e partilha;Pedro Henrique Santos;Fernanda Costa
P-01192;Ações hipotecárias;Secretaria de Saúde de Santa Clara;Oficina Mecânica do Zé
P-01193;Execução de alimentos;GlobalTech Corp.;AgroVale Ltda.
P-01194;Ações hipotecárias;Fernanda Costa;Juliana Rocha
P-01195;Trabalhista;Ricardo Almeida;TechBrasil S.A.
P-01196;Inventário e partilha;Instituto Nacional de Energia Renovável;Instituto Nacional de Energia Renovável
P-01197;Inventário e partilha;Carlos Souza;Estado de Santa Aurora
P-01198;Execução Fiscal;Estado de Santa Aurora;Fernanda Costa
P-01199;Busca e apreensão;GlobalTech Corp.;Ana Paula Lima
P-01200;Extinção de condomínio;Juliana Rocha;GlobalTech Corp.
P-01201;Execução Cível;Carlos Souza;Pedro Henrique Santos
P-01202;Falência e Recuperação Judicial;Secretaria de Saúde de Santa Clara;GlobalTech Corp.
P-01203;Inventário e partilha;Oficina Mecânica do Zé;Ricardo Almeida
P-01204;Extinção de condomínio;Oficina Mecânica do Zé;Secretaria de Saúde de Santa Clara
P-01205;Busca e apreensão;Ricardo Almeida;Instituto Nacional de Energia Renovável
P-01206;Execução Cível;Estado de Santa Aurora;Ana Paula Lima
P-01207;Extinção de condomínio;AgroVale Ltda.;Ana Paula Lima
P-01208;Busca e apreensão;GlobalTech Corp.;Ana Paula Lima
P-01209;Execução Cível;Pedro Henrique Santos;Prefeitura Municipal de Nova Esperança
P-01210;Ações hipotecárias;Estado de Santa Aurora;Fernanda Costa
P-01211;Falência e Recuperação Judicial;Prefeitura Municipal de Nova Esperança;AgroVale Ltda.
P-01212;Execução de título extrajudicial;João da Silva;Oficina Mecânica do Zé
P-01213;Inventário e partilha;Pedro Henrique Santos;Oficina Mecânica do Zé
P-01214;Ações hipotecárias;Fernanda Costa;Instituto Nacional de Energia Renovável
P-01215;Extinção de condomínio;Fernanda Costa;Oficina Mecânica do Zé
P-01216;Extinção de condomínio;Oficina Mecânica do Zé;Ana Paula Lima
P-01217;Busca e apreensão;João da Silva;TechBrasil S.A.
P-01218;Falência e Recuperação Judicial;Prefeitura Municipal de Nova Esperança;Secretaria de Saúde de Santa Clara
P-01219;Trabalhista;Instituto Nacional de Energia Renovável;TechBrasil S.A.
P-01220;Extinção de condomínio;Prefeitura Municipal de Nova Esperança;Carlos Souza
P-01221;Execução Fiscal;Estado de Santa Aurora;Construtora Nova Era Ltda.
P-01222;Trabalhista;Estado de Santa Aurora;Secretaria de Saúde de Santa Clara
P-01223;Busca e apreensão;Oficina Mecânica do Zé;Prefeitura Municipal de Nova Esperança
P-01224;Ações hipotecárias;Ricardo Almeida;Pedro Henrique Santos
P-01225;Execução de título extrajudicial;Secretaria de Saúde de Santa Clara;Construtora Nova Era Ltda.
P-01226;Extinção de condomínio;AgroVale Ltda.;Pedro Henrique Santos
P-01227;Falência e Recuperação Judicial;Secretaria de Saúde de Santa Clara;AgroVale Ltda.
P-01228;Extinção de condomínio;Prefeitura Municipal de Nova Esperança;Fernanda Costa
P-01229;Extinção de condomínio;Ana Paula Lima;Construtora Nova Era Ltda.
P-01230;Ações hipotecárias;Secretaria de Saúde de Santa Clara;Oficina Mecânica do Zé
P-01231;Falência e Recuperação Judicial;Estado de Santa Aurora;Estado de Santa Aurora
P-01232;Execução Fiscal;Instituto Nacional de Energia Renovável;AgroVale Ltda.
P-01233;Busca e apreensão;Juliana Rocha;Ricardo Almeida
P-01234;Trabalhista;Fernanda Costa;Fernanda Costa
P-01235;Extinção de condomínio;Fernanda Costa;Estado de Santa Aurora
P-01236;Execução Fiscal;Instituto Nacional de Energia Renovável;Ricardo Almeida
P-01237;Execução de alimentos;Maria Oliveira;Juliana Rocha
P-01238;Execução Cível;GlobalTech Corp.;Pedro Henrique Santos
P-01239;Inventário e partilha;Estado de Santa Aurora;Oficina Mecânica do Zé
P-01240;Trabalhista;Secretaria de Saúde de Santa Clara;João da Silva
P-01241;Trabalhista;GlobalTech Corp.;Construtora Nova Era Ltda.
P-01242;Execução Cível;Prefeitura Municipal de Nova Esperança;Secretaria de Saúde de Santa Clara
P-01243;Busca e apreensão;Instituto Nacional de Energia Renovável;GlobalTech Corp.
P-01244;Execução de alimentos;Oficina Mecânica do Zé;Fernanda Costa
P-01245;Execução Cível;Oficina Mecânica do Zé;Secretaria de Saúde de Santa Clara
P-01246;Busca e apreensão;Ricardo Almeida;Prefeitura Municipal de Nova Esperança
P-01247;Execução Cível;João da Silva;Fernanda Costa
P-01248;Execução Fiscal;Estado de Santa Aurora;AgroVale Ltda.
P-01249;Falência e Recuperação Judicial;Secretaria de Saúde de Santa Clara;João da Silva
P-01250;Extinção de condomínio;Estado de Santa Aurora;Fernanda Costa
P-01251;Execução de título extrajudicial;Prefeitura Municipal de Nova Esperança;Estado de Santa Aurora
P-01252;Execução Cível;Oficina Mecânica do Zé;TechBrasil S.A.
P-01253;Inventário e partilha;João da Silva;Prefeitura Municipal de Nova Esperança
P-01254;Execução de alimentos;Maria Oliveira;Carlos Souza
P-01255;Execução Fiscal;Estado de Santa Aurora;João da Silva
P-01256;Extinção de condomínio;GlobalTech Corp.;TechBrasil S.A.
P-01257;Ações hipotecárias;Ana Paula Lima;Instituto Nacional de Energia Renovável
P-01258;Extinção de condomínio;João da Silva;Ana Paula Lima
P-01259;Falência e Recuperação Judicial;Prefeitura Municipal de Nova Esperança;Secretaria de Saúde de Santa Clara
P-01260;Execução de alimentos;Instituto Nacional de Energia Renovável;AgroVale Ltda.
P-01261;Execução de título extrajudicial;Instituto Nacional de Energia Renovável;Carlos Souza
P-01262;Falência e Recuperação Judicial;Secretaria de Saúde de Santa Clara;Instituto Nacional de Energia Renovável
P-01263;Execução de alimentos;TechBrasil S.A.;TechBrasil S.A.
P-01264;Execução Fiscal;Secretaria de Saúde de Santa Clara;AgroVale Ltda.
P-01265;Ações hipotecárias;Pedro Henrique Santos;Juliana Rocha
P-01266;Extinção de condomínio;Carlos Souza;Juliana Rocha
P-01267;Busca e apreensão;TechBrasil S.A.;Instituto Nacional de Energia Renovável
P-01268;Ações hipotecárias;Oficina Mecânica do Zé;Juliana Rocha
P-01269;Extinção de condomínio;Ricardo Almeida;Maria Oliveira
P-01270;Execução de alimentos;GlobalTech Corp.;Fernanda Costa
P-01271;Trabalhista;GlobalTech Corp.;AgroVale Ltda.
P-01272;Execução Fiscal;Estado de Santa Aurora;Ricardo Almeida
P-01273;Execução de alimentos;Juliana Rocha;AgroVale Ltda.
P-01274;Ações hipotecárias;Construtora Nova Era Ltda.;Maria Oliveira
P-01275;Execução Fiscal;Secretaria de Saúde de Santa Clara;Ana Paula Lima
P-01276;Execução Fiscal;Instituto Nacional de Energia Renovável;João da Silva
P-01277;Execução Fiscal;Estado de Santa Aurora;AgroVale Ltda.
P-01278;Trabalhista;TechBrasil S.A.;Oficina Mecânica do Zé
P-01279;Execução Cível;TechBrasil S.A.;Fernanda Costa
P-01280;Ações hipotecárias;GlobalTech Corp.;João da Silva
P-01281;Execução Cível;Oficina Mecânica do Zé;Ana Paula Lima
P-01282;Busca e apreensão;Secretaria de Saúde de Santa Clara;Secretaria de Saúde de Santa Clara
P-01283;Execução Fiscal;Estado de Santa Aurora;Construtora Nova Era Ltda.
P-01284;Ações hipotecárias;Prefeitura Municipal de Nova Esperança;Prefeitura Municipal de Nova Esperança
P-01285;Execução de título extrajudicial;AgroVale Ltda.;Ricardo Almeida
P-01286;Inventário e partilha;Oficina Mecânica do Zé;Maria Oliveira
P-01287;Trabalhista;AgroVale Ltda.;Ana Paula Lima
P-01288;Extinção de condomínio;Construtora Nova Era Ltda.;João da Silva
P-01289;Extinção de condomínio;Oficina Mecânica do Zé;Construtora Nova Era Ltda.
P-01290;Trabalhista;Oficina Mecânica do Zé;Ana Paula Lima
P-01291;Falência e Recuperação Judicial;Estado de Santa Aurora;Maria Oliveira
P-01292;Extinção de condomínio;Fernanda Costa;AgroVale Ltda.
P-01293;Trabalhista;TechBrasil S.A.;AgroVale Ltda.
P-01294;Inventário e partilha;Prefeitura Municipal de Nova Esperança;Juliana Rocha
P-01295;Falência e Recuperação Judicial;Instituto Nacional de Energia Renovável;Ricardo Almeida
P-01296;Ações hipotecárias;Fernanda Costa;Juliana Rocha
P-01297;Ações hipotecárias;TechBrasil S.A.;Instituto Nacional de Energia Renovável
P-01298;Ações hipotecárias;Secretaria de Saúde de Santa Clara;Estado de Santa Aurora
P-01299;Busca e apreensão;Prefeitura Municipal de Nova Esperança;Oficina Mecânica do Zé
P-01300;Execução de alimentos;Ana Paula Lima;Prefeitura Municipal de Nova Esperança
P-01301;Inventário e partilha;Instituto Nacional de Energia Renovável;Juliana Rocha
P-01302;Trabalhista;Ana Paula Lima;Secretaria de Saúde de Santa Clara
P-01303;Extinção de condomínio;Carlos Souza;Pedro Henrique Santos
P-01304;Trabalhista;Oficina Mecânica do Zé;João da Silva
P-01305;Ações hipotecárias;Fernanda Costa;Pedro Henrique Santos
P-01306;Inventário e partilha;Construtora Nova Era Ltda.;AgroVale Ltda.
P-01307;Execução de título extrajudicial;GlobalTech Corp.;Maria Oliveira
P-01308;Falência e Recuperação Judicial;Instituto Nacional de Energia Renovável;Construtora Nova Era Ltda.
P-01309;Falência e Recuperação Judicial;Instituto Nacional de Energia Renovável;GlobalTech Corp.
P-01310;Execução de título extrajudicial;Carlos Souza;Instituto Nacional de Energia Renovável
P-01311;Execução Cível;Oficina Mecânica do Zé;Construtora Nova Era Ltda.
P-01312;Falência e Recuperação Judicial;Instituto Nacional de Energia Renovável;AgroVale Ltda.
P-01313;Busca e apreensão;João da Silva;Prefeitura Municipal de Nova Esperança
P-01314;Trabalhista;Ana Paula Lima;Ricardo Almeida
P-01315;Execução Fiscal;Instituto Nacional de Energia Renovável;Prefeitura Municipal de Nova Esperança
P-01316;Execução Fiscal;Estado de Santa Aurora;Ricardo Almeida
P-01317;Inventário e partilha;João da Silva;Maria Oliveira
P-01318;Execução Fiscal;Secretaria de Saúde de Santa Clara;GlobalTech Corp.
P-01319;Busca e apreensão;Prefeitura Municipal de Nova Esperança;Ana Paula Lima
P-01320;Busca e apreensão;Construtora Nova Era Ltda.;Ricardo Almeida
P-01321;Busca e apreensão;Ana Paula Lima;Fernanda Costa
P-01322;Trabalhista;Ricardo Almeida;Oficina Mecânica do Zé
P-01323;Execução de alimentos;Pedro Henrique Santos;Ana Paula Lima
P-01324;Ações hipotecárias;Maria Oliveira;Oficina Mecânica do Zé
P-01325;Ações hipotecárias;AgroVale Ltda.;Estado de Santa Aurora
P-01326;Inventário e partilha;Secretaria de Saúde de Santa Clara;Oficina Mecânica do Zé
P-01327;Execução Cível;Oficina Mecânica do Zé;Juliana Rocha
P-01328;Inventário e partilha;Maria Oliveira;GlobalTech Corp.
P-01329;Execução de título extrajudicial;AgroVale Ltda.;AgroVale Ltda.
P-01330;Execução Fiscal;Prefeitura Municipal de Nova Esperança;João da Silva
P-01331;Inventário e partilha;Instituto Nacional de Energia Renovável;Ana Paula Lima
P-01332;Inventário e partilha;Estado de Santa Aurora;Maria Oliveira
P-01333;Extinção de condomínio;Instituto Nacional de Energia Renovável;João da Silva
P-01334;Falência e Recuperação Judicial;Prefeitura Municipal de Nova Esperança;Fernanda Costa
P-01335;Busca e apreensão;João da Silva;João da Silva
P-01336;Ações hipotecárias;Estado de Santa Aurora;Oficina Mecânica do Zé
P-01337;Busca e apreensão;Prefeitura Municipal de Nova Esperança;Estado de Santa Aurora
P-01338;Trabalhista;Ana Paula Lima;Prefeitura Municipal de Nova Esperança
P-01339;Falência e Recuperação Judicial;Secretaria de Saúde de Santa Clara;Estado de Santa Aurora
P-01340;Execução de alimentos;Construtora Nova Era Ltda.;Pedro Henrique Santos
P-01341;Inventário e partilha;GlobalTech Corp.;AgroVale Ltda.
P-01342;Falência e Recuperação Judicial;Instituto Nacional de Energia Renovável;Instituto Nacional de Energia Renovável
P-01343;Execução Fiscal;Secretaria de Saúde de Santa Clara;Juliana Rocha
P-01344;Falência e Recuperação Judicial;Instituto Nacional de Energia Renovável;Carlos Souza
P-01345;Falência e Recuperação Judicial;Estado de Santa Aurora;Oficina Mecânica do Zé
P-01346;Ações hipotecárias;Fernanda Costa;Pedro Henrique Santos
P-01347;Execução Cível;João da Silva;João da Silva
P-01348;Execução de título extrajudicial;GlobalTech Corp.;Instituto Nacional de Energia Renovável
P-01349;Execução de alimentos;TechBrasil S.A.;TechBrasil S.A.
P-01350;Trabalhista;TechBrasil S.A.;GlobalTech Corp.
P-01351;Extinção de condomínio;João da Silva;AgroVale Ltda.
P-01352;Busca e apreensão;GlobalTech Corp.;TechBrasil S.A.
P-01353;Busca e apreensão;Instituto Nacional de Energia Renovável;Ana Paula Lima
P-01354;Execução Fiscal;Instituto Nacional de Energia Renovável;Ricardo Almeida
P-01355;Execução Cível;Fernanda Costa;GlobalTech Corp.
P-01356;Ações hipotecárias;AgroVale Ltda.;Maria Oliveira
P-01357;Execução Cível;Ana Paula Lima;Fernanda Costa
P-01358;Falência e Recuperação Judicial;Estado de Santa Aurora;Juliana Rocha
P-01359;Trabalhista;Fernanda Costa;Ricardo Almeida
P-01360;Extinção de condomínio;Estado de Santa Aurora;Maria Oliveira
P-01361;Execução de alimentos;Ana Paula Lima;Instituto Nacional de Energia Renovável
P-01362;Busca e apreensão;Secretaria de Saúde de Santa Clara;Ana Paula Lima
P-01363;Execução de alimentos;Juliana Rocha;Construtora Nova Era Ltda.
P-01364;Execução de título extrajudicial;TechBrasil S.A.;Juliana Rocha
P-01365;Extinção de condomínio;AgroVale Ltda.;AgroVale Ltda.
P-01366;Execução de título extrajudicial;TechBrasil S.A.;GlobalTech Corp.
P-01367;Execução Fiscal;Estado de Santa Aurora;Juliana Rocha
P-01368;Falência e Recuperação Judicial;Estado de Santa Aurora;AgroVale Ltda.
P-01369;Extinção de condomínio;Secretaria de Saúde de Santa Clara;Ricardo Almeida
P-01370;Inventário e partilha;Estado de Santa Aurora;Construtora Nova Era Ltda.
P-01371;Execução de alimentos;Instituto Nacional de Energia Renovável;Maria Oliveira
P-01372;Trabalhista;Oficina Mecânica do Zé;Ricardo Almeida
P-01373;Ações hipotecárias;AgroVale Ltda.;TechBrasil S.A.
P-01374;Busca e apreensão;Secretaria de Saúde de Santa Clara;Maria Oliveira
P-01375;Execução Fiscal;Prefeitura Municipal de Nova Esperança;João da Silva
P-01376;Inventário e partilha;Ana Paula Lima;Secretaria de Saúde de Santa Clara
P-01377;Extinção de condomínio;GlobalTech Corp.;Ana Paula Lima
P-01378;Execução Cível;Carlos Souza;Prefeitura Municipal de Nova Esperança
P-01379;Busca e apreensão;Estado de Santa Aurora;AgroVale Ltda.
P-01380;Execução de alimentos;AgroVale Ltda.;GlobalTech Corp.
P-01381;Execução de alimentos;Ricardo Almeida;João da Silva
P-01382;Execução Fiscal;Prefeitura Municipal de Nova Esperança;Carlos Souza
P-01383;Execução de alimentos;Instituto Nacional de Energia Renovável;Construtora Nova Era Ltda.
P-01384;Busca e apreensão;Ricardo Almeida;Ana Paula Lima
P-01385;Trabalhista;TechBrasil S.A.;GlobalTech Corp.
P-01386;Extinção de condomínio;Construtora Nova Era Ltda.;Juliana Rocha
P-01387;Execução de título extrajudicial;Prefeitura Municipal de Nova Esperança;Prefeitura Municipal de Nova Esperança
P-01388;Busca e apreensão;Carlos Souza;Maria Oliveira
P-01389;Extinção de condomínio;Pedro Henrique Santos;João da Silva
P-01390;Inventário e partilha;Estado de Santa Aurora;TechBrasil S.A.
P-01391;Execução de alimentos;AgroVale Ltda.;GlobalTech Corp.
P-01392;Execução Fiscal;Instituto Nacional de Energia Renovável;Carlos Souza
P-01393;Busca e apreensão;Juliana Rocha;Secretaria de Saúde de Santa Clara
P-01394;Trabalhista;GlobalTech Corp.;GlobalTech Corp.
P-01395;Extinção de condomínio;Juliana Rocha;TechBrasil S.A.
P-01396;Inventário e partilha;Secretaria de Saúde de Santa Clara;Ricardo Almeida
P-01397;Busca e apreensão;Secretaria de Saúde de Santa Clara;Prefeitura Municipal de Nova Esperança
P-01398;Falência e Recuperação Judicial;Prefeitura Municipal de Nova Esperança;Maria Oliveira
P-01399;Inventário e partilha;Fernanda Costa;João da Silva
P-01400;Falência e Recuperação Judicial;Secretaria de Saúde de Santa Clara;Secretaria de Saúde de Santa Clara
P-01401;Execução Cível;Instituto Nacional de Energia Renovável;TechBrasil S.A.
P-01402;Extinção de condomínio;AgroVale Ltda.;Juliana Rocha
P-01403;Execução Cível;Pedro Henrique Santos;Estado de Santa Aurora
P-01404;Execução de alimentos;Pedro Henrique Santos;Ricardo Almeida
P-01405;Trabalhista;Secretaria de Saúde de Santa Clara;Instituto Nacional de Energia Renovável
P-01406;Busca e apreensão;AgroVale Ltda.;Fernanda Costa
P-01407;Busca e apreensão;Construtora Nova Era Ltda.;TechBrasil S.A.
P-01408;Execução de alimentos;Estado de Santa Aurora;Fernanda Costa
P-01409;Trabalhista;Prefeitura Municipal de Nova Esperança;AgroVale Ltda.
P-01410;Busca e apreensão;GlobalTech Corp.;Fernanda Costa
P-01411;Trabalhista;Oficina Mecânica do Zé;TechBrasil S.A.
P-01412;Execução Fiscal;Prefeitura Municipal de Nova Esperança;GlobalTech Corp.
P-01413;Trabalhista;Oficina Mecânica do Zé;Ana Paula Lima
P-01414;Ações hipotecárias;Secretaria de Saúde de Santa Clara;Pedro Henrique Santos
P-01415;Ações hipotecárias;Oficina Mecânica do Zé;Oficina Mecânica do Zé
P-01416;Busca e apreensão;Maria Oliveira;Prefeitura Municipal de Nova Esperança
P-01417;Busca e apreensão;Maria Oliveira;Ana Paula Lima
P-01418;Execução de alimentos;AgroVale Ltda.;Prefeitura Municipal de Nova Esperança
P-01419;Falência e Recuperação Judicial;Estado de Santa Aurora;Ana Paula Lima
P-01420;Ações hipotecárias;Maria Oliveira;Juliana Rocha
P-01421;Execução de alimentos;Juliana Rocha;Juliana Rocha
P-01422;Ações hipotecárias;AgroVale Ltda.;Ricardo Almeida
P-01423;Extinção de condomínio;GlobalTech Corp.;Estado de Santa Aurora
P-01424;Execução de alimentos;Prefeitura Municipal de Nova Esperança;Secretaria de Saúde de Santa Clara
P-01425;Inventário e partilha;Maria Oliveira;Ana Paula Lima
P-01426;Execução de título extrajudicial;Juliana Rocha;Estado de Santa Aurora
P-01427;Ações hipotecárias;TechBrasil S.A.;Carlos Souza
P-01428;Falência e Recuperação Judicial;Estado de Santa Aurora;Oficina Mecânica do Zé
P-01429;Execução de alimentos;Oficina Mecânica do Zé;Estado de Santa Aurora
P-01430;Falência e Recuperação Judicial;Instituto Nacional de Energia Renovável;Fernanda Costa
P-01431;Extinção de condomínio;Secretaria de Saúde de Santa Clara;Instituto Nacional de Energia Renovável
P-01432;Execução Cível;AgroVale Ltda.;Maria Oliveira
P-01433;Falência e Recuperação Judicial;Estado de Santa Aurora;Carlos Souza
P-01434;Execução de alimentos;Secretaria de Saúde de Santa Clara;Secretaria de Saúde de Santa Clara
P-01435;Ações hipotecárias;Prefeitura Municipal de Nova Esperança;Pedro Henrique Santos
P-01436;Extinção de condomínio;Oficina Mecânica do Zé;AgroVale Ltda.
P-01437;Ações hipotecárias;Prefeitura Municipal de Nova Esperança;Fernanda Costa
P-01438;Inventário e partilha;Ricardo Almeida;Prefeitura Municipal de Nova Esperança
P-01439;Execução Cível;João da Silva;Ana Paula Lima
P-01440;Execução de alimentos;Fernanda Costa;Oficina Mecânica do Zé
P-01441;Trabalhista;Instituto Nacional de Energia Renovável;Maria Oliveira
P-01442;Execução de título extrajudicial;Carlos Souza;Secretaria de Saúde de Santa Clara
P-01443;Falência e Recuperação Judicial;Prefeitura Municipal de Nova Esperança;AgroVale Ltda.
P-01444;Trabalhista;AgroVale Ltda.;João da Silva
P-01445;Inventário e partilha;Maria Oliveira;GlobalTech Corp.
P-01446;Extinção de condomínio;João da Silva;Fernanda Costa
P-01447;Falência e Recuperação Judicial;Prefeitura Municipal de Nova Esperança;Estado de Santa Aurora
P-01448;Execução de título extrajudicial;Ana Paula Lima;TechBrasil S.A.
P-01449;Falência e Recuperação Judicial;Secretaria de Saúde de Santa Clara;Pedro Henrique Santos
P-01450;Execução de alimentos;Prefeitura Municipal de Nova Esperança;João da Silva
P-01451;Execução Fiscal;Secretaria de Saúde de Santa Clara;João da Silva
P-01452;Trabalhista;Prefeitura Municipal de Nova Esperança;Fernanda Costa
P-01453;Ações hipotecárias;Instituto Nacional de Energia Renovável;Pedro Henrique Santos
P-01454;Execução Cível;TechBrasil S.A.;GlobalTech Corp.
P-01455;Busca e apreensão;João da Silva;Ana Paula Lima
P-01456;Trabalhista;Juliana Rocha;Instituto Nacional de Energia Renovável
P-01457;Trabalhista;GlobalTech Corp.;Oficina Mecânica do Zé
P-01458;Ações hipotecárias;Juliana Rocha;Instituto Nacional de Energia Renovável
P-01459;Trabalhista;GlobalTech Corp.;Oficina Mecânica do Zé
P-01460;Inventário e partilha;Maria Oliveira;João da Silva
P-01461;Trabalhista;João da Silva;Fernanda Costa
P-01462;Busca e apreensão;Secretaria de Saúde de Santa Clara;AgroVale Ltda.
P-01463;Trabalhista;Carlos Souza;TechBrasil S.A.
P-01464;Inventário e partilha;Fernanda Costa;Ana Paula Lima
P-01465;Execução de alimentos;Fernanda Costa;Estado de Santa Aurora
P-01466;Execução Fiscal;Secretaria de Saúde de Santa Clara;João da Silva
P-01467;Extinção de condomínio;Fernanda Costa;Estado de Santa Aurora
P-01468;Falência e Recuperação Judicial;Secretaria de Saúde de Santa Clara;Ana Paula Lima
P-01469;Execução Fiscal;Estado de Santa Aurora;Ricardo Almeida
P-01470;Execução de alimentos;Ana Paula Lima;Maria Oliveira
P-01471;Extinção de condomínio;Maria Oliveira;Estado de Santa Aurora
P-01472;Execução Fiscal;Secretaria de Saúde de Santa Clara;Construtora Nova Era Ltda.
P-01473;Execução Cível;Instituto Nacional de Energia Renovável;GlobalTech Corp.
P-01474;Execução Cível;Pedro Henrique Santos;GlobalTech Corp.
P-01475;Execução Cível;AgroVale Ltda.;Ricardo Almeida
P-01476;Ações hipotecárias;Estado de Santa Aurora;Oficina Mecânica do Zé
P-01477;Execução Cível;Prefeitura Municipal de Nova Esperança;TechBrasil S.A.
P-01478;Trabalhista;Secretaria de Saúde de Santa Clara;Estado de Santa Aurora
P-01479;Execução de título extrajudicial;Ricardo Almeida;Ana Paula Lima
P-01480;Trabalhista;Ana Paula Lima;Ricardo Almeida
P-01481;Extinção de condomínio;Oficina Mecânica do Zé;Maria Oliveira
P-01482;Falência e Recuperação Judicial;Secretaria de Saúde de Santa Clara;Ana Paula Lima
P-01483;Extinção de condomínio;GlobalTech Corp.;Prefeitura Municipal de Nova Esperança
P-01484;Falência e Recuperação Judicial;Estado de Santa Aurora;Estado de Santa Aurora
P-01485;Execução Fiscal;Estado de Santa Aurora;Juliana Rocha
P-01486;Busca e apreensão;Juliana Rocha;AgroVale Ltda.
P-01487;Execução Fiscal;Prefeitura Municipal de Nova Esperança;Juliana Rocha
P-01488;Execução Cível;Carlos Souza;Instituto Nacional de Energia Renovável
P-01489;Execução Fiscal;Secretaria de Saúde de Santa Clara;Estado de Santa Aurora
P-01490;Falência e Recuperação Judicial;Prefeitura Municipal de Nova Esperança;TechBrasil S.A.
P-01491;Trabalhista;Fernanda Costa;GlobalTech Corp.
P-01492;Extinção de condomínio;Pedro Henrique Santos;Secretaria de Saúde de Santa Clara
P-01493;Trabalhista;Juliana Rocha;Construtora Nova Era Ltda.
P-01494;Inventário e partilha;Instituto Nacional de Energia Renovável;Construtora Nova Era Ltda.
P-01495;Trabalhista;João da Silva;Construtora Nova Era Ltda.
P-01496;Extinção de condomínio;Maria Oliveira;GlobalTech Corp.
P-01497;Trabalhista;AgroVale Ltda.;Ana Paula Lima
P-01498;Execução de alimentos;GlobalTech Corp.;Maria Oliveira
P-01499;Falência e Recuperação Judicial;Secretaria de Saúde de Santa Clara;João da Silva
P-01500;Extinção de condomínio;Juliana Rocha;Fernanda Costa
P-01501;Execução Fiscal;Secretaria de Saúde de Santa Clara;TechBrasil S.A.
P-01502;Execução Cível;Ricardo Almeida;Instituto Nacional de Energia Renovável
P-01503;Execução de título extrajudicial;Pedro Henrique Santos;Ricardo Almeida
P-01504;Ações hipotecárias;Ricardo Almeida;Maria Oliveira
P-01505;Execução de alimentos;Pedro Henrique Santos;Construtora Nova Era Ltda.
P-01506;Ações hipotecárias;Prefeitura Municipal de Nova Esperança;Secretaria de Saúde de Santa Clara
P-01507;Trabalhista;Maria Oliveira;AgroVale Ltda.
P-01508;Ações hipotecárias;Ana Paula Lima;Secretaria de Saúde de Santa Clara
P-01509;Execução de alimentos;Secretaria de Saúde de Santa Clara;AgroVale Ltda.
P-01510;Execução de título extrajudicial;Ana Paula Lima;GlobalTech Corp.
P-01511;Falência e Recuperação Judicial;Secretaria de Saúde de Santa Clara;Construtora Nova Era Ltda.
P-01512;Extinção de condomínio;Pedro Henrique Santos;GlobalTech Corp.
P-01513;Trabalhista;Maria Oliveira;Fernanda Costa
P-01514;Inventário e partilha;Oficina Mecânica do Zé;TechBrasil S.A.
P-01515;Execução de título extrajudicial;Prefeitura Municipal de Nova Esperança;GlobalTech Corp.
P-01516;Busca e apreensão;GlobalTech Corp.;Carlos Souza
P-01517;Execução de título extrajudicial;Carlos Souza;GlobalTech Corp.
P-01518;Execução de alimentos;Ricardo Almeida;Fernanda Costa
P-01519;Inventário e partilha;GlobalTech Corp.;Fernanda Costa
P-01520;Inventário e partilha;Carlos Souza;Carlos Souza
P-01521;Execução Fiscal;Estado de Santa Aurora;João da Silva
P-01522;Execução Cível;Pedro Henrique Santos;Construtora Nova Era Ltda.
P-01523;Trabalhista;Instituto Nacional de Energia Renovável;Ricardo Almeida
P-01524;Execução de alimentos;Fernanda Costa;Oficina Mecânica do Zé
P-01525;Trabalhista;Instituto Nacional de Energia Renovável;GlobalTech Corp.
P-01526;Falência e Recuperação Judicial;Secretaria de Saúde de Santa Clara;Prefeitura Municipal de Nova Esperança
P-01527;Execução de título extrajudicial;Estado de Santa Aurora;Prefeitura Municipal de Nova Esperança
P-01528;Inventário e partilha;Oficina Mecânica do Zé;Ricardo Almeida
P-01529;Execução Fiscal;Estado de Santa Aurora;João da Silva
P-01530;Execução de título extrajudicial;GlobalTech Corp.;Juliana Rocha
P-01531;Extinção de condomínio;Estado de Santa Aurora;Oficina Mecânica do Zé
P-01532;Extinção de condomínio;João da Silva;Carlos Souza
P-01533;Trabalhista;Construtora Nova Era Ltda.;Prefeitura Municipal de Nova Esperança
P-01534;Falência e Recuperação Judicial;Instituto Nacional de Energia Renovável;TechBrasil S.A.
P-01535;Execução Fiscal;Instituto Nacional de Energia Renovável;Carlos Souza
P-01536;Inventário e partilha;Secretaria de Saúde de Santa Clara;Instituto Nacional de Energia Renovável
P-01537;Falência e Recuperação Judicial;Estado de Santa Aurora;Juliana Rocha
P-01538;Execução Cível;Prefeitura Municipal de Nova Esperança;Pedro Henrique Santos
P-01539;Busca e apreensão;Estado de Santa Aurora;Estado de Santa Aurora
P-01540;Ações hipotecárias;Estado de Santa Aurora;Juliana Rocha
P-01541;Extinção de condomínio;Fernanda Costa;TechBrasil S.A.
P-01542;Execução de título extrajudicial;Secretaria de Saúde de Santa Clara;Estado de Santa Aurora
P-01543;Extinção de condomínio;Carlos Souza;Ricardo Almeida
P-01544;Falência e Recuperação Judicial;Instituto Nacional de Energia Renovável;João da Silva
P-01545;Extinção de condomínio;João da Silva;GlobalTech Corp.
P-01546;Execução Cível;Juliana Rocha;AgroVale Ltda.
P-01547;Execução de título extrajudicial;TechBrasil S.A.;GlobalTech Corp.
P-01548;Trabalhista;Oficina Mecânica do Zé;João da Silva
P-01549;Execução Fiscal;Secretaria de Saúde de Santa Clara;Fernanda Costa
P-01550;Extinção de condomínio;GlobalTech Corp.;GlobalTech Corp.
P-01551;Execução Fiscal;Estado de Santa Aurora;João da Silva
P-01552;Ações hipotecárias;Juliana Rocha;Fernanda Costa
P-01553;Execução Cível;Secretaria de Saúde de Santa Clara;Ricardo Almeida
P-01554;Inventário e partilha;Oficina Mecânica do Zé;Prefeitura Municipal de Nova Esperança
P-01555;Inventário e partilha;Juliana Rocha;Estado de Santa Aurora
P-01556;Execução Cível;Fernanda Costa;GlobalTech Corp.
P-01557;Extinção de condomínio;Instituto Nacional de Energia Renovável;Secretaria de Saúde de Santa Clara
P-01558;Extinção de condomínio;Oficina Mecânica do Zé;TechBrasil S.A.
P-01559;Execução Cível;Prefeitura Municipal de Nova Esperança;Pedro Henrique Santos
P-01560;Busca e apreensão;TechBrasil S.A.;Juliana Rocha
P-01561;Busca e apreensão;TechBrasil S.A.;Ricardo Almeida
P-01562;Execução Fiscal;Secretaria de Saúde de Santa Clara;Pedro Henrique Santos
P-01563;Trabalhista;Carlos Souza;Ana Paula Lima
P-01564;Execução de título extrajudicial;Juliana Rocha;Carlos Souza
P-01565;Extinção de condomínio;Construtora Nova Era Ltda.;Maria Oliveira
P-01566;Busca e apreensão;Fernanda Costa;Instituto Nacional de Energia Renovável
P-01567;Falência e Recuperação Judicial;Secretaria de Saúde de Santa Clara;Estado de Santa Aurora
P-01568;Inventário e partilha;GlobalTech Corp.;Construtora Nova Era Ltda.
P-01569;Extinção de condomínio;Fernanda Costa;João da Silva
P-01570;Busca e apreensão;GlobalTech Corp.;Juliana Rocha
P-01571;Execução de alimentos;Ricardo Almeida;João da Silva
P-01572;Execução Cível;Juliana Rocha;Maria Oliveira
P-01573;Trabalhista;GlobalTech Corp.;Estado de Santa Aurora
P-01574;Busca e apreensão;Maria Oliveira;Oficina Mecânica do Zé
P-01575;Trabalhista;Construtora Nova Era Ltda.;João da Silva
P-01576;Execução Cível;TechBrasil S.A.;Instituto Nacional de Energia Renovável
P-01577;Ações hipotecárias;TechBrasil S.A.;Carlos Souza
P-01578;Execução Cível;Instituto Nacional de Energia Renovável;Oficina Mecânica do Zé
P-01579;Execução Fiscal;Secretaria de Saúde de Santa Clara;Carlos Souza
P-01580;Execução Cível;Carlos Souza;Ana Paula Lima
P-01581;Trabalhista;João da Silva;Construtora Nova Era Ltda.
P-01582;Busca e apreensão;Fernanda Costa;João da Silva
P-01583;Execução de alimentos;João da Silva;Instituto Nacional de Energia Renovável
P-01584;Inventário e partilha;Estado de Santa Aurora;GlobalTech Corp.
P-01585;Execução Fiscal;Instituto Nacional de Energia Renovável;Juliana Rocha
P-01586;Busca e apreensão;João da Silva;João da Silva
P-01587;Execução Fiscal;Secretaria de Saúde de Santa Clara;Juliana Rocha
P-01588;Execução de alimentos;GlobalTech Corp.;Construtora Nova Era Ltda.
P-01589;Busca e apreensão;Juliana Rocha;Ana Paula Lima
P-01590;Execução Fiscal;Secretaria de Saúde de Santa Clara;Ricardo Almeida
P-01591;Falência e Recuperação Judicial;Estado de Santa Aurora;Instituto Nacional de Energia Renovável
P-01592;Falência e Recuperação Judicial;Estado de Santa Aurora;Estado de Santa Aurora
P-01593;Ações hipotecárias;Instituto Nacional de Energia Renovável;Secretaria de Saúde de Santa Clara
P-01594;Trabalhista;Maria Oliveira;Fernanda Costa
P-01595;Execução de alimentos;Prefeitura Municipal de Nova Esperança;Ricardo Almeida
P-01596;Extinção de condomínio;AgroVale Ltda.;Prefeitura Municipal de Nova Esperança
P-01597;Execução Fiscal;Secretaria de Saúde de Santa Clara;Maria Oliveira
P-01598;Busca e apreensão;GlobalTech Corp.;Ana Paula Lima
P-01599;Ações hipotecárias;Construtora Nova Era Ltda.;Secretaria de Saúde de Santa Clara
P-01600;Execução de título extrajudicial;João da Silva;Ricardo Almeida
P-01601;Ações hipotecárias;Oficina Mecânica do Zé;TechBrasil S.A.
P-01602;Falência e Recuperação Judicial;Instituto Nacional de Energia Renovável;GlobalTech Corp.
P-01603;Execução de título extrajudicial;TechBrasil S.A.;Juliana Rocha
P-01604;Inventário e partilha;Maria Oliveira;Oficina Mecânica do Zé
P-01605;Falência e Recuperação Judicial;Secretaria de Saúde de Santa Clara;Pedro Henrique Santos
P-01606;Execução de título extrajudicial;AgroVale Ltda.;Pedro Henrique Santos
P-01607;Busca e apreensão;Carlos Souza;Ana Paula Lima
P-01608;Falência e Recuperação Judicial;Prefeitura Municipal de Nova Esperança;Pedro Henrique Santos
P-01609;Execução de alimentos;Ana Paula Lima;Juliana Rocha
P-01610;Execução de título extrajudicial;João da Silva;Ana Paula Lima
P-01611;Falência e Recuperação Judicial;Instituto Nacional de Energia Renovável;Secretaria de Saúde de Santa Clara
P-01612;Inventário e partilha;Fernanda Costa;Instituto Nacional de Energia Renovável
P-01613;Trabalhista;Ricardo Almeida;Construtora Nova Era Ltda.
P-01614;Trabalhista;GlobalTech Corp.;Construtora Nova Era Ltda.
P-01615;Trabalhista;Instituto Nacional de Energia Renovável;Fernanda Costa
P-01616;Execução de título extrajudicial;Pedro Henrique Santos;Secretaria de Saúde de Santa Clara
P-01617;Extinção de condomínio;Estado de Santa Aurora;Pedro Henrique Santos
P-01618;Execução Cível;João da Silva;Secretaria de Saúde de Santa Clara
P-01619;Busca e apreensão;Juliana Rocha;Ricardo Almeida
P-01620;Inventário e partilha;Construtora Nova Era Ltda.;Secretaria de Saúde de Santa Clara
P-01621;Execução de título extrajudicial;Pedro Henrique Santos;Carlos Souza
P-01622;Execução Fiscal;Secretaria de Saúde de Santa Clara;AgroVale Ltda.
P-01623;Busca e apreensão;TechBrasil S.A.;Fernanda Costa
P-01624;Inventário e partilha;Pedro Henrique Santos;Estado de Santa Aurora
P-01625;Busca e apreensão;Oficina Mecânica do Zé;Construtora Nova Era Ltda.
P-01626;Execução Fiscal;Secretaria de Saúde de Santa Clara;Carlos Souza
P-01627;Trabalhista;Ricardo Almeida;Instituto Nacional de Energia Renovável
P-01628;Busca e apreensão;Estado de Santa Aurora;Estado de Santa Aurora
P-01629;Ações hipotecárias;Maria Oliveira;AgroVale Ltda.
P-01630;Execução Fiscal;Instituto Nacional de Energia Renovável;João da Silva
P-01631;Execução Fiscal;Prefeitura Municipal de Nova Esperança;Oficina Mecânica do Zé
P-01632;Falência e Recuperação Judicial;Prefeitura Municipal de Nova Esperança;Oficina Mecânica do Zé
P-01633;Falência e Recuperação Judicial;Estado de Santa Aurora;Ricardo Almeida
P-01634;Extinção de condomínio;GlobalTech Corp.;João da Silva
P-01635;Execução de título extrajudicial;Construtora Nova Era Ltda.;Carlos Souza
P-01636;Busca e apreensão;Pedro Henrique Santos;Ana Paula Lima
P-01637;Inventário e partilha;Ricardo Almeida;Pedro Henrique Santos
P-01638;Execução Fiscal;Instituto Nacional de Energia Renovável;Estado de Santa Aurora
P-01639;Trabalhista;João da Silva;Juliana Rocha
P-01640;Execução Fiscal;Instituto Nacional de Energia Renovável;AgroVale Ltda.
P-01641;Ações hipotecárias;TechBrasil S.A.;Secretaria de Saúde de Santa Clara
P-01642;Inventário e partilha;Ana Paula Lima;GlobalTech Corp.
P-01643;Execução Fiscal;Secretaria de Saúde de Santa Clara;Maria Oliveira
P-01644;Execução Cível;Construtora Nova Era Ltda.;Ricardo Almeida
P-01645;Falência e Recuperação Judicial;Prefeitura Municipal de Nova Esperança;Ana Paula Lima
P-01646;Trabalhista;João da Silva;Ricardo Almeida
P-01647;Busca e apreensão;Fernanda Costa;Secretaria de Saúde de Santa Clara
P-01648;Falência e Recuperação Judicial;Instituto Nacional de Energia Renovável;Estado de Santa Aurora
P-01649;Inventário e partilha;Pedro Henrique Santos;Oficina Mecânica do Zé
P-01650;Inventário e partilha;Instituto Nacional de Energia Renovável;Prefeitura Municipal de Nova Esperança
P-01651;Inventário e partilha;Oficina Mecânica do Zé;Construtora Nova Era Ltda.
P-01652;Busca e apreensão;TechBrasil S.A.;Pedro Henrique Santos
P-01653;Trabalhista;Instituto Nacional de Energia Renovável;João da Silva
P-01654;Extinção de condomínio;Fernanda Costa;AgroVale Ltda.
P-01655;Ações hipotecárias;TechBrasil S.A.;Ana Paula Lima
P-01656;Execução de título extrajudicial;João da Silva;João da Silva
P-01657;Trabalhista;Prefeitura Municipal de Nova Esperança;Estado de Santa Aurora
P-01658;Extinção de condomínio;Carlos Souza;Pedro Henrique Santos
P-01659;Execução de alimentos;João da Silva;TechBrasil S.A.
P-01660;Execução de alimentos;João da Silva;Prefeitura Municipal de Nova Esperança
P-01661;Trabalhista;Construtora Nova Era Ltda.;Juliana Rocha
P-01662;Falência e Recuperação Judicial;Estado de Santa Aurora;Construtora Nova Era Ltda.
P-01663;Extinção de condomínio;Construtora Nova Era Ltda.;Secretaria de Saúde de Santa Clara
P-01664;Inventário e partilha;Estado de Santa Aurora;Instituto Nacional de Energia Renovável
P-01665;Busca e apreensão;GlobalTech Corp.;Pedro Henrique Santos
P-01666;Inventário e partilha;Pedro Henrique Santos;Instituto Nacional de Energia Renovável
P-01667;Execução Fiscal;Estado de Santa Aurora;Maria Oliveira
P-01668;Trabalhista;Carlos Souza;GlobalTech Corp.
P-01669;Inventário e partilha;Maria Oliveira;Instituto Nacional de Energia Renovável
P-01670;Execução de título extrajudicial;GlobalTech Corp.;Ana Paula Lima
P-01671;Execução Fiscal;Instituto Nacional de Energia Renovável;Oficina Mecânica do Zé
P-01672;Execução de título extrajudicial;Construtora Nova Era Ltda.;GlobalTech Corp.
P-01673;Trabalhista;Fernanda Costa;Construtora Nova Era Ltda.
P-01674;Execução Fiscal;Prefeitura Municipal de Nova Esperança;Juliana Rocha
P-01675;Execução de alimentos;AgroVale Ltda.;Fernanda Costa
P-01676;Ações hipotecárias;Ana Paula Lima;Maria Oliveira
P-01677;Execução de título extrajudicial;Juliana Rocha;GlobalTech Corp.
P-01678;Execução Fiscal;Estado de Santa Aurora;AgroVale Ltda.
P-01679;Execução Cível;TechBrasil S.A.;Estado de Santa Aurora
P-01680;Execução de alimentos;Carlos Souza;AgroVale Ltda.
P-01681;Falência e Recuperação Judicial;Prefeitura Municipal de Nova Esperança;Ricardo Almeida
P-01682;Execução de alimentos;Maria Oliveira;Ricardo Almeida
P-01683;Inventário e partilha;Maria Oliveira;Fernanda Costa
P-01684;Ações hipotecárias;Construtora Nova Era Ltda.;Oficina Mecânica do Zé
P-01685;Busca e apreensão;Instituto Nacional de Energia Renovável;TechBrasil S.A.
P-01686;Execução Cível;Ana Paula Lima;Ana Paula Lima
P-01687;Extinção de condomínio;Ricardo Almeida;TechBrasil S.A.
P-01688;Execução Fiscal;Prefeitura Municipal de Nova Esperança;Fernanda Costa
P-01689;Execução Cível;Fernanda Costa;AgroVale Ltda.
P-01690;Inventário e partilha;Oficina Mecânica do Zé;TechBrasil S.A.
P-01691;Busca e apreensão;Juliana Rocha;Prefeitura Municipal de Nova Esperança
P-01692;Busca e apreensão;Oficina Mecânica do Zé;Pedro Henrique Santos
P-01693;Inventário e partilha;Maria Oliveira;Ana Paula Lima
P-01694;Ações hipotecárias;Juliana Rocha;Oficina Mecânica do Zé
P-01695;Falência e Recuperação Judicial;Secretaria de Saúde de Santa Clara;Instituto Nacional de Energia Renovável
P-01696;Execução de alimentos;Instituto Nacional de Energia Renovável;Carlos Souza
P-01697;Trabalhista;João da Silva;Instituto Nacional de Energia Renovável
P-01698;Execução Fiscal;Prefeitura Municipal de Nova Esperança;GlobalTech Corp.
P-01699;Execução Cível;Carlos Souza;Prefeitura Municipal de Nova Esperança
P-01700;Ações hipotecárias;Construtora Nova Era Ltda.;Ana Paula Lima
P-01701;Execução de alimentos;Oficina Mecânica do Zé;Fernanda Costa
P-01702;Extinção de condomínio;Ricardo Almeida;Prefeitura Municipal de Nova Esperança
P-01703;Trabalhista;Carlos Souza;Prefeitura Municipal de Nova Esperança
P-01704;Execução de título extrajudicial;Construtora Nova Era Ltda.;Fernanda Costa
P-01705;Trabalhista;Ricardo Almeida;Pedro Henrique Santos
P-01706;Execução Cível;Ricardo Almeida;Juliana Rocha
P-01707;Execução Cível;Estado de Santa Aurora;Estado de Santa Aurora
P-01708;Execução de alimentos;Juliana Rocha;GlobalTech Corp.
P-01709;Execução Fiscal;Estado de Santa Aurora;Construtora Nova Era Ltda.
P-01710;Execução Cível;João da Silva;Ricardo Almeida
P-01711;Execução Cível;TechBrasil S.A.;Ricardo Almeida
P-01712;Execução de título extrajudicial;Pedro Henrique Santos;Construtora Nova Era Ltda.
P-01713;Execução de alimentos;Pedro Henrique Santos;Oficina Mecânica do Zé
P-01714;Inventário e partilha;Oficina Mecânica do Zé;Pedro Henrique Santos
P-01715;Falência e Recuperação Judicial;Estado de Santa Aurora;Pedro Henrique Santos
P-01716;Falência e Recuperação Judicial;Instituto Nacional de Energia Renovável;Instituto Nacional de Energia Renovável
P-01717;Extinção de condomínio;Secretaria de Saúde de Santa Clara;Carlos Souza
P-01718;Ações hipotecárias;Carlos Souza;Carlos Souza
P-01719;Execução Cível;Oficina Mecânica do Zé;Fernanda Costa
P-01720;Trabalhista;Secretaria de Saúde de Santa Clara;AgroVale Ltda.
P-01721;Falência e Recuperação Judicial;Secretaria de Saúde de Santa Clara;Ricardo Almeida
P-01722;Busca e apreensão;Estado de Santa Aurora;AgroVale Ltda.
P-01723;Extinção de condomínio;AgroVale Ltda.;Carlos Souza
P-01724;Falência e Recuperação Judicial;Estado de Santa Aurora;Ana Paula Lima
P-01725;Trabalhista;João da Silva;GlobalTech Corp.
P-01726;Falência e Recuperação Judicial;Instituto Nacional de Energia Renovável;Juliana Rocha
P-01727;Execução de título extrajudicial;Fernanda Costa;Construtora Nova Era Ltda.
P-01728;Inventário e partilha;Secretaria de Saúde de Santa Clara;Prefeitura Municipal de Nova Esperança
P-01729;Execução Cível;AgroVale Ltda.;Ana Paula Lima
P-01730;Trabalhista;Ricardo Almeida;Fernanda Costa
P-01731;Execução Fiscal;Instituto Nacional de Energia Renovável;Construtora Nova Era Ltda.
P-01732;Ações hipotecárias;Instituto Nacional de Energia Renovável;Prefeitura Municipal de Nova Esperança
P-01733;Falência e Recuperação Judicial;Instituto Nacional de Energia Renovável;Prefeitura Municipal de Nova Esperança
P-01734;Execução Fiscal;Prefeitura Municipal de Nova Esperança;GlobalTech Corp.
P-01735;Inventário e partilha;Fernanda Costa;Maria Oliveira
P-01736;Trabalhista;Maria Oliveira;TechBrasil S.A.
P-01737;Execução de título extrajudicial;Carlos Souza;Oficina Mecânica do Zé
P-01738;Execução de título extrajudicial;TechBrasil S.A.;Maria Oliveira
P-01739;Extinção de condomínio;Oficina Mecânica do Zé;GlobalTech Corp.
P-01740;Extinção de condomínio;AgroVale Ltda.;Pedro Henrique Santos
P-01741;Execução Fiscal;Estado de Santa Aurora;Ricardo Almeida
P-01742;Execução de alimentos;Oficina Mecânica do Zé;Instituto Nacional de Energia Renovável
P-01743;Inventário e partilha;Maria Oliveira;Carlos Souza
P-01744;Execução Cível;GlobalTech Corp.;Estado de Santa Aurora
P-01745;Execução Fiscal;Instituto Nacional de Energia Renovável;Prefeitura Municipal de Nova Esperança
P-01746;Trabalhista;Pedro Henrique Santos;TechBrasil S.A.
P-01747;Execução de título extrajudicial;Fernanda Costa;João da Silva
P-01748;Ações hipotecárias;Ana Paula Lima;Prefeitura Municipal de Nova Esperança
P-01749;Inventário e partilha;Ana Paula Lima;Ana Paula Lima
P-01750;Inventário e partilha;Carlos Souza;Secretaria de Saúde de Santa Clara
P-01751;Extinção de condomínio;Secretaria de Saúde de Santa Clara;Estado de Santa Aurora
P-01752;Execução Fiscal;Instituto Nacional de Energia Renovável;Ana Paula Lima
P-01753;Inventário e partilha;Ricardo Almeida;Carlos Souza
P-01754;Execução de alimentos;Prefeitura Municipal de Nova Esperança;Construtora Nova Era Ltda.
P-01755;Busca e apreensão;Carlos Souza;Ricardo Almeida
P-01756;Execução de título extrajudicial;Pedro Henrique Santos;Ricardo Almeida
P-01757;Ações hipotecárias;Oficina Mecânica do Zé;Estado de Santa Aurora
P-01758;Busca e apreensão;GlobalTech Corp.;Pedro Henrique Santos
P-01759;Execução Cível;Pedro Henrique Santos;Fernanda Costa
P-01760;Execução de alimentos;Instituto Nacional de Energia Renovável;Oficina Mecânica do Zé
P-01761;Execução de alimentos;Estado de Santa Aurora;Maria Oliveira
P-01762;Execução de título extrajudicial;Instituto Nacional de Energia Renovável;Ana Paula Lima
P-01763;Execução Fiscal;Secretaria de Saúde de Santa Clara;Carlos Souza
P-01764;Falência e Recuperação Judicial;Prefeitura Municipal de Nova Esperança;Ana Paula Lima
P-01765;Ações hipotecárias;Pedro Henrique Santos;Fernanda Costa
P-01766;Falência e Recuperação Judicial;Secretaria de Saúde de Santa Clara;Construtora Nova Era Ltda.
P-01767;Execução Fiscal;Secretaria de Saúde de Santa Clara;Ana Paula Lima
P-01768;Execução de título extrajudicial;Estado de Santa Aurora;Prefeitura Municipal de Nova Esperança
P-01769;Execução de alimentos;Instituto Nacional de Energia Renovável;Ricardo Almeida
P-01770;Extinção de condomínio;João da Silva;Carlos Souza
P-01771;Execução de alimentos;Construtora Nova Era Ltda.;AgroVale Ltda.
P-01772;Inventário e partilha;Ricardo Almeida;Ana Paula Lima
P-01773;Execução Fiscal;Prefeitura Municipal de Nova Esperança;AgroVale Ltda.
P-01774;Execução Fiscal;Secretaria de Saúde de Santa Clara;João da Silva
P-01775;Execução Fiscal;Estado de Santa Aurora;Juliana Rocha
P-01776;Falência e Recuperação Judicial;Secretaria de Saúde de Santa Clara;Instituto Nacional de Energia Renovável
P-01777;Trabalhista;Ana Paula Lima;Prefeitura Municipal de Nova Esperança
P-01778;Inventário e partilha;Ana Paula Lima;Construtora Nova Era Ltda.
P-01779;Trabalhista;GlobalTech Corp.;João da Silva
P-01780;Extinção de condomínio;Construtora Nova Era Ltda.;Maria Oliveira
P-01781;Execução Cível;Ana Paula Lima;Secretaria de Saúde de Santa Clara
P-01782;Falência e Recuperação Judicial;Secretaria de Saúde de Santa Clara;Prefeitura Municipal de Nova Esperança
P-01783;Execução Cível;Prefeitura Municipal de Nova Esperança;Carlos Souza
P-01784;Inventário e partilha;Instituto Nacional de Energia Renovável;Ana Paula Lima
P-01785;Execução Fiscal;Instituto Nacional de Energia Renovável;Prefeitura Municipal de Nova Esperança
P-01786;Execução de título extrajudicial;Maria Oliveira;Prefeitura Municipal de Nova Esperança
P-01787;Execução de alimentos;Fernanda Costa;Maria Oliveira
P-01788;Inventário e partilha;AgroVale Ltda.;TechBrasil S.A.
P-01789;Extinção de condomínio;Carlos Souza;TechBrasil S.A.
P-01790;Inventário e partilha;Ana Paula Lima;Construtora Nova Era Ltda.
P-01791;Execução de título extrajudicial;Ana Paula Lima;Carlos Souza
P-01792;Execução de título extrajudicial;Ricardo Almeida;Carlos Souza
P-01793;Busca e apreensão;Construtora Nova Era Ltda.;Estado de Santa Aurora
P-01794;Busca e apreensão;Construtora Nova Era Ltda.;Oficina Mecânica do Zé
P-01795;Execução de alimentos;Pedro Henrique Santos;Construtora Nova Era Ltda.
P-01796;Execução de título extrajudicial;Construtora Nova Era Ltda.;Fernanda Costa
P-01797;Execução de título extrajudicial;Secretaria de Saúde de Santa Clara;Prefeitura Municipal de Nova Esperança
P-01798;Falência e Recuperação Judicial;Estado de Santa Aurora;Prefeitura Municipal de Nova Esperança
P-01799;Execução de título extrajudicial;Instituto Nacional de Energia Renovável;Ana Paula Lima
P-01800;Busca e apreensão;Fernanda Costa;Estado de Santa Aurora
P-01801;Execução de título extrajudicial;Juliana Rocha;Instituto Nacional de Energia Renovável
P-01802;Execução de alimentos;Prefeitura Municipal de Nova Esperança;Juliana Rocha
P-01803;Busca e apreensão;João da Silva;Oficina Mecânica do Zé
P-01804;Busca e apreensão;Ana Paula Lima;TechBrasil S.A.
P-01805;Busca e apreensão;Estado de Santa Aurora;João da Silva
P-01806;Trabalhista;Juliana Rocha;GlobalTech Corp.
P-01807;Extinção de condomínio;Ricardo Almeida;Instituto Nacional de Energia Renovável
P-01808;Execução de alimentos;Maria Oliveira;Oficina Mecânica do Zé
P-01809;Execução Cível;Secretaria de Saúde de Santa Clara;Estado de Santa Aurora
P-01810;Extinção de condomínio;Carlos Souza;Ricardo Almeida
P-01811;Extinção de condomínio;João da Silva;Ana Paula Lima
P-01812;Busca e apreensão;Oficina Mecânica do Zé;Construtora Nova Era Ltda.
P-01813;Inventário e partilha;Juliana Rocha;Ricardo Almeida
P-01814;Trabalhista;Estado de Santa Aurora;Oficina Mecânica do Zé
P-01815;Extinção de condomínio;AgroVale Ltda.;Estado de Santa Aurora
P-01816;Execução de título extrajudicial;TechBrasil S.A.;Secretaria de Saúde de Santa Clara
P-01817;Execução Cível;Ana Paula Lima;Juliana Rocha
P-01818;Inventário e partilha;Prefeitura Municipal de Nova Esperança;Construtora Nova Era Ltda.
P-01819;Execução Cível;TechBrasil S.A.;Ricardo Almeida
P-01820;Execução de alimentos;Ricardo Almeida;GlobalTech Corp.
P-01821;Inventário e partilha;Carlos Souza;Pedro Henrique Santos
P-01822;Execução Cível;Secretaria de Saúde de Santa Clara;Instituto Nacional de Energia Renovável
P-01823;Extinção de condomínio;Instituto Nacional de Energia Renovável;Ricardo Almeida
P-01824;Extinção de condomínio;Construtora Nova Era Ltda.;Fernanda Costa
P-01825;Execução de título extrajudicial;Maria Oliveira;Secretaria de Saúde de Santa Clara
P-01826;Execução de alimentos;Fernanda Costa;Estado de Santa Aurora
P-01827;Execução de alimentos;Construtora Nova Era Ltda.;Construtora Nova Era Ltda.
P-01828;Ações hipotecárias;Carlos Souza;Fernanda Costa
P-01829;Ações hipotecárias;Pedro Henrique Santos;TechBrasil S.A.
P-01830;Inventário e partilha;João da Silva;Secretaria de Saúde de Santa Clara
P-01831;Execução Cível;Secretaria de Saúde de Santa Clara;Instituto Nacional de Energia Renovável
P-01832;Ações hipotecárias;Maria Oliveira;Secretaria de Saúde de Santa Clara
P-01833;Ações hipotecárias;Fernanda Costa;Carlos Souza
P-01834;Ações hipotecárias;AgroVale Ltda.;AgroVale Ltda.
P-01835;Execução de alimentos;Juliana Rocha;Ana Paula Lima
P-01836;Ações hipotecárias;Juliana Rocha;Pedro Henrique Santos
P-01837;Execução de alimentos;João da Silva;Estado de Santa Aurora
P-01838;Busca e apreensão;Ana Paula Lima;Fernanda Costa
P-01839;Trabalhista;João da Silva;Estado de Santa Aurora
P-01840;Inventário e partilha;Prefeitura Municipal de Nova Esperança;GlobalTech Corp.
P-01841;Execução Fiscal;Instituto Nacional de Energia Renovável;Ricardo Almeida
P-01842;Execução Cível;João da Silva;TechBrasil S.A.
P-01843;Falência e Recuperação Judicial;Prefeitura Municipal de Nova Esperança;Prefeitura Municipal de Nova Esperança
P-01844;Execução Cível;GlobalTech Corp.;Oficina Mecânica do Zé
P-01845;Execução de título extrajudicial;Oficina Mecânica do Zé;Secretaria de Saúde de Santa Clara
P-01846;Execução Cível;Construtora Nova Era Ltda.;Construtora Nova Era Ltda.
P-01847;Extinção de condomínio;Construtora Nova Era Ltda.;Carlos Souza
P-01848;Busca e apreensão;Construtora Nova Era Ltda.;Ricardo Almeida
P-01849;Inventário e partilha;Secretaria de Saúde de Santa Clara;Pedro Henrique Santos
P-01850;Execução de alimentos;Fernanda Costa;Secretaria de Saúde de Santa Clara
P-01851;Execução Fiscal;Prefeitura Municipal de Nova Esperança;Pedro Henrique Santos
P-01852;Execução de título extrajudicial;Carlos Souza;Fernanda Costa
P-01853;Trabalhista;Fernanda Costa;Maria Oliveira
P-01854;Execução de alimentos;João da Silva;Estado de Santa Aurora
P-01855;Execução de alimentos;AgroVale Ltda.;Instituto Nacional de Energia Renovável
P-01856;Ações hipotecárias;GlobalTech Corp.;AgroVale Ltda.
P-01857;Execução Fiscal;Instituto Nacional de Energia Renovável;Ana Paula Lima
P-01858;Busca e apreensão;Construtora Nova Era Ltda.;Ana Paula Lima
P-01859;Execução Cível;Juliana Rocha;Instituto Nacional de Energia Renovável
P-01860;Ações hipotecárias;Construtora Nova Era Ltda.;Ana Paula Lima
P-01861;Ações hipotecárias;Instituto Nacional de Energia Renovável;TechBrasil S.A.
P-01862;Execução de título extrajudicial;Instituto Nacional de Energia Renovável;TechBrasil S.A.
P-01863;Execução Fiscal;Prefeitura Municipal de Nova Esperança;Secretaria de Saúde de Santa Clara
P-01864;Inventário e partilha;Maria Oliveira;Pedro Henrique Santos
P-01865;Execução Cível;Ana Paula Lima;Carlos Souza
P-01866;Execução Fiscal;Prefeitura Municipal de Nova Esperança;Secretaria de Saúde de Santa Clara
P-01867;Execução de título extrajudicial;Instituto Nacional de Energia Renovável;Juliana Rocha
P-01868;Extinção de condomínio;Construtora Nova Era Ltda.;João da Silva
P-01869;Execução Fiscal;Instituto Nacional de Energia Renovável;Prefeitura Municipal de Nova Esperança
P-01870;Busca e apreensão;João da Silva;Prefeitura Municipal de Nova Esperança
P-01871;Falência e Recuperação Judicial;Prefeitura Municipal de Nova Esperança;GlobalTech Corp.
P-01872;Falência e Recuperação Judicial;Secretaria de Saúde de Santa Clara;Carlos Souza
P-01873;Trabalhista;Oficina Mecânica do Zé;Ana Paula Lima
P-01874;Execução Cível;Construtora Nova Era Ltda.;Maria Oliveira
P-01875;Trabalhista;Secretaria de Saúde de Santa Clara;Construtora Nova Era Ltda.
P-01876;Execução Fiscal;Estado de Santa Aurora;Carlos Souza
P-01877;Falência e Recuperação Judicial;Estado de Santa Aurora;Pedro Henrique Santos
P-01878;Busca e apreensão;Estado de Santa Aurora;Secretaria de Saúde de Santa Clara
P-01879;Trabalhista;Fernanda Costa;Juliana Rocha
P-01880;Ações hipotecárias;Fernanda Costa;Prefeitura Municipal de Nova Esperança
P-01881;Ações hipotecárias;Oficina Mecânica do Zé;Juliana Rocha
P-01882;Busca e apreensão;Pedro Henrique Santos;Oficina Mecânica do Zé
P-01883;Execução de alimentos;Oficina Mecânica do Zé;Prefeitura Municipal de Nova Esperança
P-01884;Execução Fiscal;Estado de Santa Aurora;Carlos Souza
P-01885;Execução de alimentos;Secretaria de Saúde de Santa Clara;Prefeitura Municipal de Nova Esperança
P-01886;Ações hipotecárias;Ricardo Almeida;Maria Oliveira
P-01887;Execução Fiscal;Estado de Santa Aurora;Juliana Rocha
P-01888;Execução Cível;Ricardo Almeida;Juliana Rocha
P-01889;Execução Cível;Construtora Nova Era Ltda.;Ricardo Almeida
P-01890;Inventário e partilha;Carlos Souza;TechBrasil S.A.
P-01891;Execução Cível;TechBrasil S.A.;TechBrasil S.A.
P-01892;Ações hipotecárias;TechBrasil S.A.;Ana Paula Lima
P-01893;Inventário e partilha;TechBrasil S.A.;Carlos Souza
P-01894;Trabalhista;João da Silva;Pedro Henrique Santos
P-01895;Falência e Recuperação Judicial;Secretaria de Saúde de Santa Clara;Instituto Nacional de Energia Renovável
P-01896;Inventário e partilha;Juliana Rocha;Maria Oliveira
P-01897;Ações hipotecárias;Juliana Rocha;Juliana Rocha
P-01898;Execução de alimentos;Maria Oliveira;Oficina Mecânica do Zé
P-01899;Trabalhista;Carlos Souza;Maria Oliveira
P-01900;Execução Fiscal;Estado de Santa Aurora;AgroVale Ltda.
P-01901;Busca e apreensão;Pedro Henrique Santos;TechBrasil S.A.
P-01902;Falência e Recuperação Judicial;Instituto Nacional de Energia Renovável;GlobalTech Corp.
P-01903;Trabalhista;Construtora Nova Era Ltda.;Pedro Henrique Santos
P-01904;Execução Fiscal;Instituto Nacional de Energia Renovável;AgroVale Ltda.
P-01905;Execução de alimentos;Ana Paula Lima;Ana Paula Lima
P-01906;Inventário e partilha;GlobalTech Corp.;GlobalTech Corp.
P-01907;Busca e apreensão;Fernanda Costa;TechBrasil S.A.
P-01908;Execução de alimentos;Carlos Souza;Estado de Santa Aurora
P-01909;Execução de alimentos;Construtora Nova Era Ltda.;Instituto Nacional de Energia Renovável
P-01910;Ações hipotecárias;Juliana Rocha;Oficina Mecânica do Zé
P-01911;Execução Fiscal;Instituto Nacional de Energia Renovável;Pedro Henrique Santos
P-01912;Execução de alimentos;TechBrasil S.A.;Juliana Rocha
P-01913;Falência e Recuperação Judicial;Secretaria de Saúde de Santa Clara;Maria Oliveira
P-01914;Execução Cível;Oficina Mecânica do Zé;Estado de Santa Aurora
P-01915;Falência e Recuperação Judicial;Prefeitura Municipal de Nova Esperança;Estado de Santa Aurora
P-01916;Execução de título extrajudicial;Carlos Souza;Secretaria de Saúde de Santa Clara
P-01917;Extinção de condomínio;Maria Oliveira;Fernanda Costa
P-01918;Trabalhista;Ana Paula Lima;Oficina Mecânica do Zé
P-01919;Busca e apreensão;Secretaria de Saúde de Santa Clara;Juliana Rocha
P-01920;Busca e apreensão;GlobalTech Corp.;TechBrasil S.A.
P-01921;Execução de alimentos;Ricardo Almeida;AgroVale Ltda.
P-01922;Trabalhista;AgroVale Ltda.;Pedro Henrique Santos
P-01923;Execução Fiscal;Estado de Santa Aurora;Ricardo Almeida
P-01924;Trabalhista;Instituto Nacional de Energia Renovável;Pedro Henrique Santos
P-01925;Execução de título extrajudicial;Construtora Nova Era Ltda.;Estado de Santa Aurora
P-01926;Trabalhista;Oficina Mecânica do Zé;João da Silva
P-01927;Execução de título extrajudicial;Oficina Mecânica do Zé;Fernanda Costa
P-01928;Busca e apreensão;Ricardo Almeida;João da Silva
P-01929;Trabalhista;Ricardo Almeida;Oficina Mecânica do Zé
P-01930;Falência e Recuperação Judicial;Secretaria de Saúde de Santa Clara;Prefeitura Municipal de Nova Esperança
P-01931;Busca e apreensão;Ricardo Almeida;Ricardo Almeida
P-01932;Trabalhista;Juliana Rocha;Fernanda Costa
P-01933;Trabalhista;Construtora Nova Era Ltda.;Instituto Nacional de Energia Renovável
P-01934;Extinção de condomínio;Maria Oliveira;Carlos Souza
P-01935;Busca e apreensão;Oficina Mecânica do Zé;Juliana Rocha
P-01936;Execução Fiscal;Estado de Santa Aurora;Ana Paula Lima
P-01937;Execução Cível;Ricardo Almeida;Instituto Nacional de Energia Renovável
P-01938;Busca e apreensão;Oficina Mecânica do Zé;Fernanda Costa
P-01939;Extinção de condomínio;Secretaria de Saúde de Santa Clara;Maria Oliveira
P-01940;Falência e Recuperação Judicial;Secretaria de Saúde de Santa Clara;Pedro Henrique Santos
P-01941;Execução de alimentos;GlobalTech Corp.;Instituto Nacional de Energia Renovável
P-01942;Extinção de condomínio;Carlos Souza;Ana Paula Lima
P-01943;Execução Cível;Juliana Rocha;AgroVale Ltda.
P-01944;Execução de alimentos;João da Silva;AgroVale Ltda.
P-01945;Inventário e partilha;Construtora Nova Era Ltda.;Juliana Rocha
P-01946;Falência e Recuperação Judicial;Estado de Santa Aurora;AgroVale Ltda.
P-01947;Extinção de condomínio;Instituto Nacional de Energia Renovável;AgroVale Ltda.
P-01948;Busca e apreensão;Oficina Mecânica do Zé;Fernanda Costa
P-01949;Execução Cível;Instituto Nacional de Energia Renovável;GlobalTech Corp.
P-01950;Execução Cível;TechBrasil S.A.;Oficina Mecânica do Zé
P-01951;Inventário e partilha;Carlos Souza;Maria Oliveira
P-01952;Execução Fiscal;Instituto Nacional de Energia Renovável;AgroVale Ltda.
P-01953;Inventário e partilha;Pedro Henrique Santos;Oficina Mecânica do Zé
P-01954;Extinção de condomínio;Estado de Santa Aurora;Ana Paula Lima
P-01955;Extinção de condomínio;Carlos Souza;Oficina Mecânica do Zé
P-01956;Execução Cível;Instituto Nacional de Energia Renovável;GlobalTech Corp.
P-01957;Execução de título extrajudicial;Prefeitura Municipal de Nova Esperança;Pedro Henrique Santos
P-01958;Execução Cível;GlobalTech Corp.;Prefeitura Municipal de Nova Esperança
P-01959;Falência e Recuperação Judicial;Instituto Nacional de Energia Renovável;Prefeitura Municipal de Nova Esperança
P-01960;Extinção de condomínio;Maria Oliveira;GlobalTech Corp.
P-01961;Inventário e partilha;Pedro Henrique Santos;GlobalTech Corp.
P-01962;Ações hipotecárias;Estado de Santa Aurora;João da Silva
P-01963;Execução Fiscal;Secretaria de Saúde de Santa Clara;Fernanda Costa
P-01964;Execução de título extrajudicial;Juliana Rocha;Juliana Rocha
P-01965;Execução de alimentos;Juliana Rocha;Pedro Henrique Santos
P-01966;Busca e apreensão;Maria Oliveira;TechBrasil S.A.
P-01967;Execução Cível;Oficina Mecânica do Zé;Pedro Henrique Santos
P-01968;Busca e apreensão;GlobalTech Corp.;TechBrasil S.A.
P-01969;Execução Fiscal;Secretaria de Saúde de Santa Clara;Estado de Santa Aurora
P-01970;Ações hipotecárias;Carlos Souza;Carlos Souza
P-01971;Execução Cível;João da Silva;Instituto Nacional de Energia Renovável
P-01972;Extinção de condomínio;Ana Paula Lima;Construtora Nova Era Ltda.
P-01973;Trabalhista;Maria Oliveira;Prefeitura Municipal de Nova Esperança
P-01974;Busca e apreensão;Maria Oliveira;Juliana Rocha
P-01975;Trabalhista;Juliana Rocha;TechBrasil S.A.
P-01976;Trabalhista;Ricardo Almeida;Ricardo Almeida
P-01977;Inventário e partilha;Carlos Souza;Oficina Mecânica do Zé
P-01978;Inventário e partilha;Carlos Souza;AgroVale Ltda.
P-01979;Execução Cível;Maria Oliveira;Ricardo Almeida
P-01980;Trabalhista;Secretaria de Saúde de Santa Clara;Ricardo Almeida
P-01981;Execução Fiscal;Secretaria de Saúde de Santa Clara;João da Silva
P-01982;Execução de alimentos;Oficina Mecânica do Zé;AgroVale Ltda.
P-01983;Execução Fiscal;Prefeitura Municipal de Nova Esperança;Secretaria de Saúde de Santa Clara
P-01984;Ações hipotecárias;João da Silva;Secretaria de Saúde de Santa Clara
P-01985;Busca e apreensão;Estado de Santa Aurora;Maria Oliveira
P-01986;Extinção de condomínio;Estado de Santa Aurora;Secretaria de Saúde de Santa Clara
P-01987;Trabalhista;Secretaria de Saúde de Santa Clara;Oficina Mecânica do Zé
P-01988;Execução Fiscal;Secretaria de Saúde de Santa Clara;Construtora Nova Era Ltda.
P-01989;Busca e apreensão;Construtora Nova Era Ltda.;Juliana Rocha
P-01990;Ações hipotecárias;Secretaria de Saúde de Santa Clara;Fernanda Costa
P-01991;Execução Cível;Pedro Henrique Santos;Secretaria de Saúde de Santa Clara
P-01992;Ações hipotecárias;Fernanda Costa;João da Silva
P-01993;Execução Cível;Fernanda Costa;João da Silva
P-01994;Ações hipotecárias;AgroVale Ltda.;Maria Oliveira
P-01995;Extinção de condomínio;TechBrasil S.A.;AgroVale Ltda.
P-01996;Ações hipotecárias;Instituto Nacional de Energia Renovável;TechBrasil S.A.
P-01997;Execução de alimentos;Oficina Mecânica do Zé;Maria Oliveira
P-01998;Execução Fiscal;Estado de Santa Aurora;Instituto Nacional de Energia Renovável
P-01999;Trabalhista;Construtora Nova Era Ltda.;Prefeitura Municipal de Nova Esperança
P-02000;Execução de alimentos;Oficina Mecânica do Zé;Carlos Souza
P-02001;Execução Fiscal;Prefeitura Municipal de Nova Esperança;Construtora Nova Era Ltda.
P-02002;Trabalhista;Estado de Santa Aurora;AgroVale Ltda.
P-02003;Execução de alimentos;Maria Oliveira;Ricardo Almeida
P-02004;Inventário e partilha;Maria Oliveira;Ana Paula Lima
P-02005;Inventário e partilha;Prefeitura Municipal de Nova Esperança;GlobalTech Corp.
P-02006;Execução de título extrajudicial;Estado de Santa Aurora;Maria Oliveira
P-02007;Busca e apreensão;Ricardo Almeida;Fernanda Costa
P-02008;Ações hipotecárias;Ricardo Almeida;Pedro Henrique Santos
P-02009;Busca e apreensão;Ana Paula Lima;Ana Paula Lima
P-02010;Extinção de condomínio;Instituto Nacional de Energia Renovável;Maria Oliveira
P-02011;Trabalhista;João da Silva;TechBrasil S.A.
P-02012;Execução de alimentos;Secretaria de Saúde de Santa Clara;GlobalTech Corp.
P-02013;Extinção de condomínio;Ana Paula Lima;Carlos Souza
P-02014;Busca e apreensão;Pedro Henrique Santos;Instituto Nacional de Energia Renovável
P-02015;Falência e Recuperação Judicial;Prefeitura Municipal de Nova Esperança;Pedro Henrique Santos
P-02016;Busca e apreensão;Fernanda Costa;Oficina Mecânica do Zé
P-02017;Execução de título extrajudicial;Estado de Santa Aurora;Oficina Mecânica do Zé
P-02018;Extinção de condomínio;Pedro Henrique Santos;Pedro Henrique Santos
P-02019;Falência e Recuperação Judicial;Secretaria de Saúde de Santa Clara;Maria Oliveira
P-02020;Inventário e partilha;TechBrasil S.A.;Construtora Nova Era Ltda.
P-02021;Busca e apreensão;Instituto Nacional de Energia Renovável;Maria Oliveira
P-02022;Extinção de condomínio;Fernanda Costa;Instituto Nacional de Energia Renovável
P-02023;Execução Fiscal;Instituto Nacional de Energia Renovável;Estado de Santa Aurora
P-02024;Busca e apreensão;Instituto Nacional de Energia Renovável;Maria Oliveira
P-02025;Ações hipotecárias;Ricardo Almeida;Ana Paula Lima
P-02026;Falência e Recuperação Judicial;Instituto Nacional de Energia Renovável;Oficina Mecânica do Zé
P-02027;Execução de alimentos;Carlos Souza;Ana Paula Lima
P-02028;Falência e Recuperação Judicial;Secretaria de Saúde de Santa Clara;Maria Oliveira
P-02029;Trabalhista;AgroVale Ltda.;Construtora Nova Era Ltda.
P-02030;Busca e apreensão;Estado de Santa Aurora;Carlos Souza
P-02031;Execução Cível;Maria Oliveira;Oficina Mecânica do Zé
P-02032;Execução de título extrajudicial;Prefeitura Municipal de Nova Esperança;Construtora Nova Era Ltda.
P-02033;Execução de alimentos;Secretaria de Saúde de Santa Clara;TechBrasil S.A.
P-02034;Falência e Recuperação Judicial;Prefeitura Municipal de Nova Esperança;Oficina Mecânica do Zé
P-02035;Busca e apreensão;Oficina Mecânica do Zé;Construtora Nova Era Ltda.
P-02036;Execução Cível;Maria Oliveira;Carlos Souza
P-02037;Ações hipotecárias;GlobalTech Corp.;Juliana Rocha
P-02038;Extinção de condomínio;Construtora Nova Era Ltda.;Prefeitura Municipal de Nova Esperança
P-02039;Trabalhista;Pedro Henrique Santos;Oficina Mecânica do Zé
P-02040;Busca e apreensão;Juliana Rocha;Estado de Santa Aurora
P-02041;Execução de título extrajudicial;Construtora Nova Era Ltda.;Ana Paula Lima
P-02042;Inventário e partilha;Ricardo Almeida;Estado de Santa Aurora
P-02043;Ações hipotecárias;Juliana Rocha;Secretaria de Saúde de Santa Clara
P-02044;Inventário e partilha;Carlos Souza;Juliana Rocha
P-02045;Extinção de condomínio;Pedro Henrique Santos;Secretaria de Saúde de Santa Clara
P-02046;Falência e Recuperação Judicial;Secretaria de Saúde de Santa Clara;Juliana Rocha
P-02047;Trabalhista;Secretaria de Saúde de Santa Clara;Maria Oliveira
P-02048;Execução Cível;AgroVale Ltda.;Fernanda Costa
P-02049;Inventário e partilha;Construtora Nova Era Ltda.;Carlos Souza
P-02050;Busca e apreensão;Carlos Souza;Instituto Nacional de Energia Renovável
P-02051;Execução de título extrajudicial;Carlos Souza;Juliana Rocha
P-02052;Inventário e partilha;Estado de Santa Aurora;Maria Oliveira
P-02053;Execução de alimentos;TechBrasil S.A.;Secretaria de Saúde de Santa Clara
P-02054;Execução de título extrajudicial;Secretaria de Saúde de Santa Clara;Maria Oliveira
P-02055;Ações hipotecárias;Estado de Santa Aurora;Secretaria de Saúde de Santa Clara
P-02056;Falência e Recuperação Judicial;Secretaria de Saúde de Santa Clara;Pedro Henrique Santos
P-02057;Falência e Recuperação Judicial;Prefeitura Municipal de Nova Esperança;João da Silva
P-02058;Trabalhista;João da Silva;Ricardo Almeida
P-02059;Inventário e partilha;Ricardo Almeida;Construtora Nova Era Ltda.
P-02060;Inventário e partilha;Instituto Nacional de Energia Renovável;Instituto Nacional de Energia Renovável
P-02061;Execução de título extrajudicial;João da Silva;Pedro Henrique Santos
P-02062;Ações hipotecárias;AgroVale Ltda.;Secretaria de Saúde de Santa Clara
P-02063;Trabalhista;Ricardo Almeida;Oficina Mecânica do Zé
P-02064;Execução de alimentos;GlobalTech Corp.;Ana Paula Lima
P-02065;Execução Fiscal;Estado de Santa Aurora;Secretaria de Saúde de Santa Clara
P-02066;Execução de título extrajudicial;João da Silva;Ana Paula Lima
P-02067;Trabalhista;Maria Oliveira;Construtora Nova Era Ltda.
P-02068;Trabalhista;Carlos Souza;João da Silva
P-02069;Execução Fiscal;Instituto Nacional de Energia Renovável;Maria Oliveira
P-02070;Inventário e partilha;Carlos Souza;Maria Oliveira
P-02071;Trabalhista;Oficina Mecânica do Zé;Prefeitura Municipal de Nova Esperança
P-02072;Extinção de condomínio;Ricardo Almeida;Carlos Souza
P-02073;Execução de alimentos;Ricardo Almeida;João da Silva
P-02074;Inventário e partilha;Estado de Santa Aurora;GlobalTech Corp.
P-02075;Execução de título extrajudicial;Maria Oliveira;Estado de Santa Aurora
P-02076;Ações hipotecárias;AgroVale Ltda.;TechBrasil S.A.
P-02077;Ações hipotecárias;Secretaria de Saúde de Santa Clara;Maria Oliveira
P-02078;Execução de alimentos;Instituto Nacional de Energia Renovável;Oficina Mecânica do Zé
P-02079;Execução Fiscal;Instituto Nacional de Energia Renovável;Carlos Souza
P-02080;Ações hipotecárias;Instituto Nacional de Energia Renovável;GlobalTech Corp.
P-02081;Falência e Recuperação Judicial;Instituto Nacional de Energia Renovável;Oficina Mecânica do Zé
P-02082;Inventário e partilha;Instituto Nacional de Energia Renovável;Instituto Nacional de Energia Renovável
P-02083;Execução de alimentos;Ricardo Almeida;GlobalTech Corp.
P-02084;Execução Cível;Prefeitura Municipal de Nova Esperança;Fernanda Costa
P-02085;Extinção de condomínio;Carlos Souza;Oficina Mecânica do Zé
P-02086;Trabalhista;Carlos Souza;Fernanda Costa
P-02087;Falência e Recuperação Judicial;Secretaria de Saúde de Santa Clara;Carlos Souza
P-02088;Extinção de condomínio;Oficina Mecânica do Zé;Maria Oliveira
P-02089;Ações hipotecárias;Secretaria de Saúde de Santa Clara;Pedro Henrique Santos
P-02090;Extinção de condomínio;Estado de Santa Aurora;GlobalTech Corp.
P-02091;Busca e apreensão;Instituto Nacional de Energia Renovável;Secretaria de Saúde de Santa Clara
P-02092;Execução de alimentos;AgroVale Ltda.;TechBrasil S.A.
P-02093;Execução de alimentos;Ana Paula Lima;Carlos Souza
P-02094;Execução Cível;Estado de Santa Aurora;Fernanda Costa
P-02095;Busca e apreensão;Pedro Henrique Santos;Construtora Nova Era Ltda.
P-02096;Execução de título extrajudicial;Juliana Rocha;GlobalTech Corp.
P-02097;Execução de título extrajudicial;Instituto Nacional de Energia Renovável;Pedro Henrique Santos
P-02098;Ações hipotecárias;Ana Paula Lima;Juliana Rocha
P-02099;Execução Cível;Maria Oliveira;Ricardo Almeida
P-02100;Falência e Recuperação Judicial;Secretaria de Saúde de Santa Clara;João da Silva
P-02101;Execução de alimentos;Fernanda Costa;Ricardo Almeida
P-02102;Execução de alimentos;Oficina Mecânica do Zé;Estado de Santa Aurora
P-02103;Extinção de condomínio;Fernanda Costa;João da Silva
P-02104;Trabalhista;Carlos Souza;AgroVale Ltda.
P-02105;Execução Cível;Pedro Henrique Santos;Ana Paula Lima
P-02106;Trabalhista;João da Silva;João da Silva
P-02107;Busca e apreensão;Construtora Nova Era Ltda.;Instituto Nacional de Energia Renovável
P-02108;Extinção de condomínio;Estado de Santa Aurora;Ricardo Almeida
P-02109;Ações hipotecárias;AgroVale Ltda.;Construtora Nova Era Ltda.
P-02110;Falência e Recuperação Judicial;Instituto Nacional de Energia Renovável;Ricardo Almeida
P-02111;Execução Cível;Carlos Souza;Oficina Mecânica do Zé
P-02112;Trabalhista;Instituto Nacional de Energia Renovável;Pedro Henrique Santos
P-02113;Inventário e partilha;AgroVale Ltda.;Juliana Rocha
P-02114;Execução Fiscal;Secretaria de Saúde de Santa Clara;Secretaria de Saúde de Santa Clara
P-02115;Execução Fiscal;Instituto Nacional de Energia Renovável;Fernanda Costa
P-02116;Execução de título extrajudicial;Construtora Nova Era Ltda.;Estado de Santa Aurora
P-02117;Execução de alimentos;AgroVale Ltda.;AgroVale Ltda.
P-02118;Busca e apreensão;Carlos Souza;Maria Oliveira
P-02119;Extinção de condomínio;GlobalTech Corp.;Secretaria de Saúde de Santa Clara
P-02120;Ações hipotecárias;Fernanda Costa;Construtora Nova Era Ltda.
P-02121;Trabalhista;Juliana Rocha;Construtora Nova Era Ltda.
P-02122;Execução Cível;João da Silva;Oficina Mecânica do Zé
P-02123;Falência e Recuperação Judicial;Estado de Santa Aurora;Oficina Mecânica do Zé
P-02124;Trabalhista;Juliana Rocha;Ana Paula Lima
P-02125;Falência e Recuperação Judicial;Secretaria de Saúde de Santa Clara;Secretaria de Saúde de Santa Clara
P-02126;Execução Cível;Fernanda Costa;Juliana Rocha
P-02127;Trabalhista;Juliana Rocha;Fernanda Costa
P-02128;Ações hipotecárias;AgroVale Ltda.;Fernanda Costa
P-02129;Execução Cível;Carlos Souza;TechBrasil S.A.
P-02130;Inventário e partilha;Fernanda Costa;Maria Oliveira
P-02131;Execução de título extrajudicial;Oficina Mecânica do Zé;Oficina Mecânica do Zé
P-02132;Execução Cível;Ricardo Almeida;Ana Paula Lima
P-02133;Execução Cível;Secretaria de Saúde de Santa Clara;Oficina Mecânica do Zé
P-02134;Falência e Recuperação Judicial;Prefeitura Municipal de Nova Esperança;AgroVale Ltda.
P-02135;Trabalhista;AgroVale Ltda.;Secretaria de Saúde de Santa Clara
P-02136;Inventário e partilha;Fernanda Costa;AgroVale Ltda.
P-02137;Execução Fiscal;Prefeitura Municipal de Nova Esperança;Pedro Henrique Santos
P-02138;Falência e Recuperação Judicial;Prefeitura Municipal de Nova Esperança;Maria Oliveira
P-02139;Execução de alimentos;Ricardo Almeida;Maria Oliveira
P-02140;Ações hipotecárias;Fernanda Costa;Fernanda Costa
P-02141;Execução Cível;Carlos Souza;Fernanda Costa
P-02142;Extinção de condomínio;Estado de Santa Aurora;Fernanda Costa
P-02143;Execução Fiscal;Estado de Santa Aurora;Fernanda Costa
P-02144;Busca e apreensão;Oficina Mecânica do Zé;Maria Oliveira
P-02145;Trabalhista;Oficina Mecânica do Zé;Instituto Nacional de Energia Renovável
P-02146;Execução de título extrajudicial;Construtora Nova Era Ltda.;João da Silva
P-02147;Execução Cível;Oficina Mecânica do Zé;TechBrasil S.A.
P-02148;Busca e apreensão;Instituto Nacional de Energia Renovável;TechBrasil S.A.
P-02149;Trabalhista;GlobalTech Corp.;Juliana Rocha
P-02150;Falência e Recuperação Judicial;Estado de Santa Aurora;Ana Paula Lima
P-02151;Inventário e partilha;Pedro Henrique Santos;Construtora Nova Era Ltda.
P-02152;Trabalhista;AgroVale Ltda.;Maria Oliveira
P-02153;Execução de título extrajudicial;Maria Oliveira;Pedro Henrique Santos
P-02154;Busca e apreensão;Juliana Rocha;Construtora Nova Era Ltda.
P-02155;Ações hipotecárias;GlobalTech Corp.;Pedro Henrique Santos
P-02156;Ações hipotecárias;Instituto Nacional de Energia Renovável;Pedro Henrique Santos
P-02157;Falência e Recuperação Judicial;Secretaria de Saúde de Santa Clara;GlobalTech Corp.
P-02158;Execução Fiscal;Instituto Nacional de Energia Renovável;Fernanda Costa
P-02159;Execução de alimentos;TechBrasil S.A.;Pedro Henrique Santos
P-02160;Busca e apreensão;GlobalTech Corp.;Prefeitura Municipal de Nova Esperança
P-02161;Execução Fiscal;Estado de Santa Aurora;João da Silva
P-02162;Ações hipotecárias;GlobalTech Corp.;Carlos Souza
P-02163;Ações hipotecárias;Secretaria de Saúde de Santa Clara;Pedro Henrique Santos
P-02164;Falência e Recuperação Judicial;Instituto Nacional de Energia Renovável;AgroVale Ltda.
P-02165;Extinção de condomínio;Oficina Mecânica do Zé;Secretaria de Saúde de Santa Clara
P-02166;Falência e Recuperação Judicial;Instituto Nacional de Energia Renovável;Carlos Souza
P-02167;Trabalhista;João da Silva;GlobalTech Corp.
P-02168;Falência e Recuperação Judicial;Secretaria de Saúde de Santa Clara;Prefeitura Municipal de Nova Esperança
P-02169;Execução Fiscal;Estado de Santa Aurora;AgroVale Ltda.
P-02170;Execução de alimentos;João da Silva;Juliana Rocha
P-02171;Extinção de condomínio;TechBrasil S.A.;Juliana Rocha
P-02172;Busca e apreensão;GlobalTech Corp.;Carlos Souza
P-02173;Falência e Recuperação Judicial;Estado de Santa Aurora;Maria Oliveira
P-02174;Execução de alimentos;Fernanda Costa;Construtora Nova Era Ltda.
P-02175;Busca e apreensão;Construtora Nova Era Ltda.;Construtora Nova Era Ltda.
P-02176;Execução de título extrajudicial;Oficina Mecânica do Zé;GlobalTech Corp.
P-02177;Execução de título extrajudicial;Juliana Rocha;TechBrasil S.A.
P-02178;Extinção de condomínio;Fernanda Costa;Pedro Henrique Santos
P-02179;Ações hipotecárias;Carlos Souza;TechBrasil S.A.
P-02180;Extinção de condomínio;Pedro Henrique Santos;AgroVale Ltda.
P-02181;Execução de título extrajudicial;Pedro Henrique Santos;Maria Oliveira
P-02182;Ações hipotecárias;Maria Oliveira;João da Silva
P-02183;Execução de alimentos;GlobalTech Corp.;João da Silva
P-02184;Extinção de condomínio;GlobalTech Corp.;João da Silva
P-02185;Execução Cível;Carlos Souza;Secretaria de Saúde de Santa Clara
P-02186;Extinção de condomínio;Pedro Henrique Santos;Fernanda Costa
P-02187;Execução Cível;Construtora Nova Era Ltda.;Oficina Mecânica do Zé
P-02188;Execução de título extrajudicial;Estado de Santa Aurora;Maria Oliveira
P-02189;Execução Fiscal;Estado de Santa Aurora;João da Silva
P-02190;Inventário e partilha;GlobalTech Corp.;Carlos Souza
P-02191;Inventário e partilha;AgroVale Ltda.;Instituto Nacional de Energia Renovável
P-02192;Execução Fiscal;Instituto Nacional de Energia Renovável;Maria Oliveira
P-02193;Execução de alimentos;GlobalTech Corp.;Secretaria de Saúde de Santa Clara
P-02194;Extinção de condomínio;Estado de Santa Aurora;GlobalTech Corp.
P-02195;Execução de alimentos;AgroVale Ltda.;Ricardo Almeida
P-02196;Ações hipotecárias;Secretaria de Saúde de Santa Clara;Ricardo Almeida
P-02197;Ações hipotecárias;Construtora Nova Era Ltda.;João da Silva
P-02198;Execução Fiscal;Estado de Santa Aurora;Ricardo Almeida
P-02199;Execução de alimentos;Instituto Nacional de Energia Renovável;GlobalTech Corp.
P-02200;Falência e Recuperação Judicial;Secretaria de Saúde de Santa Clara;AgroVale Ltda.
P-02201;Execução de título extrajudicial;Fernanda Costa;Oficina Mecânica do Zé
P-02202;Execução Fiscal;Secretaria de Saúde de Santa Clara;Fernanda Costa
P-02203;Falência e Recuperação Judicial;Estado de Santa Aurora;GlobalTech Corp.
P-02204;Execução Cível;Maria Oliveira;Secretaria de Saúde de Santa Clara
P-02205;Execução de alimentos;Ana Paula Lima;Carlos Souza
P-02206;Busca e apreensão;GlobalTech Corp.;Juliana Rocha
P-02207;Falência e Recuperação Judicial;Prefeitura Municipal de Nova Esperança;Carlos Souza
P-02208;Extinção de condomínio;Pedro Henrique Santos;GlobalTech Corp.
P-02209;Falência e Recuperação Judicial;Estado de Santa Aurora;Construtora Nova Era Ltda.
P-02210;Busca e apreensão;Fernanda Costa;Fernanda Costa
P-02211;Execução Fiscal;Instituto Nacional de Energia Renovável;Juliana Rocha
P-02212;Inventário e partilha;AgroVale Ltda.;Secretaria de Saúde de Santa Clara
P-02213;Busca e apreensão;Oficina Mecânica do Zé;Maria Oliveira
P-02214;Execução de alimentos;Pedro Henrique Santos;Juliana Rocha
P-02215;Execução Fiscal;Instituto Nacional de Energia Renovável;AgroVale Ltda.
P-02216;Inventário e partilha;Oficina Mecânica do Zé;Prefeitura Municipal de Nova Esperança
P-02217;Ações hipotecárias;GlobalTech Corp.;Ricardo Almeida
P-02218;Ações hipotecárias;Pedro Henrique Santos;Carlos Souza
P-02219;Inventário e partilha;Maria Oliveira;Fernanda Costa
P-02220;Execução de título extrajudicial;Instituto Nacional de Energia Renovável;Instituto Nacional de Energia Renovável
P-02221;Falência e Recuperação Judicial;Secretaria de Saúde de Santa Clara;Fernanda Costa
P-02222;Execução de alimentos;GlobalTech Corp.;Maria Oliveira
P-02223;Execução de alimentos;Prefeitura Municipal de Nova Esperança;Ricardo Almeida
P-02224;Extinção de condomínio;Maria Oliveira;Maria Oliveira
P-02225;Extinção de condomínio;Juliana Rocha;Maria Oliveira
P-02226;Inventário e partilha;João da Silva;Ricardo Almeida
P-02227;Inventário e partilha;TechBrasil S.A.;Estado de Santa Aurora
P-02228;Execução Fiscal;Instituto Nacional de Energia Renovável;Oficina Mecânica do Zé
P-02229;Execução de título extrajudicial;Construtora Nova Era Ltda.;Juliana Rocha
P-02230;Execução de título extrajudicial;Prefeitura Municipal de Nova Esperança;AgroVale Ltda.
P-02231;Ações hipotecárias;Fernanda Costa;Fernanda Costa
P-02232;Execução de alimentos;AgroVale Ltda.;GlobalTech Corp.
P-02233;Busca e apreensão;Ricardo Almeida;Secretaria de Saúde de Santa Clara
P-02234;Extinção de condomínio;João da Silva;Construtora Nova Era Ltda.
P-02235;Busca e apreensão;TechBrasil S.A.;Fernanda Costa
P-02236;Trabalhista;Prefeitura Municipal de Nova Esperança;Juliana Rocha
P-02237;Execução Cível;Prefeitura Municipal de Nova Esperança;GlobalTech Corp.
P-02238;Execução Fiscal;Instituto Nacional de Energia Renovável;Instituto Nacional de Energia Renovável
P-02239;Busca e apreensão;Fernanda Costa;Secretaria de Saúde de Santa Clara
P-02240;Execução de título extrajudicial;João da Silva;TechBrasil S.A.
P-02241;Execução de título extrajudicial;GlobalTech Corp.;Juliana Rocha
P-02242;Execução de título extrajudicial;TechBrasil S.A.;Juliana Rocha
P-02243;Execução de título extrajudicial;Construtora Nova Era Ltda.;AgroVale Ltda.
P-02244;Execução Fiscal;Estado de Santa Aurora;TechBrasil S.A.
P-02245;Ações hipotecárias;Ricardo Almeida;Prefeitura Municipal de Nova Esperança
P-02246;Ações hipotecárias;Maria Oliveira;Maria Oliveira
P-02247;Inventário e partilha;João da Silva;Maria Oliveira
P-02248;Execução Fiscal;Instituto Nacional de Energia Renovável;Maria Oliveira
P-02249;Execução Fiscal;Estado de Santa Aurora;Maria Oliveira
P-02250;Execução Fiscal;Secretaria de Saúde de Santa Clara;Prefeitura Municipal de Nova Esperança
P-02251;Inventário e partilha;Ricardo Almeida;Construtora Nova Era Ltda.
P-02252;Busca e apreensão;Maria Oliveira;GlobalTech Corp.
P-02253;Inventário e partilha;Maria Oliveira;Pedro Henrique Santos
P-02254;Busca e apreensão;Carlos Souza;João da Silva
P-02255;Extinção de condomínio;Fernanda Costa;Ricardo Almeida
P-02256;Ações hipotecárias;Estado de Santa Aurora;João da Silva
P-02257;Ações hipotecárias;TechBrasil S.A.;Construtora Nova Era Ltda.
P-02258;Extinção de condomínio;Secretaria de Saúde de Santa Clara;Secretaria de Saúde de Santa Clara
P-02259;Execução Fiscal;Estado de Santa Aurora;TechBrasil S.A.
P-02260;Execução Fiscal;Instituto Nacional de Energia Renovável;Fernanda Costa
P-02261;Execução de alimentos;Maria Oliveira;Pedro Henrique Santos
P-02262;Ações hipotecárias;Estado de Santa Aurora;Carlos Souza
P-02263;Falência e Recuperação Judicial;Instituto Nacional de Energia Renovável;Fernanda Costa
P-02264;Falência e Recuperação Judicial;Estado de Santa Aurora;Fernanda Costa
P-02265;Ações hipotecárias;João da Silva;TechBrasil S.A.
P-02266;Execução de alimentos;João da Silva;Estado de Santa Aurora
P-02267;Execução Cível;Estado de Santa Aurora;Maria Oliveira
P-02268;Busca e apreensão;Juliana Rocha;Juliana Rocha
P-02269;Falência e Recuperação Judicial;Prefeitura Municipal de Nova Esperança;Ana Paula Lima
P-02270;Execução de título extrajudicial;TechBrasil S.A.;Ricardo Almeida
P-02271;Execução de alimentos;Carlos Souza;Juliana Rocha
P-02272;Inventário e partilha;Maria Oliveira;Instituto Nacional de Energia Renovável
P-02273;Inventário e partilha;Ricardo Almeida;AgroVale Ltda.
P-02274;Execução Fiscal;Estado de Santa Aurora;Maria Oliveira
P-02275;Execução de título extrajudicial;Instituto Nacional de Energia Renovável;João da Silva
P-02276;Execução Fiscal;Instituto Nacional de Energia Renovável;João da Silva
P-02277;Execução de alimentos;Secretaria de Saúde de Santa Clara;Juliana Rocha
P-02278;Inventário e partilha;Ana Paula Lima;Fernanda Costa
P-02279;Busca e apreensão;Instituto Nacional de Energia Renovável;AgroVale Ltda.
P-02280;Inventário e partilha;GlobalTech Corp.;Secretaria de Saúde de Santa Clara
P-02281;Ações hipotecárias;Carlos Souza;Ricardo Almeida
P-02282;Ações hipotecárias;TechBrasil S.A.;Ricardo Almeida
P-02283;Trabalhista;Pedro Henrique Santos;Ana Paula Lima
P-02284;Trabalhista;Fernanda Costa;Juliana Rocha
P-02285;Extinção de condomínio;TechBrasil S.A.;Juliana Rocha
P-02286;Falência e Recuperação Judicial;Secretaria de Saúde de Santa Clara;Pedro Henrique Santos
P-02287;Extinção de condomínio;Secretaria de Saúde de Santa Clara;Secretaria de Saúde de Santa Clara
P-02288;Inventário e partilha;Ana Paula Lima;Instituto Nacional de Energia Renovável
P-02289;Falência e Recuperação Judicial;Secretaria de Saúde de Santa Clara;Carlos Souza
P-02290;Execução Fiscal;Prefeitura Municipal de Nova Esperança;Carlos Souza
P-02291;Falência e Recuperação Judicial;Instituto Nacional de Energia Renovável;TechBrasil S.A.
P-02292;Falência e Recuperação Judicial;Prefeitura Municipal de Nova Esperança;Fernanda Costa
P-02293;Ações hipotecárias;Pedro Henrique Santos;Fernanda Costa
P-02294;Ações hipotecárias;TechBrasil S.A.;Oficina Mecânica do Zé
P-02295;Ações hipotecárias;Ricardo Almeida;Estado de Santa Aurora
P-02296;Execução de título extrajudicial;TechBrasil S.A.;Juliana Rocha
P-02297;Falência e Recuperação Judicial;Prefeitura Municipal de Nova Esperança;Maria Oliveira
P-02298;Execução Cível;Construtora Nova Era Ltda.;João da Silva
P-02299;Inventário e partilha;TechBrasil S.A.;Estado de Santa Aurora
P-02300;Busca e apreensão;Instituto Nacional de Energia Renovável;Prefeitura Municipal de Nova Esperança
P-02301;Busca e apreensão;Ana Paula Lima;Maria Oliveira
P-02302;Execução Fiscal;Estado de Santa Aurora;Estado de Santa Aurora
P-02303;Execução Cível;Construtora Nova Era Ltda.;GlobalTech Corp.
P-02304;Execução de título extrajudicial;AgroVale Ltda.;João da Silva
P-02305;Execução de alimentos;Pedro Henrique Santos;Prefeitura Municipal de Nova Esperança
P-02306;Busca e apreensão;Oficina Mecânica do Zé;Ricardo Almeida
P-02307;Extinção de condomínio;Juliana Rocha;Instituto Nacional de Energia Renovável
P-02308;Extinção de condomínio;TechBrasil S.A.;Pedro Henrique Santos
P-02309;Ações hipotecárias;Ricardo Almeida;GlobalTech Corp.
P-02310;Falência e Recuperação Judicial;Estado de Santa Aurora;Estado de Santa Aurora
P-02311;Trabalhista;Pedro Henrique Santos;Construtora Nova Era Ltda.
P-02312;Ações hipotecárias;GlobalTech Corp.;João da Silva
P-02313;Ações hipotecárias;Oficina Mecânica do Zé;Estado de Santa Aurora
P-02314;Trabalhista;Carlos Souza;Carlos Souza
P-02315;Extinção de condomínio;TechBrasil S.A.;AgroVale Ltda.
P-02316;Execução de título extrajudicial;Secretaria de Saúde de Santa Clara;Juliana Rocha
P-02317;Execução de título extrajudicial;Fernanda Costa;Oficina Mecânica do Zé
P-02318;Execução de alimentos;Oficina Mecânica do Zé;Secretaria de Saúde de Santa Clara
P-02319;Falência e Recuperação Judicial;Instituto Nacional de Energia Renovável;TechBrasil S.A.
P-02320;Busca e apreensão;Instituto Nacional de Energia Renovável;João da Silva
P-02321;Falência e Recuperação Judicial;Instituto Nacional de Energia Renovável;TechBrasil S.A.
P-02322;Busca e apreensão;Carlos Souza;Instituto Nacional de Energia Renovável
P-02323;Execução de título extrajudicial;TechBrasil S.A.;AgroVale Ltda.
P-02324;Trabalhista;Pedro Henrique Santos;Fernanda Costa
P-02325;Falência e Recuperação Judicial;Prefeitura Municipal de Nova Esperança;João da Silva
P-02326;Execução de título extrajudicial;GlobalTech Corp.;Oficina Mecânica do Zé
P-02327;Trabalhista;João da Silva;Pedro Henrique Santos
P-02328;Execução Cível;Maria Oliveira;Maria Oliveira
P-02329;Execução de alimentos;Juliana Rocha;Estado de Santa Aurora
P-02330;Ações hipotecárias;GlobalTech Corp.;Oficina Mecânica do Zé
P-02331;Execução de título extrajudicial;Instituto Nacional de Energia Renovável;João da Silva
P-02332;Execução Fiscal;Instituto Nacional de Energia Renovável;Ricardo Almeida
P-02333;Trabalhista;Secretaria de Saúde de Santa Clara;Construtora Nova Era Ltda.
P-02334;Inventário e partilha;Maria Oliveira;Estado de Santa Aurora
P-02335;Extinção de condomínio;Oficina Mecânica do Zé;TechBrasil S.A.
P-02336;Execução Cível;Prefeitura Municipal de Nova Esperança;TechBrasil S.A.
P-02337;Falência e Recuperação Judicial;Instituto Nacional de Energia Renovável;Pedro Henrique Santos
P-02338;Trabalhista;Maria Oliveira;Ana Paula Lima
P-02339;Execução de título extrajudicial;Secretaria de Saúde de Santa Clara;GlobalTech Corp.
P-02340;Falência e Recuperação Judicial;Estado de Santa Aurora;Construtora Nova Era Ltda.
P-02341;Falência e Recuperação Judicial;Instituto Nacional de Energia Renovável;Maria Oliveira
P-02342;Falência e Recuperação Judicial;Secretaria de Saúde de Santa Clara;João da Silva
P-02343;Extinção de condomínio;AgroVale Ltda.;Fernanda Costa
P-02344;Falência e Recuperação Judicial;Prefeitura Municipal de Nova Esperança;AgroVale Ltda.
P-02345;Inventário e partilha;Construtora Nova Era Ltda.;Oficina Mecânica do Zé
P-02346;Extinção de condomínio;Prefeitura Municipal de Nova Esperança;Estado de Santa Aurora
P-02347;Ações hipotecárias;Ricardo Almeida;Ricardo Almeida
P-02348;Execução de título extrajudicial;Ricardo Almeida;Juliana Rocha
P-02349;Execução de título extrajudicial;Fernanda Costa;Juliana Rocha
P-02350;Execução de título extrajudicial;Pedro Henrique Santos;Juliana Rocha
P-02351;Extinção de condomínio;Juliana Rocha;Prefeitura Municipal de Nova Esperança
P-02352;Execução Fiscal;Estado de Santa Aurora;Maria Oliveira
P-02353;Trabalhista;Ricardo Almeida;Carlos Souza
P-02354;Extinção de condomínio;Prefeitura Municipal de Nova Esperança;GlobalTech Corp.
P-02355;Execução Cível;Ricardo Almeida;Ricardo Almeida
P-02356;Execução Cível;Ana Paula Lima;Juliana Rocha
P-02357;Execução Cível;Ana Paula Lima;Ana Paula Lima
P-02358;Inventário e partilha;Carlos Souza;Ricardo Almeida
P-02359;Trabalhista;Oficina Mecânica do Zé;Oficina Mecânica do Zé
P-02360;Busca e apreensão;Ana Paula Lima;TechBrasil S.A.
P-02361;Execução de alimentos;Fernanda Costa;Juliana Rocha
P-02362;Ações hipotecárias;Fernanda Costa;Oficina Mecânica do Zé
P-02363;Execução de título extrajudicial;Instituto Nacional de Energia Renovável;Ricardo Almeida
P-02364;Falência e Recuperação Judicial;Prefeitura Municipal de Nova Esperança;Pedro Henrique Santos
P-02365;Trabalhista;Carlos Souza;Oficina Mecânica do Zé
P-02366;Falência e Recuperação Judicial;Prefeitura Municipal de Nova Esperança;GlobalTech Corp.
P-02367;Busca e apreensão;Pedro Henrique Santos;Pedro Henrique Santos
P-02368;Extinção de condomínio;Prefeitura Municipal de Nova Esperança;Secretaria de Saúde de Santa Clara
P-02369;Execução de alimentos;Ricardo Almeida;Pedro Henrique Santos
P-02370;Busca e apreensão;João da Silva;Ana Paula Lima
P-02371;Trabalhista;GlobalTech Corp.;João da Silva
P-02372;Execução Fiscal;Secretaria de Saúde de Santa Clara;Construtora Nova Era Ltda.
P-02373;Extinção de condomínio;GlobalTech Corp.;João da Silva
P-02374;Busca e apreensão;Pedro Henrique Santos;Ricardo Almeida
P-02375;Extinção de condomínio;Carlos Souza;Instituto Nacional de Energia Renovável
P-02376;Busca e apreensão;Prefeitura Municipal de Nova Esperança;Juliana Rocha
P-02377;Busca e apreensão;Pedro Henrique Santos;Ricardo Almeida
P-02378;Execução Fiscal;Estado de Santa Aurora;Juliana Rocha
P-02379;Execução de alimentos;Juliana Rocha;João da Silva
P-02380;Busca e apreensão;João da Silva;Juliana Rocha
P-02381;Execução de título extrajudicial;Estado de Santa Aurora;Estado de Santa Aurora
P-02382;Execução Fiscal;Estado de Santa Aurora;GlobalTech Corp.
P-02383;Execução de título extrajudicial;Juliana Rocha;Prefeitura Municipal de Nova Esperança
P-02384;Trabalhista;AgroVale Ltda.;Oficina Mecânica do Zé
P-02385;Extinção de condomínio;Ricardo Almeida;Ricardo Almeida
P-02386;Extinção de condomínio;GlobalTech Corp.;TechBrasil S.A.
P-02387;Execução Fiscal;Instituto Nacional de Energia Renovável;Juliana Rocha
P-02388;Execução Fiscal;Estado de Santa Aurora;Estado de Santa Aurora
P-02389;Busca e apreensão;Ricardo Almeida;AgroVale Ltda.
P-02390;Execução Cível;Instituto Nacional de Energia Renovável;AgroVale Ltda.
P-02391;Ações hipotecárias;Pedro Henrique Santos;Maria Oliveira
P-02392;Ações hipotecárias;Estado de Santa Aurora;Carlos Souza
P-02393;Falência e Recuperação Judicial;Instituto Nacional de Energia Renovável;Estado de Santa Aurora
P-02394;Trabalhista;Ana Paula Lima;TechBrasil S.A.
P-02395;Falência e Recuperação Judicial;Prefeitura Municipal de Nova Esperança;Instituto Nacional de Energia Renovável
P-02396;Trabalhista;Oficina Mecânica do Zé;AgroVale Ltda.
P-02397;Inventário e partilha;Oficina Mecânica do Zé;TechBrasil S.A.
P-02398;Extinção de condomínio;Prefeitura Municipal de Nova Esperança;Instituto Nacional de Energia Renovável
P-02399;Falência e Recuperação Judicial;Instituto Nacional de Energia Renovável;Prefeitura Municipal de Nova Esperança
P-02400;Busca e apreensão;Secretaria de Saúde de Santa Clara;João da Silva
P-02401;Execução de título extrajudicial;Carlos Souza;Juliana Rocha
P-02402;Execução de alimentos;Secretaria de Saúde de Santa Clara;Fernanda Costa
P-02403;Falência e Recuperação Judicial;Secretaria de Saúde de Santa Clara;Maria Oliveira
P-02404;Busca e apreensão;Fernanda Costa;AgroVale Ltda.
P-02405;Extinção de condomínio;Maria Oliveira;Ricardo Almeida
P-02406;Execução Fiscal;Prefeitura Municipal de Nova Esperança;GlobalTech Corp.
P-02407;Execução Fiscal;Estado de Santa Aurora;TechBrasil S.A.
P-02408;Execução de título extrajudicial;AgroVale Ltda.;Construtora Nova Era Ltda.
P-02409;Extinção de condomínio;Estado de Santa Aurora;Ana Paula Lima
P-02410;Busca e apreensão;Ana Paula Lima;Secretaria de Saúde de Santa Clara
P-02411;Execução Fiscal;Secretaria de Saúde de Santa Clara;Pedro Henrique Santos
P-02412;Extinção de condomínio;Maria Oliveira;Instituto Nacional de Energia Renovável
P-02413;Execução Fiscal;Prefeitura Municipal de Nova Esperança;Construtora Nova Era Ltda.
P-02414;Falência e Recuperação Judicial;Secretaria de Saúde de Santa Clara;Estado de Santa Aurora
P-02415;Ações hipotecárias;Prefeitura Municipal de Nova Esperança;GlobalTech Corp.
P-02416;Trabalhista;TechBrasil S.A.;Instituto Nacional de Energia Renovável
P-02417;Extinção de condomínio;Ricardo Almeida;GlobalTech Corp.
P-02418;Trabalhista;Oficina Mecânica do Zé;Instituto Nacional de Energia Renovável
P-02419;Execução Fiscal;Prefeitura Municipal de Nova Esperança;Juliana Rocha
P-02420;Extinção de condomínio;Pedro Henrique Santos;Ana Paula Lima
P-02421;Falência e Recuperação Judicial;Prefeitura Municipal de Nova Esperança;Maria Oliveira
P-02422;Ações hipotecárias;Construtora Nova Era Ltda.;Prefeitura Municipal de Nova Esperança
P-02423;Execução de título extrajudicial;Maria Oliveira;João da Silva
P-02424;Execução Cível;Pedro Henrique Santos;Juliana Rocha
P-02425;Busca e apreensão;Carlos Souza;TechBrasil S.A.
P-02426;Busca e apreensão;Instituto Nacional de Energia Renovável;João da Silva
P-02427;Execução de alimentos;Carlos Souza;Ricardo Almeida
P-02428;Ações hipotecárias;Carlos Souza;Estado de Santa Aurora
P-02429;Ações hipotecárias;Prefeitura Municipal de Nova Esperança;Juliana Rocha
P-02430;Ações hipotecárias;Estado de Santa Aurora;AgroVale Ltda.
P-02431;Execução de alimentos;Maria Oliveira;Fernanda Costa
P-02432;Inventário e partilha;Prefeitura Municipal de Nova Esperança;Instituto Nacional de Energia Renovável
P-02433;Falência e Recuperação Judicial;Instituto Nacional de Energia Renovável;Estado de Santa Aurora
P-02434;Extinção de condomínio;Estado de Santa Aurora;Carlos Souza
P-02435;Execução de alimentos;Maria Oliveira;AgroVale Ltda.
P-02436;Extinção de condomínio;Estado de Santa Aurora;Fernanda Costa
P-02437;Busca e apreensão;Prefeitura Municipal de Nova Esperança;Estado de Santa Aurora
P-02438;Execução Cível;TechBrasil S.A.;Juliana Rocha
P-02439;Execução de alimentos;Maria Oliveira;Construtora Nova Era Ltda.
P-02440;Extinção de condomínio;Estado de Santa Aurora;Pedro Henrique Santos
P-02441;Execução Cível;AgroVale Ltda.;Maria Oliveira
P-02442;Falência e Recuperação Judicial;Secretaria de Saúde de Santa Clara;Construtora Nova Era Ltda.
P-02443;Falência e Recuperação Judicial;Instituto Nacional de Energia Renovável;AgroVale Ltda.
P-02444;Execução de título extrajudicial;AgroVale Ltda.;AgroVale Ltda.
P-02445;Ações hipotecárias;Juliana Rocha;Secretaria de Saúde de Santa Clara
P-02446;Extinção de condomínio;Juliana Rocha;Ricardo Almeida
P-02447;Execução de título extrajudicial;Maria Oliveira;Fernanda Costa
P-02448;Execução Fiscal;Instituto Nacional de Energia Renovável;Prefeitura Municipal de Nova Esperança
P-02449;Ações hipotecárias;Pedro Henrique Santos;Instituto Nacional de Energia Renovável
P-02450;Busca e apreensão;João da Silva;Fernanda Costa
P-02451;Extinção de condomínio;Carlos Souza;Maria Oliveira
P-02452;Busca e apreensão;Prefeitura Municipal de Nova Esperança;Secretaria de Saúde de Santa Clara
P-02453;Execução Fiscal;Instituto Nacional de Energia Renovável;Secretaria de Saúde de Santa Clara
P-02454;Ações hipotecárias;TechBrasil S.A.;TechBrasil S.A.
P-02455;Trabalhista;Instituto Nacional de Energia Renovável;Oficina Mecânica do Zé
P-02456;Execução de alimentos;Ana Paula Lima;GlobalTech Corp.
P-02457;Execução de título extrajudicial;Fernanda Costa;Ricardo Almeida
P-02458;Falência e Recuperação Judicial;Instituto Nacional de Energia Renovável;Juliana Rocha
P-02459;Execução de alimentos;Pedro Henrique Santos;Carlos Souza
P-02460;Falência e Recuperação Judicial;Prefeitura Municipal de Nova Esperança;AgroVale Ltda.
P-02461;Falência e Recuperação Judicial;Prefeitura Municipal de Nova Esperança;Juliana Rocha
P-02462;Execução de alimentos;Ricardo Almeida;Prefeitura Municipal de Nova Esperança
P-02463;Execução de alimentos;Ricardo Almeida;Juliana Rocha
P-02464;Execução de título extrajudicial;Juliana Rocha;Prefeitura Municipal de Nova Esperança
P-02465;Busca e apreensão;Maria Oliveira;TechBrasil S.A.
P-02466;Falência e Recuperação Judicial;Estado de Santa Aurora;GlobalTech Corp.
P-02467;Falência e Recuperação Judicial;Estado de Santa Aurora;Maria Oliveira
P-02468;Execução Cível;Fernanda Costa;Oficina Mecânica do Zé
P-02469;Execução de título extrajudicial;Estado de Santa Aurora;João da Silva
P-02470;Falência e Recuperação Judicial;Prefeitura Municipal de Nova Esperança;Pedro Henrique Santos
P-02471;Ações hipotecárias;AgroVale Ltda.;Ricardo Almeida
P-02472;Execução de alimentos;Construtora Nova Era Ltda.;Secretaria de Saúde de Santa Clara
P-02473;Execução de alimentos;Carlos Souza;GlobalTech Corp.
P-02474;Execução Cível;Juliana Rocha;TechBrasil S.A.
P-02475;Execução de título extrajudicial;Carlos Souza;Carlos Souza
P-02476;Extinção de condomínio;TechBrasil S.A.;TechBrasil S.A.
P-02477;Inventário e partilha;Construtora Nova Era Ltda.;João da Silva
P-02478;Ações hipotecárias;Ana Paula Lima;TechBrasil S.A.
P-02479;Inventário e partilha;Oficina Mecânica do Zé;Maria Oliveira
P-02480;Execução de título extrajudicial;Juliana Rocha;AgroVale Ltda.
P-02481;Ações hipotecárias;Ricardo Almeida;Oficina Mecânica do Zé
P-02482;Execução Fiscal;Estado de Santa Aurora;GlobalTech Corp.
P-02483;Trabalhista;Prefeitura Municipal de Nova Esperança;Prefeitura Municipal de Nova Esperança
P-02484;Extinção de condomínio;Construtora Nova Era Ltda.;Carlos Souza
P-02485;Execução de título extrajudicial;GlobalTech Corp.;Fernanda Costa
P-02486;Extinção de condomínio;Oficina Mecânica do Zé;Maria Oliveira
P-02487;Ações hipotecárias;AgroVale Ltda.;Maria Oliveira
P-02488;Ações hipotecárias;Ana Paula Lima;TechBrasil S.A.
P-02489;Execução de alimentos;Estado de Santa Aurora;Construtora Nova Era Ltda.
P-02490;Extinção de condomínio;Oficina Mecânica do Zé;João da Silva
P-02491;Falência e Recuperação Judicial;Estado de Santa Aurora;Ricardo Almeida
P-02492;Execução Cível;Estado de Santa Aurora;Secretaria de Saúde de Santa Clara
P-02493;Trabalhista;Instituto Nacional de Energia Renovável;TechBrasil S.A.
P-02494;Execução Fiscal;Estado de Santa Aurora;Prefeitura Municipal de Nova Esperança
P-02495;Execução Fiscal;Prefeitura Municipal de Nova Esperança;Maria Oliveira
P-02496;Falência e Recuperação Judicial;Secretaria de Saúde de Santa Clara;Secretaria de Saúde de Santa Clara
P-02497;Execução Fiscal;Prefeitura Municipal de Nova Esperança;Prefeitura Municipal de Nova Esperança
P-02498;Inventário e partilha;Secretaria de Saúde de Santa Clara;Ana Paula Lima
P-02499;Trabalhista;Ana Paula Lima;Ana Paula Lima
P-02500;Execução Cível;Fernanda Costa;Fernanda Costa
P-02501;Trabalhista;TechBrasil S.A.;Prefeitura Municipal de Nova Esperança
P-02502;Execução de título extrajudicial;Fernanda Costa;João da Silva
P-02503;Execução Cível;Juliana Rocha;AgroVale Ltda.
P-02504;Extinção de condomínio;Estado de Santa Aurora;Construtora Nova Era Ltda.
P-02505;Busca e apreensão;Carlos Souza;Ana Paula Lima
P-02506;Execução de título extrajudicial;Construtora Nova Era Ltda.;Pedro Henrique Santos
P-02507;Extinção de condomínio;Oficina Mecânica do Zé;Estado de Santa Aurora
P-02508;Ações hipotecárias;Prefeitura Municipal de Nova Esperança;AgroVale Ltda.
P-02509;Ações hipotecárias;Estado de Santa Aurora;Oficina Mecânica do Zé
P-02510;Falência e Recuperação Judicial;Estado de Santa Aurora;Pedro Henrique Santos
P-02511;Execução de alimentos;Construtora Nova Era Ltda.;João da Silva
P-02512;Execução de alimentos;Secretaria de Saúde de Santa Clara;Oficina Mecânica do Zé
P-02513;Busca e apreensão;Oficina Mecânica do Zé;Instituto Nacional de Energia Renovável
P-02514;Extinção de condomínio;Construtora Nova Era Ltda.;AgroVale Ltda.
P-02515;Execução de título extrajudicial;Estado de Santa Aurora;Maria Oliveira
P-02516;Falência e Recuperação Judicial;Prefeitura Municipal de Nova Esperança;Oficina Mecânica do Zé
P-02517;Execução Cível;Estado de Santa Aurora;Ana Paula Lima
P-02518;Falência e Recuperação Judicial;Instituto Nacional de Energia Renovável;Pedro Henrique Santos
P-02519;Execução de título extrajudicial;Carlos Souza;Pedro Henrique Santos
P-02520;Ações hipotecárias;Carlos Souza;Carlos Souza
P-02521;Busca e apreensão;GlobalTech Corp.;Carlos Souza
P-02522;Extinção de condomínio;Juliana Rocha;AgroVale Ltda.
P-02523;Extinção de condomínio;TechBrasil S.A.;TechBrasil S.A.
P-02524;Execução Cível;João da Silva;AgroVale Ltda.
P-02525;Execução Fiscal;Estado de Santa Aurora;Construtora Nova Era Ltda.
P-02526;Busca e apreensão;GlobalTech Corp.;Instituto Nacional de Energia Renovável
P-02527;Execução Fiscal;Estado de Santa Aurora;Secretaria de Saúde de Santa Clara
P-02528;Execução Fiscal;Estado de Santa Aurora;AgroVale Ltda.
P-02529;Execução Fiscal;Estado de Santa Aurora;Ana Paula Lima
P-02530;Inventário e partilha;Construtora Nova Era Ltda.;AgroVale Ltda.
P-02531;Execução Cível;Oficina Mecânica do Zé;Prefeitura Municipal de Nova Esperança
P-02532;Trabalhista;Carlos Souza;Ana Paula Lima
P-02533;Busca e apreensão;Carlos Souza;Pedro Henrique Santos
P-02534;Ações hipotecárias;João da Silva;Ana Paula Lima
P-02535;Execução Cível;TechBrasil S.A.;Carlos Souza
P-02536;Execução de alimentos;Prefeitura Municipal de Nova Esperança;Carlos Souza
P-02537;Extinção de condomínio;Juliana Rocha;Maria Oliveira
P-02538;Ações hipotecárias;Instituto Nacional de Energia Renovável;Fernanda Costa
P-02539;Trabalhista;Construtora Nova Era Ltda.;Secretaria de Saúde de Santa Clara
P-02540;Falência e Recuperação Judicial;Prefeitura Municipal de Nova Esperança;Pedro Henrique Santos
P-02541;Execução Fiscal;Prefeitura Municipal de Nova Esperança;Ricardo Almeida
P-02542;Inventário e partilha;AgroVale Ltda.;Construtora Nova Era Ltda.
P-02543;Execução de título extrajudicial;Juliana Rocha;Oficina Mecânica do Zé
P-02544;Falência e Recuperação Judicial;Secretaria de Saúde de Santa Clara;AgroVale Ltda.
P-02545;Trabalhista;João da Silva;João da Silva
P-02546;Execução Cível;Pedro Henrique Santos;João da Silva
P-02547;Busca e apreensão;Prefeitura Municipal de Nova Esperança;GlobalTech Corp.
P-02548;Execução de título extrajudicial;Estado de Santa Aurora;João da Silva
P-02549;Ações hipotecárias;Juliana Rocha;Ana Paula Lima
P-02550;Execução Cível;João da Silva;Instituto Nacional de Energia Renovável
P-02551;Execução de título extrajudicial;Oficina Mecânica do Zé;Secretaria de Saúde de Santa Clara
P-02552;Execução de título extrajudicial;Secretaria de Saúde de Santa Clara;Carlos Souza
P-02553;Execução Cível;Ana Paula Lima;Fernanda Costa
P-02554;Inventário e partilha;Maria Oliveira;Pedro Henrique Santos
P-02555;Busca e apreensão;Juliana Rocha;Estado de Santa Aurora
P-02556;Execução de título extrajudicial;Pedro Henrique Santos;Construtora Nova Era Ltda.
P-02557;Execução Cível;Juliana Rocha;Instituto Nacional de Energia Renovável
P-02558;Ações hipotecárias;João da Silva;Oficina Mecânica do Zé
P-02559;Execução de alimentos;Oficina Mecânica do Zé;Secretaria de Saúde de Santa Clara
P-02560;Extinção de condomínio;João da Silva;Instituto Nacional de Energia Renovável
P-02561;Execução de alimentos;Ricardo Almeida;Ricardo Almeida
P-02562;Execução Fiscal;Secretaria de Saúde de Santa Clara;Instituto Nacional de Energia Renovável
P-02563;Falência e Recuperação Judicial;Prefeitura Municipal de Nova Esperança;João da Silva
P-02564;Extinção de condomínio;Carlos Souza;Construtora Nova Era Ltda.
P-02565;Falência e Recuperação Judicial;Prefeitura Municipal de Nova Esperança;Carlos Souza
P-02566;Execução Cível;AgroVale Ltda.;Maria Oliveira
P-02567;Execução Fiscal;Prefeitura Municipal de Nova Esperança;Pedro Henrique Santos
P-02568;Falência e Recuperação Judicial;Prefeitura Municipal de Nova Esperança;Pedro Henrique Santos
P-02569;Trabalhista;Maria Oliveira;Ana Paula Lima
P-02570;Execução de alimentos;Prefeitura Municipal de Nova Esperança;Prefeitura Municipal de Nova Esperança
P-02571;Execução Cível;Ana Paula Lima;AgroVale Ltda.
P-02572;Falência e Recuperação Judicial;Prefeitura Municipal de Nova Esperança;AgroVale Ltda.
P-02573;Execução Cível;Ricardo Almeida;Ricardo Almeida
P-02574;Trabalhista;Oficina Mecânica do Zé;João da Silva
P-02575;Inventário e partilha;Pedro Henrique Santos;TechBrasil S.A.
P-02576;Trabalhista;Secretaria de Saúde de Santa Clara;Prefeitura Municipal de Nova Esperança
P-02577;Falência e Recuperação Judicial;Prefeitura Municipal de Nova Esperança;Pedro Henrique Santos
P-02578;Falência e Recuperação Judicial;Estado de Santa Aurora;Construtora Nova Era Ltda.
P-02579;Inventário e partilha;GlobalTech Corp.;AgroVale Ltda.
P-02580;Busca e apreensão;Estado de Santa Aurora;Juliana Rocha
P-02581;Trabalhista;Fernanda Costa;Construtora Nova Era Ltda.
P-02582;Trabalhista;Prefeitura Municipal de Nova Esperança;Secretaria de Saúde de Santa Clara
P-02583;Execução de título extrajudicial;Secretaria de Saúde de Santa Clara;João da Silva
P-02584;Falência e Recuperação Judicial;Secretaria de Saúde de Santa Clara;Maria Oliveira
P-02585;Inventário e partilha;AgroVale Ltda.;Instituto Nacional de Energia Renovável
P-02586;Execução de título extrajudicial;Construtora Nova Era Ltda.;Secretaria de Saúde de Santa Clara
P-02587;Execução Fiscal;Instituto Nacional de Energia Renovável;Prefeitura Municipal de Nova Esperança
P-02588;Busca e apreensão;Oficina Mecânica do Zé;AgroVale Ltda.
P-02589;Busca e apreensão;Maria Oliveira;João da Silva
P-02590;Execução Cível;Secretaria de Saúde de Santa Clara;Estado de Santa Aurora
P-02591;Execução Fiscal;Estado de Santa Aurora;Oficina Mecânica do Zé
P-02592;Execução de alimentos;João da Silva;Fernanda Costa
P-02593;Ações hipotecárias;Maria Oliveira;Instituto Nacional de Energia Renovável
P-02594;Execução de título extrajudicial;TechBrasil S.A.;Ana Paula Lima
P-02595;Extinção de condomínio;Ricardo Almeida;Carlos Souza
P-02596;Trabalhista;Fernanda Costa;TechBrasil S.A.
P-02597;Execução de alimentos;GlobalTech Corp.;Maria Oliveira
P-02598;Falência e Recuperação Judicial;Estado de Santa Aurora;Instituto Nacional de Energia Renovável
P-02599;Extinção de condomínio;AgroVale Ltda.;João da Silva
P-02600;Falência e Recuperação Judicial;Estado de Santa Aurora;Juliana Rocha
P-02601;Trabalhista;Estado de Santa Aurora;Ana Paula Lima
P-02602;Inventário e partilha;Ricardo Almeida;Oficina Mecânica do Zé
P-02603;Falência e Recuperação Judicial;Estado de Santa Aurora;AgroVale Ltda.
P-02604;Inventário e partilha;Construtora Nova Era Ltda.;João da Silva
P-02605;Ações hipotecárias;Prefeitura Municipal de Nova Esperança;Construtora Nova Era Ltda.
P-02606;Execução Fiscal;Prefeitura Municipal de Nova Esperança;Maria Oliveira
P-02607;Busca e apreensão;AgroVale Ltda.;AgroVale Ltda.
P-02608;Execução Fiscal;Secretaria de Saúde de Santa Clara;Estado de Santa Aurora
P-02609;Inventário e partilha;TechBrasil S.A.;João da Silva
P-02610;Execução de título extrajudicial;Instituto Nacional de Energia Renovável;Pedro Henrique Santos
P-02611;Busca e apreensão;Estado de Santa Aurora;Ana Paula Lima
P-02612;Extinção de condomínio;Maria Oliveira;AgroVale Ltda.
P-02613;Execução Fiscal;Prefeitura Municipal de Nova Esperança;Secretaria de Saúde de Santa Clara
P-02614;Ações hipotecárias;Construtora Nova Era Ltda.;Carlos Souza
P-02615;Execução Cível;Instituto Nacional de Energia Renovável;Carlos Souza
P-02616;Falência e Recuperação Judicial;Estado de Santa Aurora;GlobalTech Corp.
P-02617;Inventário e partilha;TechBrasil S.A.;Prefeitura Municipal de Nova Esperança
P-02618;Execução Fiscal;Secretaria de Saúde de Santa Clara;Pedro Henrique Santos
P-02619;Execução de título extrajudicial;GlobalTech Corp.;Juliana Rocha
P-02620;Execução Fiscal;Secretaria de Saúde de Santa Clara;Maria Oliveira
P-02621;Ações hipotecárias;TechBrasil S.A.;Pedro Henrique Santos
P-02622;Ações hipotecárias;Construtora Nova Era Ltda.;Pedro Henrique Santos
P-02623;Extinção de condomínio;Fernanda Costa;João da Silva
P-02624;Busca e apreensão;Juliana Rocha;Prefeitura Municipal de Nova Esperança
P-02625;Falência e Recuperação Judicial;Instituto Nacional de Energia Renovável;Ricardo Almeida
P-02626;Extinção de condomínio;Oficina Mecânica do Zé;Carlos Souza
P-02627;Execução Fiscal;Estado de Santa Aurora;Ricardo Almeida
P-02628;Execução Fiscal;Prefeitura Municipal de Nova Esperança;AgroVale Ltda.
P-02629;Execução de título extrajudicial;João da Silva;Instituto Nacional de Energia Renovável
P-02630;Trabalhista;João da Silva;GlobalTech Corp.
P-02631;Execução Fiscal;Secretaria de Saúde de Santa Clara;Carlos Souza
P-02632;Falência e Recuperação Judicial;Instituto Nacional de Energia Renovável;Secretaria de Saúde de Santa Clara
P-02633;Inventário e partilha;Maria Oliveira;Maria Oliveira
P-02634;Ações hipotecárias;Secretaria de Saúde de Santa Clara;Estado de Santa Aurora
P-02635;Busca e apreensão;Carlos Souza;Juliana Rocha
P-02636;Extinção de condomínio;Ricardo Almeida;Construtora Nova Era Ltda.
P-02637;Inventário e partilha;Oficina Mecânica do Zé;GlobalTech Corp.
P-02638;Falência e Recuperação Judicial;Instituto Nacional de Energia Renovável;Carlos Souza
P-02639;Ações hipotecárias;Carlos Souza;GlobalTech Corp.
P-02640;Ações hipotecárias;Juliana Rocha;Secretaria de Saúde de Santa Clara
P-02641;Execução de título extrajudicial;Prefeitura Municipal de Nova Esperança;Instituto Nacional de Energia Renovável
P-02642;Trabalhista;Ricardo Almeida;Instituto Nacional de Energia Renovável
P-02643;Busca e apreensão;Fernanda Costa;Carlos Souza
P-02644;Extinção de condomínio;Pedro Henrique Santos;Fernanda Costa
P-02645;Ações hipotecárias;Estado de Santa Aurora;Ricardo Almeida
P-02646;Execução de alimentos;Pedro Henrique Santos;Juliana Rocha
P-02647;Busca e apreensão;Construtora Nova Era Ltda.;Prefeitura Municipal de Nova Esperança
P-02648;Execução de título extrajudicial;TechBrasil S.A.;TechBrasil S.A.
P-02649;Falência e Recuperação Judicial;Secretaria de Saúde de Santa Clara;Estado de Santa Aurora
P-02650;Falência e Recuperação Judicial;Prefeitura Municipal de Nova Esperança;Ana Paula Lima
P-02651;Ações hipotecárias;Instituto Nacional de Energia Renovável;Instituto Nacional de Energia Renovável
P-02652;Execução de alimentos;Maria Oliveira;Juliana Rocha
P-02653;Execução Cível;Fernanda Costa;Carlos Souza
P-02654;Execução de alimentos;GlobalTech Corp.;TechBrasil S.A.
P-02655;Trabalhista;Juliana Rocha;Carlos Souza
P-02656;Falência e Recuperação Judicial;Prefeitura Municipal de Nova Esperança;GlobalTech Corp.
P-02657;Execução Cível;Estado de Santa Aurora;Oficina Mecânica do Zé
P-02658;Execução de alimentos;Juliana Rocha;Secretaria de Saúde de Santa Clara
P-02659;Ações hipotecárias;Ana Paula Lima;Prefeitura Municipal de Nova Esperança
P-02660;Extinção de condomínio;Fernanda Costa;Ana Paula Lima
P-02661;Extinção de condomínio;Pedro Henrique Santos;Oficina Mecânica do Zé
P-02662;Execução Fiscal;Estado de Santa Aurora;Secretaria de Saúde de Santa Clara
P-02663;Extinção de condomínio;AgroVale Ltda.;Secretaria de Saúde de Santa Clara
P-02664;Ações hipotecárias;AgroVale Ltda.;Maria Oliveira
P-02665;Extinção de condomínio;Fernanda Costa;Juliana Rocha
P-02666;Execução de alimentos;Carlos Souza;TechBrasil S.A.
P-02667;Busca e apreensão;Construtora Nova Era Ltda.;Pedro Henrique Santos
P-02668;Falência e Recuperação Judicial;Estado de Santa Aurora;Ana Paula Lima
P-02669;Execução Fiscal;Instituto Nacional de Energia Renovável;Pedro Henrique Santos
P-02670;Inventário e partilha;Estado de Santa Aurora;Pedro Henrique Santos
P-02671;Inventário e partilha;Estado de Santa Aurora;Pedro Henrique Santos
P-02672;Falência e Recuperação Judicial;Prefeitura Municipal de Nova Esperança;Fernanda Costa
P-02673;Execução Fiscal;Estado de Santa Aurora;Estado de Santa Aurora
P-02674;Extinção de condomínio;AgroVale Ltda.;Secretaria de Saúde de Santa Clara
P-02675;Inventário e partilha;Maria Oliveira;Instituto Nacional de Energia Renovável
P-02676;Execução de título extrajudicial;Ricardo Almeida;AgroVale Ltda.
P-02677;Inventário e partilha;Estado de Santa Aurora;Ricardo Almeida
P-02678;Busca e apreensão;AgroVale Ltda.;Secretaria de Saúde de Santa Clara
P-02679;Extinção de condomínio;Prefeitura Municipal de Nova Esperança;TechBrasil S.A.
P-02680;Falência e Recuperação Judicial;Secretaria de Saúde de Santa Clara;Secretaria de Saúde de Santa Clara
P-02681;Execução Cível;Prefeitura Municipal de Nova Esperança;Maria Oliveira
P-02682;Trabalhista;Maria Oliveira;TechBrasil S.A.
P-02683;Execução de alimentos;Fernanda Costa;Fernanda Costa
P-02684;Execução de título extrajudicial;TechBrasil S.A.;Estado de Santa Aurora
P-02685;Extinção de condomínio;Instituto Nacional de Energia Renovável;Carlos Souza
P-02686;Extinção de condomínio;Juliana Rocha;Oficina Mecânica do Zé
P-02687;Execução de título extrajudicial;Instituto Nacional de Energia Renovável;Ricardo Almeida
P-02688;Execução Cível;Construtora Nova Era Ltda.;Fernanda Costa
P-02689;Execução de título extrajudicial;TechBrasil S.A.;Fernanda Costa
P-02690;Inventário e partilha;Construtora Nova Era Ltda.;Fernanda Costa
P-02691;Execução Cível;Ana Paula Lima;Pedro Henrique Santos
P-02692;Execução de título extrajudicial;Fernanda Costa;Maria Oliveira
P-02693;Extinção de condomínio;Instituto Nacional de Energia Renovável;GlobalTech Corp.
P-02694;Ações hipotecárias;TechBrasil S.A.;GlobalTech Corp.
P-02695;Execução de alimentos;Instituto Nacional de Energia Renovável;Prefeitura Municipal de Nova Esperança
P-02696;Busca e apreensão;GlobalTech Corp.;Juliana Rocha
P-02697;Falência e Recuperação Judicial;Prefeitura Municipal de Nova Esperança;Pedro Henrique Santos
P-02698;Falência e Recuperação Judicial;Estado de Santa Aurora;TechBrasil S.A.
P-02699;Falência e Recuperação Judicial;Secretaria de Saúde de Santa Clara;João da Silva
P-02700;Ações hipotecárias;TechBrasil S.A.;Pedro Henrique Santos
P-02701;Trabalhista;Secretaria de Saúde de Santa Clara;Ana Paula Lima
P-02702;Execução de alimentos;Ricardo Almeida;Fernanda Costa
P-02703;Execução de alimentos;Ana Paula Lima;TechBrasil S.A.
P-02704;Busca e apreensão;Fernanda Costa;Carlos Souza
P-02705;Extinção de condomínio;Juliana Rocha;Ana Paula Lima
P-02706;Busca e apreensão;Ricardo Almeida;Prefeitura Municipal de Nova Esperança
P-02707;Falência e Recuperação Judicial;Instituto Nacional de Energia Renovável;Ricardo Almeida
P-02708;Execução de alimentos;Maria Oliveira;Pedro Henrique Santos
P-02709;Falência e Recuperação Judicial;Prefeitura Municipal de Nova Esperança;Maria Oliveira
P-02710;Execução de alimentos;TechBrasil S.A.;Prefeitura Municipal de Nova Esperança
P-02711;Execução Cível;Pedro Henrique Santos;Maria Oliveira
P-02712;Inventário e partilha;Construtora Nova Era Ltda.;GlobalTech Corp.
P-02713;Execução Fiscal;Instituto Nacional de Energia Renovável;Carlos Souza
P-02714;Extinção de condomínio;TechBrasil S.A.;Secretaria de Saúde de Santa Clara
P-02715;Execução de título extrajudicial;Prefeitura Municipal de Nova Esperança;Oficina Mecânica do Zé
P-02716;Extinção de condomínio;Oficina Mecânica do Zé;Ricardo Almeida
P-02717;Execução Fiscal;Secretaria de Saúde de Santa Clara;AgroVale Ltda.
P-02718;Falência e Recuperação Judicial;Prefeitura Municipal de Nova Esperança;Juliana Rocha
P-02719;Execução de título extrajudicial;Instituto Nacional de Energia Renovável;Carlos Souza
P-02720;Busca e apreensão;Fernanda Costa;AgroVale Ltda.
P-02721;Inventário e partilha;Pedro Henrique Santos;Maria Oliveira
P-02722;Extinção de condomínio;Juliana Rocha;Instituto Nacional de Energia Renovável
P-02723;Execução Fiscal;Secretaria de Saúde de Santa Clara;Estado de Santa Aurora
P-02724;Execução Fiscal;Secretaria de Saúde de Santa Clara;TechBrasil S.A.
P-02725;Execução de título extrajudicial;João da Silva;Oficina Mecânica do Zé
P-02726;Execução de alimentos;Juliana Rocha;TechBrasil S.A.
P-02727;Ações hipotecárias;GlobalTech Corp.;Ana Paula Lima
P-02728;Extinção de condomínio;Secretaria de Saúde de Santa Clara;Oficina Mecânica do Zé
P-02729;Inventário e partilha;Pedro Henrique Santos;Maria Oliveira
P-02730;Ações hipotecárias;Ricardo Almeida;Construtora Nova Era Ltda.
P-02731;Execução de alimentos;Oficina Mecânica do Zé;Instituto Nacional de Energia Renovável
P-02732;Ações hipotecárias;Construtora Nova Era Ltda.;AgroVale Ltda.
P-02733;Extinção de condomínio;Construtora Nova Era Ltda.;Instituto Nacional de Energia Renovável
P-02734;Trabalhista;Instituto Nacional de Energia Renovável;Construtora Nova Era Ltda.
P-02735;Ações hipotecárias;Maria Oliveira;Fernanda Costa
P-02736;Ações hipotecárias;Maria Oliveira;TechBrasil S.A.
P-02737;Ações hipotecárias;Ricardo Almeida;Maria Oliveira
P-02738;Execução Fiscal;Prefeitura Municipal de Nova Esperança;GlobalTech Corp.
P-02739;Extinção de condomínio;TechBrasil S.A.;AgroVale Ltda.
P-02740;Execução de título extrajudicial;Instituto Nacional de Energia Renovável;Secretaria de Saúde de Santa Clara
P-02741;Extinção de condomínio;Secretaria de Saúde de Santa Clara;Maria Oliveira
P-02742;Busca e apreensão;Ana Paula Lima;AgroVale Ltda.
P-02743;Busca e apreensão;Oficina Mecânica do Zé;Estado de Santa Aurora
P-02744;Extinção de condomínio;Ana Paula Lima;Construtora Nova Era Ltda.
P-02745;Ações hipotecárias;TechBrasil S.A.;Oficina Mecânica do Zé
P-02746;Inventário e partilha;Ana Paula Lima;AgroVale Ltda.
P-02747;Execução Fiscal;Instituto Nacional de Energia Renovável;AgroVale Ltda.
P-02748;Inventário e partilha;João da Silva;Oficina Mecânica do Zé
P-02749;Extinção de condomínio;Ana Paula Lima;Prefeitura Municipal de Nova Esperança
P-02750;Execução de alimentos;Prefeitura Municipal de Nova Esperança;GlobalTech Corp.
P-02751;Execução de título extrajudicial;Ana Paula Lima;Instituto Nacional de Energia Renovável
P-02752;Ações hipotecárias;GlobalTech Corp.;Pedro Henrique Santos
P-02753;Execução Cível;AgroVale Ltda.;Estado de Santa Aurora
P-02754;Execução de alimentos;Fernanda Costa;Oficina Mecânica do Zé
P-02755;Execução Cível;Oficina Mecânica do Zé;Ana Paula Lima
P-02756;Ações hipotecárias;Construtora Nova Era Ltda.;AgroVale Ltda.
P-02757;Execução de alimentos;TechBrasil S.A.;Prefeitura Municipal de Nova Esperança
P-02758;Execução de alimentos;Maria Oliveira;Instituto Nacional de Energia Renovável
P-02759;Execução de alimentos;Oficina Mecânica do Zé;GlobalTech Corp.
P-02760;Trabalhista;Juliana Rocha;Oficina Mecânica do Zé
P-02761;Execução Cível;Oficina Mecânica do Zé;Secretaria de Saúde de Santa Clara
P-02762;Falência e Recuperação Judicial;Estado de Santa Aurora;AgroVale Ltda.
P-02763;Ações hipotecárias;GlobalTech Corp.;Carlos Souza
P-02764;Execução de alimentos;Estado de Santa Aurora;Construtora Nova Era Ltda.
P-02765;Falência e Recuperação Judicial;Secretaria de Saúde de Santa Clara;Ricardo Almeida
P-02766;Execução de título extrajudicial;Construtora Nova Era Ltda.;TechBrasil S.A.
P-02767;Trabalhista;GlobalTech Corp.;Ricardo Almeida
P-02768;Ações hipotecárias;Ana Paula Lima;Juliana Rocha
P-02769;Ações hipotecárias;Ana Paula Lima;Instituto Nacional de Energia Renovável
P-02770;Busca e apreensão;João da Silva;Ricardo Almeida
P-02771;Inventário e partilha;Maria Oliveira;Ana Paula Lima
P-02772;Execução de título extrajudicial;Secretaria de Saúde de Santa Clara;Ana Paula Lima
P-02773;Ações hipotecárias;Construtora Nova Era Ltda.;AgroVale Ltda.
P-02774;Inventário e partilha;Construtora Nova Era Ltda.;Ana Paula Lima
P-02775;Trabalhista;GlobalTech Corp.;Estado de Santa Aurora
P-02776;Execução de título extrajudicial;Ana Paula Lima;Instituto Nacional de Energia Renovável
P-02777;Extinção de condomínio;Ricardo Almeida;Ricardo Almeida
P-02778;Trabalhista;Pedro Henrique Santos;Maria Oliveira
P-02779;Execução de título extrajudicial;Juliana Rocha;Fernanda Costa
P-02780;Ações hipotecárias;Ana Paula Lima;Secretaria de Saúde de Santa Clara
P-02781;Inventário e partilha;AgroVale Ltda.;GlobalTech Corp.
P-02782;Ações hipotecárias;TechBrasil S.A.;Instituto Nacional de Energia Renovável
P-02783;Trabalhista;Secretaria de Saúde de Santa Clara;Ana Paula Lima
P-02784;Trabalhista;AgroVale Ltda.;Pedro Henrique Santos
P-02785;Execução de alimentos;Fernanda Costa;TechBrasil S.A.
P-02786;Inventário e partilha;Carlos Souza;Construtora Nova Era Ltda.
P-02787;Execução Fiscal;Estado de Santa Aurora;Maria Oliveira
P-02788;Execução de título extrajudicial;Ana Paula Lima;Pedro Henrique Santos
P-02789;Trabalhista;Prefeitura Municipal de Nova Esperança;Instituto Nacional de Energia Renovável
P-02790;Inventário e partilha;João da Silva;João da Silva
P-02791;Execução de alimentos;Prefeitura Municipal de Nova Esperança;Secretaria de Saúde de Santa Clara
P-02792;Execução de título extrajudicial;GlobalTech Corp.;Construtora Nova Era Ltda.
P-02793;Execução Fiscal;Prefeitura Municipal de Nova Esperança;Ana Paula Lima
P-02794;Execução Fiscal;Secretaria de Saúde de Santa Clara;TechBrasil S.A.
P-02795;Execução de alimentos;Oficina Mecânica do Zé;Ana Paula Lima
P-02796;Ações hipotecárias;GlobalTech Corp.;João da Silva
P-02797;Inventário e partilha;Maria Oliveira;Estado de Santa Aurora
P-02798;Inventário e partilha;GlobalTech Corp.;João da Silva
P-02799;Extinção de condomínio;GlobalTech Corp.;GlobalTech Corp.
P-02800;Execução de alimentos;Secretaria de Saúde de Santa Clara;GlobalTech Corp.
P-02801;Extinção de condomínio;GlobalTech Corp.;TechBrasil S.A.
P-02802;Trabalhista;Ana Paula Lima;GlobalTech Corp.
P-02803;Ações hipotecárias;Oficina Mecânica do Zé;Maria Oliveira
P-02804;Execução de título extrajudicial;Prefeitura Municipal de Nova Esperança;Estado de Santa Aurora
P-02805;Execução Cível;Pedro Henrique Santos;Secretaria de Saúde de Santa Clara
P-02806;Ações hipotecárias;Construtora Nova Era Ltda.;João da Silva
P-02807;Execução de alimentos;Carlos Souza;TechBrasil S.A.
P-02808;Extinção de condomínio;AgroVale Ltda.;Carlos Souza
P-02809;Extinção de condomínio;Ana Paula Lima;GlobalTech Corp.
P-02810;Trabalhista;Juliana Rocha;Juliana Rocha
P-02811;Execução de título extrajudicial;Estado de Santa Aurora;GlobalTech Corp.
P-02812;Busca e apreensão;Carlos Souza;GlobalTech Corp.
P-02813;Falência e Recuperação Judicial;Estado de Santa Aurora;Instituto Nacional de Energia Renovável
P-02814;Execução Cível;Fernanda Costa;TechBrasil S.A.
P-02815;Inventário e partilha;Estado de Santa Aurora;Carlos Souza
P-02816;Execução Fiscal;Estado de Santa Aurora;Instituto Nacional de Energia Renovável
P-02817;Extinção de condomínio;Ricardo Almeida;Juliana Rocha
P-02818;Busca e apreensão;GlobalTech Corp.;Ana Paula Lima
P-02819;Extinção de condomínio;Fernanda Costa;João da Silva
P-02820;Execução de alimentos;AgroVale Ltda.;Estado de Santa Aurora
P-02821;Execução Fiscal;Prefeitura Municipal de Nova Esperança;Juliana Rocha
P-02822;Busca e apreensão;Construtora Nova Era Ltda.;Ana Paula Lima
P-02823;Falência e Recuperação Judicial;Instituto Nacional de Energia Renovável;Instituto Nacional de Energia Renovável
P-02824;Execução Cível;Construtora Nova Era Ltda.;Maria Oliveira
P-02825;Execução Cível;João da Silva;Instituto Nacional de Energia Renovável
P-02826;Execução de alimentos;Fernanda Costa;Prefeitura Municipal de Nova Esperança
P-02827;Inventário e partilha;Estado de Santa Aurora;Oficina Mecânica do Zé
P-02828;Ações hipotecárias;Secretaria de Saúde de Santa Clara;João da Silva
P-02829;Execução Fiscal;Secretaria de Saúde de Santa Clara;Construtora Nova Era Ltda.
P-02830;Execução de título extrajudicial;Ricardo Almeida;GlobalTech Corp.
P-02831;Execução de alimentos;Prefeitura Municipal de Nova Esperança;GlobalTech Corp.
P-02832;Ações hipotecárias;Prefeitura Municipal de Nova Esperança;Fernanda Costa
P-02833;Execução Fiscal;Prefeitura Municipal de Nova Esperança;AgroVale Ltda.
P-02834;Inventário e partilha;Fernanda Costa;TechBrasil S.A.
P-02835;Execução de alimentos;Ana Paula Lima;Juliana Rocha
P-02836;Execução de alimentos;Estado de Santa Aurora;Ricardo Almeida
P-02837;Ações hipotecárias;Ricardo Almeida;Ana Paula Lima
P-02838;Execução de título extrajudicial;Estado de Santa Aurora;João da Silva
P-02839;Extinção de condomínio;Maria Oliveira;Ricardo Almeida
P-02840;Trabalhista;GlobalTech Corp.;Juliana Rocha
P-02841;Execução de alimentos;Juliana Rocha;Juliana Rocha
P-02842;Busca e apreensão;Pedro Henrique Santos;AgroVale Ltda.
P-02843;Busca e apreensão;Instituto Nacional de Energia Renovável;Ana Paula Lima
P-02844;Extinção de condomínio;TechBrasil S.A.;Juliana Rocha
P-02845;Execução Fiscal;Secretaria de Saúde de Santa Clara;AgroVale Ltda.
P-02846;Execução de título extrajudicial;Ricardo Almeida;Prefeitura Municipal de Nova Esperança
P-02847;Execução Fiscal;Prefeitura Municipal de Nova Esperança;Instituto Nacional de Energia Renovável
P-02848;Ações hipotecárias;Construtora Nova Era Ltda.;Carlos Souza
P-02849;Execução Cível;Juliana Rocha;AgroVale Ltda.
P-02850;Trabalhista;Fernanda Costa;Estado de Santa Aurora
P-02851;Execução de título extrajudicial;Pedro Henrique Santos;João da Silva
P-02852;Trabalhista;Estado de Santa Aurora;Ricardo Almeida
P-02853;Extinção de condomínio;Juliana Rocha;Prefeitura Municipal de Nova Esperança
P-02854;Execução de título extrajudicial;Estado de Santa Aurora;GlobalTech Corp.
P-02855;Falência e Recuperação Judicial;Instituto Nacional de Energia Renovável;Instituto Nacional de Energia Renovável
P-02856;Execução Cível;AgroVale Ltda.;Construtora Nova Era Ltda.
P-02857;Busca e apreensão;Maria Oliveira;Juliana Rocha
P-02858;Execução de título extrajudicial;Pedro Henrique Santos;Prefeitura Municipal de Nova Esperança
P-02859;Execução Cível;Oficina Mecânica do Zé;Fernanda Costa
P-02860;Execução Fiscal;Secretaria de Saúde de Santa Clara;Maria Oliveira
P-02861;Falência e Recuperação Judicial;Instituto Nacional de Energia Renovável;Oficina Mecânica do Zé
P-02862;Execução Fiscal;Secretaria de Saúde de Santa Clara;Ana Paula Lima
P-02863;Execução Cível;Ricardo Almeida;Instituto Nacional de Energia Renovável
P-02864;Busca e apreensão;Ana Paula Lima;Fernanda Costa
P-02865;Execução de alimentos;TechBrasil S.A.;AgroVale Ltda.
P-02866;Inventário e partilha;Oficina Mecânica do Zé;Carlos Souza
P-02867;Trabalhista;TechBrasil S.A.;Juliana Rocha
P-02868;Execução de título extrajudicial;GlobalTech Corp.;Estado de Santa Aurora
P-02869;Busca e apreensão;Secretaria de Saúde de Santa Clara;Carlos Souza
P-02870;Execução Fiscal;Prefeitura Municipal de Nova Esperança;Secretaria de Saúde de Santa Clara
P-02871;Execução Fiscal;Prefeitura Municipal de Nova Esperança;Instituto Nacional de Energia Renovável
P-02872;Inventário e partilha;Instituto Nacional de Energia Renovável;Fernanda Costa
P-02873;Inventário e partilha;Juliana Rocha;Maria Oliveira
P-02874;Inventário e partilha;Secretaria de Saúde de Santa Clara;Construtora Nova Era Ltda.
P-02875;Execução de alimentos;Secretaria de Saúde de Santa Clara;AgroVale Ltda.
P-02876;Execução de título extrajudicial;Prefeitura Municipal de Nova Esperança;AgroVale Ltda.
P-02877;Inventário e partilha;Secretaria de Saúde de Santa Clara;TechBrasil S.A.
P-02878;Execução Cível;Ana Paula Lima;Construtora Nova Era Ltda.
P-02879;Execução de alimentos;Carlos Souza;Instituto Nacional de Energia Renovável
P-02880;Busca e apreensão;Construtora Nova Era Ltda.;Maria Oliveira
P-02881;Execução de alimentos;Carlos Souza;Prefeitura Municipal de Nova Esperança
P-02882;Extinção de condomínio;Fernanda Costa;Oficina Mecânica do Zé
P-02883;Ações hipotecárias;Juliana Rocha;Pedro Henrique Santos
P-02884;Falência e Recuperação Judicial;Instituto Nacional de Energia Renovável;Instituto Nacional de Energia Renovável
P-02885;Falência e Recuperação Judicial;Estado de Santa Aurora;TechBrasil S.A.
P-02886;Extinção de condomínio;AgroVale Ltda.;Secretaria de Saúde de Santa Clara
P-02887;Inventário e partilha;Construtora Nova Era Ltda.;TechBrasil S.A.
P-02888;Inventário e partilha;Construtora Nova Era Ltda.;Carlos Souza
P-02889;Trabalhista;Ricardo Almeida;Juliana Rocha
P-02890;Execução Fiscal;Instituto Nacional de Energia Renovável;João da Silva
P-02891;Execução de título extrajudicial;Ana Paula Lima;João da Silva
P-02892;Execução Cível;Secretaria de Saúde de Santa Clara;Maria Oliveira
P-02893;Execução Fiscal;Prefeitura Municipal de Nova Esperança;AgroVale Ltda.
P-02894;Inventário e partilha;Juliana Rocha;TechBrasil S.A.
P-02895;Trabalhista;Estado de Santa Aurora;João da Silva
P-02896;Falência e Recuperação Judicial;Estado de Santa Aurora;GlobalTech Corp.
P-02897;Inventário e partilha;TechBrasil S.A.;Maria Oliveira
P-02898;Execução Fiscal;Secretaria de Saúde de Santa Clara;João da Silva
P-02899;Execução Fiscal;Prefeitura Municipal de Nova Esperança;Instituto Nacional de Energia Renovável
P-02900;Extinção de condomínio;Ricardo Almeida;Prefeitura Municipal de Nova Esperança
P-02901;Inventário e partilha;AgroVale Ltda.;Secretaria de Saúde de Santa Clara
P-02902;Execução Cível;Secretaria de Saúde de Santa Clara;Secretaria de Saúde de Santa Clara
P-02903;Falência e Recuperação Judicial;Prefeitura Municipal de Nova Esperança;Oficina Mecânica do Zé
P-02904;Execução Fiscal;Secretaria de Saúde de Santa Clara;AgroVale Ltda.
P-02905;Execução Cível;GlobalTech Corp.;Fernanda Costa
P-02906;Execução de alimentos;Ricardo Almeida;Fernanda Costa
P-02907;Trabalhista;Ana Paula Lima;Fernanda Costa
P-02908;Inventário e partilha;Construtora Nova Era Ltda.;Maria Oliveira
P-02909;Ações hipotecárias;GlobalTech Corp.;Maria Oliveira
P-02910;Extinção de condomínio;Prefeitura Municipal de Nova Esperança;Oficina Mecânica do Zé
P-02911;Execução Cível;Maria Oliveira;Estado de Santa Aurora
P-02912;Execução Fiscal;Estado de Santa Aurora;Prefeitura Municipal de Nova Esperança
P-02913;Execução Cível;Construtora Nova Era Ltda.;Ricardo Almeida
P-02914;Busca e apreensão;Estado de Santa Aurora;Maria Oliveira
P-02915;Execução de alimentos;Oficina Mecânica do Zé;Maria Oliveira
P-02916;Ações hipotecárias;Construtora Nova Era Ltda.;João da Silva
P-02917;Execução Cível;Estado de Santa Aurora;Estado de Santa Aurora
P-02918;Ações hipotecárias;Fernanda Costa;Prefeitura Municipal de Nova Esperança
P-02919;Execução Fiscal;Estado de Santa Aurora;Estado de Santa Aurora
P-02920;Falência e Recuperação Judicial;Instituto Nacional de Energia Renovável;TechBrasil S.A.
P-02921;Execução Cível;TechBrasil S.A.;Pedro Henrique Santos
P-02922;Extinção de condomínio;Estado de Santa Aurora;Fernanda Costa
P-02923;Ações hipotecárias;João da Silva;Ana Paula Lima
P-02924;Execução de título extrajudicial;Oficina Mecânica do Zé;Construtora Nova Era Ltda.
P-02925;Falência e Recuperação Judicial;Prefeitura Municipal de Nova Esperança;AgroVale Ltda.
P-02926;Execução de alimentos;Ricardo Almeida;Oficina Mecânica do Zé
P-02927;Execução Fiscal;Instituto Nacional de Energia Renovável;Fernanda Costa
P-02928;Ações hipotecárias;João da Silva;Secretaria de Saúde de Santa Clara
P-02929;Execução Fiscal;Secretaria de Saúde de Santa Clara;GlobalTech Corp.
P-02930;Ações hipotecárias;Carlos Souza;Construtora Nova Era Ltda.
P-02931;Falência e Recuperação Judicial;Prefeitura Municipal de Nova Esperança;TechBrasil S.A.
P-02932;Execução de título extrajudicial;Prefeitura Municipal de Nova Esperança;Instituto Nacional de Energia Renovável
P-02933;Trabalhista;Ricardo Almeida;GlobalTech Corp.
P-02934;Execução de título extrajudicial;Estado de Santa Aurora;GlobalTech Corp.
P-02935;Execução de título extrajudicial;Ana Paula Lima;Carlos Souza
P-02936;Execução Cível;Pedro Henrique Santos;Estado de Santa Aurora
P-02937;Falência e Recuperação Judicial;Estado de Santa Aurora;Carlos Souza
P-02938;Busca e apreensão;Estado de Santa Aurora;Secretaria de Saúde de Santa Clara
P-02939;Falência e Recuperação Judicial;Instituto Nacional de Energia Renovável;Maria Oliveira
P-02940;Ações hipotecárias;Construtora Nova Era Ltda.;Pedro Henrique Santos
P-02941;Execução Fiscal;Instituto Nacional de Energia Renovável;Fernanda Costa
P-02942;Inventário e partilha;Oficina Mecânica do Zé;Pedro Henrique Santos
P-02943;Busca e apreensão;Ana Paula Lima;Carlos Souza
P-02944;Ações hipotecárias;TechBrasil S.A.;Ricardo Almeida
P-02945;Trabalhista;GlobalTech Corp.;Ana Paula Lima
P-02946;Execução de alimentos;Construtora Nova Era Ltda.;João da Silva
P-02947;Busca e apreensão;Pedro Henrique Santos;Ricardo Almeida
P-02948;Inventário e partilha;Fernanda Costa;Ricardo Almeida
P-02949;Execução de alimentos;Carlos Souza;João da Silva
P-02950;Trabalhista;Pedro Henrique Santos;Oficina Mecânica do Zé
P-02951;Busca e apreensão;Pedro Henrique Santos;Oficina Mecânica do Zé
P-02952;Trabalhista;Maria Oliveira;Instituto Nacional de Energia Renovável
P-02953;Execução de título extrajudicial;Fernanda Costa;Ana Paula Lima
P-02954;Execução Cível;Estado de Santa Aurora;Instituto Nacional de Energia Renovável
P-02955;Execução de título extrajudicial;TechBrasil S.A.;Prefeitura Municipal de Nova Esperança
P-02956;Busca e apreensão;Estado de Santa Aurora;João da Silva
P-02957;Ações hipotecárias;Ana Paula Lima;Ricardo Almeida
P-02958;Busca e apreensão;Instituto Nacional de Energia Renovável;Construtora Nova Era Ltda.
P-02959;Execução de alimentos;Instituto Nacional de Energia Renovável;Juliana Rocha
P-02960;Execução de título extrajudicial;Construtora Nova Era Ltda.;Carlos Souza
P-02961;Ações hipotecárias;Carlos Souza;Instituto Nacional de Energia Renovável
P-02962;Busca e apreensão;Fernanda Costa;Ana Paula Lima
P-02963;Ações hipotecárias;Oficina Mecânica do Zé;GlobalTech Corp.
P-02964;Ações hipotecárias;Juliana Rocha;Carlos Souza
P-02965;Inventário e partilha;Ricardo Almeida;Ricardo Almeida
P-02966;Execução de título extrajudicial;Prefeitura Municipal de Nova Esperança;Secretaria de Saúde de Santa Clara
P-02967;Falência e Recuperação Judicial;Estado de Santa Aurora;João da Silva
P-02968;Execução Fiscal;Estado de Santa Aurora;AgroVale Ltda.
P-02969;Ações hipotecárias;Carlos Souza;João da Silva
P-02970;Extinção de condomínio;GlobalTech Corp.;AgroVale Ltda.
P-02971;Extinção de condomínio;TechBrasil S.A.;Secretaria de Saúde de Santa Clara
P-02972;Execução de título extrajudicial;Estado de Santa Aurora;TechBrasil S.A.
P-02973;Falência e Recuperação Judicial;Prefeitura Municipal de Nova Esperança;Ana Paula Lima
P-02974;Ações hipotecárias;Fernanda Costa;Pedro Henrique Santos
P-02975;Ações hipotecárias;GlobalTech Corp.;Maria Oliveira
P-02976;Execução de título extrajudicial;AgroVale Ltda.;AgroVale Ltda.
P-02977;Extinção de condomínio;Fernanda Costa;João da Silva
P-02978;Busca e apreensão;Ana Paula Lima;AgroVale Ltda.
P-02979;Execução Fiscal;Estado de Santa Aurora;Instituto Nacional de Energia Renovável
P-02980;Execução Cível;Ricardo Almeida;Oficina Mecânica do Zé
P-02981;Execução Cível;TechBrasil S.A.;AgroVale Ltda.
P-02982;Inventário e partilha;Maria Oliveira;Oficina Mecânica do Zé
P-02983;Falência e Recuperação Judicial;Prefeitura Municipal de Nova Esperança;Fernanda Costa
P-02984;Inventário e partilha;Fernanda Costa;Maria Oliveira
P-02985;Trabalhista;Juliana Rocha;Ricardo Almeida
P-02986;Trabalhista;Construtora Nova Era Ltda.;AgroVale Ltda.
P-02987;Busca e apreensão;Oficina Mecânica do Zé;Prefeitura Municipal de Nova Esperança
P-02988;Execução Cível;Carlos Souza;João da Silva
P-02989;Trabalhista;Oficina Mecânica do Zé;Fernanda Costa
P-02990;Falência e Recuperação Judicial;Estado de Santa Aurora;Carlos Souza
P-02991;Busca e apreensão;Fernanda Costa;Ricardo Almeida
P-02992;Execução Fiscal;Prefeitura Municipal de Nova Esperança;Ricardo Almeida
P-02993;Execução Cível;Secretaria de Saúde de Santa Clara;Juliana Rocha
P-02994;Execução de título extrajudicial;Instituto Nacional de Energia Renovável;Construtora Nova Era Ltda.
P-02995;Execução Fiscal;Instituto Nacional de Energia Renovável;AgroVale Ltda.
P-02996;Extinção de condomínio;Estado de Santa Aurora;Carlos Souza
P-02997;Busca e apreensão;Estado de Santa Aurora;Carlos Souza
P-02998;Inventário e partilha;Carlos Souza;Juliana Rocha
P-02999;Ações hipotecárias;TechBrasil S.A.;Prefeitura Municipal de Nova Esperança
P-03000;Busca e apreensão;Carlos Souza;Prefeitura Municipal de Nova Esperança
P-03001;Falência e Recuperação Judicial;Secretaria de Saúde de Santa Clara;Maria Oliveira
P-03002;Falência e Recuperação Judicial;Secretaria de Saúde de Santa Clara;AgroVale Ltda.
P-03003;Execução de alimentos;AgroVale Ltda.;Construtora Nova Era Ltda.
P-03004;Extinção de condomínio;Secretaria de Saúde de Santa Clara;Pedro Henrique Santos
P-03005;Ações hipotecárias;GlobalTech Corp.;Juliana Rocha
P-03006;Inventário e partilha;Oficina Mecânica do Zé;João da Silva
P-03007;Falência e Recuperação Judicial;Prefeitura Municipal de Nova Esperança;Maria Oliveira
P-03008;Execução de alimentos;Oficina Mecânica do Zé;Fernanda Costa
P-03009;Extinção de condomínio;Instituto Nacional de Energia Renovável;Instituto Nacional de Energia Renovável
P-03010;Execução de título extrajudicial;Prefeitura Municipal de Nova Esperança;Instituto Nacional de Energia Renovável
P-03011;Busca e apreensão;Secretaria de Saúde de Santa Clara;Secretaria de Saúde de Santa Clara
P-03012;Execução Cível;Prefeitura Municipal de Nova Esperança;Instituto Nacional de Energia Renovável
P-03013;Busca e apreensão;Carlos Souza;Oficina Mecânica do Zé
P-03014;Falência e Recuperação Judicial;Instituto Nacional de Energia Renovável;Secretaria de Saúde de Santa Clara
P-03015;Execução de título extrajudicial;Instituto Nacional de Energia Renovável;TechBrasil S.A.
P-03016;Inventário e partilha;João da Silva;Ana Paula Lima
P-03017;Trabalhista;Prefeitura Municipal de Nova Esperança;Estado de Santa Aurora
P-03018;Execução de título extrajudicial;AgroVale Ltda.;Construtora Nova Era Ltda.
P-03019;Busca e apreensão;João da Silva;TechBrasil S.A.
P-03020;Falência e Recuperação Judicial;Instituto Nacional de Energia Renovável;TechBrasil S.A.
P-03021;Execução Cível;TechBrasil S.A.;João da Silva
P-03022;Inventário e partilha;Maria Oliveira;Estado de Santa Aurora
P-03023;Busca e apreensão;Prefeitura Municipal de Nova Esperança;Pedro Henrique Santos
P-03024;Inventário e partilha;Juliana Rocha;Ricardo Almeida
P-03025;Ações hipotecárias;Fernanda Costa;Carlos Souza
P-03026;Busca e apreensão;Maria Oliveira;Ana Paula Lima
P-03027;Execução de título extrajudicial;Secretaria de Saúde de Santa Clara;Oficina Mecânica do Zé
P-03028;Falência e Recuperação Judicial;Prefeitura Municipal de Nova Esperança;AgroVale Ltda.
P-03029;Busca e apreensão;Construtora Nova Era Ltda.;Construtora Nova Era Ltda.
P-03030;Extinção de condomínio;Ana Paula Lima;Fernanda Costa
P-03031;Falência e Recuperação Judicial;Prefeitura Municipal de Nova Esperança;Pedro Henrique Santos
P-03032;Trabalhista;Oficina Mecânica do Zé;Prefeitura Municipal de Nova Esperança
P-03033;Execução Cível;Pedro Henrique Santos;Juliana Rocha
P-03034;Falência e Recuperação Judicial;Secretaria de Saúde de Santa Clara;Ricardo Almeida
P-03035;Busca e apreensão;Ricardo Almeida;Ana Paula Lima
P-03036;Ações hipotecárias;Instituto Nacional de Energia Renovável;GlobalTech Corp.
P-03037;Trabalhista;TechBrasil S.A.;Ana Paula Lima
P-03038;Execução Cível;Secretaria de Saúde de Santa Clara;Pedro Henrique Santos
P-03039;Execução de título extrajudicial;Carlos Souza;Pedro Henrique Santos
P-03040;Extinção de condomínio;GlobalTech Corp.;Secretaria de Saúde de Santa Clara
P-03041;Ações hipotecárias;Instituto Nacional de Energia Renovável;AgroVale Ltda.
P-03042;Inventário e partilha;Oficina Mecânica do Zé;Instituto Nacional de Energia Renovável
P-03043;Execução de título extrajudicial;Secretaria de Saúde de Santa Clara;Ricardo Almeida
P-03044;Execução de título extrajudicial;Secretaria de Saúde de Santa Clara;GlobalTech Corp.
P-03045;Busca e apreensão;Estado de Santa Aurora;Juliana Rocha
P-03046;Inventário e partilha;Juliana Rocha;Carlos Souza
P-03047;Execução de alimentos;Instituto Nacional de Energia Renovável;TechBrasil S.A.
P-03048;Execução Fiscal;Prefeitura Municipal de Nova Esperança;João da Silva
P-03049;Extinção de condomínio;Pedro Henrique Santos;Ana Paula Lima
P-03050;Busca e apreensão;Carlos Souza;Construtora Nova Era Ltda.
P-03051;Execução de alimentos;Maria Oliveira;GlobalTech Corp.
P-03052;Falência e Recuperação Judicial;Prefeitura Municipal de Nova Esperança;Fernanda Costa
P-03053;Falência e Recuperação Judicial;Instituto Nacional de Energia Renovável;Carlos Souza
P-03054;Execução Cível;Estado de Santa Aurora;Juliana Rocha
P-03055;Inventário e partilha;Construtora Nova Era Ltda.;Secretaria de Saúde de Santa Clara
P-03056;Execução Fiscal;Prefeitura Municipal de Nova Esperança;Estado de Santa Aurora
P-03057;Extinção de condomínio;João da Silva;Estado de Santa Aurora
P-03058;Busca e apreensão;Carlos Souza;Ricardo Almeida
P-03059;Busca e apreensão;TechBrasil S.A.;TechBrasil S.A.
P-03060;Ações hipotecárias;Ricardo Almeida;AgroVale Ltda.
P-03061;Inventário e partilha;Oficina Mecânica do Zé;GlobalTech Corp.
P-03062;Execução de alimentos;AgroVale Ltda.;Maria Oliveira
P-03063;Ações hipotecárias;Construtora Nova Era Ltda.;João da Silva
P-03064;Execução de alimentos;AgroVale Ltda.;Fernanda Costa
P-03065;Falência e Recuperação Judicial;Prefeitura Municipal de Nova Esperança;Instituto Nacional de Energia Renovável
P-03066;Extinção de condomínio;Pedro Henrique Santos;Pedro Henrique Santos
P-03067;Execução de título extrajudicial;AgroVale Ltda.;Maria Oliveira
P-03068;Busca e apreensão;João da Silva;TechBrasil S.A.
P-03069;Execução de alimentos;Construtora Nova Era Ltda.;João da Silva
P-03070;Ações hipotecárias;TechBrasil S.A.;Pedro Henrique Santos
P-03071;Execução Cível;Pedro Henrique Santos;Maria Oliveira
P-03072;Execução Fiscal;Instituto Nacional de Energia Renovável;Oficina Mecânica do Zé
P-03073;Execução Cível;Juliana Rocha;Maria Oliveira
P-03074;Execução Cível;Pedro Henrique Santos;João da Silva
P-03075;Execução Fiscal;Instituto Nacional de Energia Renovável;Instituto Nacional de Energia Renovável
P-03076;Falência e Recuperação Judicial;Estado de Santa Aurora;Prefeitura Municipal de Nova Esperança
P-03077;Busca e apreensão;Fernanda Costa;Estado de Santa Aurora
P-03078;Trabalhista;João da Silva;Ana Paula Lima
P-03079;Execução Fiscal;Secretaria de Saúde de Santa Clara;Prefeitura Municipal de Nova Esperança
P-03080;Busca e apreensão;Instituto Nacional de Energia Renovável;Prefeitura Municipal de Nova Esperança
P-03081;Busca e apreensão;Construtora Nova Era Ltda.;Instituto Nacional de Energia Renovável
P-03082;Ações hipotecárias;AgroVale Ltda.;GlobalTech Corp.
P-03083;Falência e Recuperação Judicial;Secretaria de Saúde de Santa Clara;Instituto Nacional de Energia Renovável
P-03084;Trabalhista;Pedro Henrique Santos;AgroVale Ltda.
P-03085;Execução Fiscal;Secretaria de Saúde de Santa Clara;Pedro Henrique Santos
P-03086;Trabalhista;Estado de Santa Aurora;TechBrasil S.A.
P-03087;Execução de alimentos;Secretaria de Saúde de Santa Clara;GlobalTech Corp.
P-03088;Execução de alimentos;Secretaria de Saúde de Santa Clara;AgroVale Ltda.
P-03089;Extinção de condomínio;Oficina Mecânica do Zé;Prefeitura Municipal de Nova Esperança
P-03090;Execução Cível;João da Silva;Ricardo Almeida
P-03091;Execução Cível;Prefeitura Municipal de Nova Esperança;TechBrasil S.A.
P-03092;Execução de alimentos;Maria Oliveira;Maria Oliveira
P-03093;Trabalhista;Secretaria de Saúde de Santa Clara;Ana Paula Lima
P-03094;Inventário e partilha;Maria Oliveira;AgroVale Ltda.
P-03095;Trabalhista;Prefeitura Municipal de Nova Esperança;AgroVale Ltda.
P-03096;Extinção de condomínio;Prefeitura Municipal de Nova Esperança;Carlos Souza
P-03097;Extinção de condomínio;TechBrasil S.A.;GlobalTech Corp.
P-03098;Falência e Recuperação Judicial;Estado de Santa Aurora;Construtora Nova Era Ltda.
P-03099;Extinção de condomínio;João da Silva;Prefeitura Municipal de Nova Esperança
P-03100;Busca e apreensão;Estado de Santa Aurora;Construtora Nova Era Ltda.
P-03101;Trabalhista;Pedro Henrique Santos;Oficina Mecânica do Zé
P-03102;Falência e Recuperação Judicial;Secretaria de Saúde de Santa Clara;Oficina Mecânica do Zé
P-03103;Execução de título extrajudicial;Ana Paula Lima;Ana Paula Lima
P-03104;Extinção de condomínio;Juliana Rocha;Estado de Santa Aurora
P-03105;Falência e Recuperação Judicial;Prefeitura Municipal de Nova Esperança;Juliana Rocha
P-03106;Busca e apreensão;Carlos Souza;Pedro Henrique Santos
P-03107;Falência e Recuperação Judicial;Prefeitura Municipal de Nova Esperança;Estado de Santa Aurora
P-03108;Trabalhista;Secretaria de Saúde de Santa Clara;Estado de Santa Aurora
P-03109;Execução de alimentos;Fernanda Costa;Oficina Mecânica do Zé
P-03110;Inventário e partilha;Oficina Mecânica do Zé;Estado de Santa Aurora
P-03111;Execução de título extrajudicial;João da Silva;Estado de Santa Aurora
P-03112;Execução de título extrajudicial;Construtora Nova Era Ltda.;Juliana Rocha
P-03113;Busca e apreensão;Carlos Souza;Carlos Souza
P-03114;Extinção de condomínio;Ana Paula Lima;AgroVale Ltda.
P-03115;Extinção de condomínio;Carlos Souza;Estado de Santa Aurora
P-03116;Falência e Recuperação Judicial;Prefeitura Municipal de Nova Esperança;AgroVale Ltda.
P-03117;Execução de título extrajudicial;Estado de Santa Aurora;Oficina Mecânica do Zé
P-03118;Execução de título extrajudicial;Instituto Nacional de Energia Renovável;Fernanda Costa
P-03119;Extinção de condomínio;Juliana Rocha;Instituto Nacional de Energia Renovável
P-03120;Execução de título extrajudicial;Ana Paula Lima;Juliana Rocha
P-03121;Execução de título extrajudicial;AgroVale Ltda.;Pedro Henrique Santos
P-03122;Trabalhista;Secretaria de Saúde de Santa Clara;Juliana Rocha
P-03123;Falência e Recuperação Judicial;Secretaria de Saúde de Santa Clara;Pedro Henrique Santos
P-03124;Busca e apreensão;Estado de Santa Aurora;Estado de Santa Aurora
P-03125;Trabalhista;Secretaria de Saúde de Santa Clara;GlobalTech Corp.
P-03126;Execução de título extrajudicial;AgroVale Ltda.;TechBrasil S.A.
P-03127;Execução de título extrajudicial;Construtora Nova Era Ltda.;AgroVale Ltda.
P-03128;Execução de alimentos;Juliana Rocha;Prefeitura Municipal de Nova Esperança
P-03129;Falência e Recuperação Judicial;Secretaria de Saúde de Santa Clara;Fernanda Costa
P-03130;Busca e apreensão;Secretaria de Saúde de Santa Clara;Maria Oliveira
P-03131;Trabalhista;Prefeitura Municipal de Nova Esperança;João da Silva
P-03132;Trabalhista;Oficina Mecânica do Zé;Ricardo Almeida
P-03133;Trabalhista;Estado de Santa Aurora;Instituto Nacional de Energia Renovável
P-03134;Execução Fiscal;Prefeitura Municipal de Nova Esperança;Fernanda Costa
P-03135;Execução de alimentos;Construtora Nova Era Ltda.;Oficina Mecânica do Zé
P-03136;Trabalhista;Fernanda Costa;Estado de Santa Aurora
P-03137;Inventário e partilha;João da Silva;Maria Oliveira
P-03138;Falência e Recuperação Judicial;Instituto Nacional de Energia Renovável;João da Silva
P-03139;Ações hipotecárias;Instituto Nacional de Energia Renovável;Pedro Henrique Santos
P-03140;Ações hipotecárias;Maria Oliveira;Maria Oliveira
P-03141;Trabalhista;Oficina Mecânica do Zé;Construtora Nova Era Ltda.
P-03142;Ações hipotecárias;Instituto Nacional de Energia Renovável;Prefeitura Municipal de Nova Esperança
P-03143;Trabalhista;Construtora Nova Era Ltda.;Construtora Nova Era Ltda.
P-03144;Execução Cível;Maria Oliveira;Instituto Nacional de Energia Renovável
P-03145;Extinção de condomínio;Juliana Rocha;Prefeitura Municipal de Nova Esperança
P-03146;Ações hipotecárias;Pedro Henrique Santos;Ana Paula Lima
P-03147;Execução Fiscal;Prefeitura Municipal de Nova Esperança;Ana Paula Lima
P-03148;Ações hipotecárias;Instituto Nacional de Energia Renovável;Carlos Souza
P-03149;Execução Cível;Juliana Rocha;Carlos Souza
P-03150;Trabalhista;TechBrasil S.A.;Carlos Souza
P-03151;Execução de alimentos;Estado de Santa Aurora;AgroVale Ltda.
P-03152;Execução Cível;Instituto Nacional de Energia Renovável;Juliana Rocha
P-03153;Execução de título extrajudicial;Construtora Nova Era Ltda.;Maria Oliveira
P-03154;Execução de alimentos;Prefeitura Municipal de Nova Esperança;GlobalTech Corp.
P-03155;Busca e apreensão;Prefeitura Municipal de Nova Esperança;Construtora Nova Era Ltda.
P-03156;Execução Fiscal;Secretaria de Saúde de Santa Clara;AgroVale Ltda.
P-03157;Trabalhista;Oficina Mecânica do Zé;Ricardo Almeida
P-03158;Busca e apreensão;Instituto Nacional de Energia Renovável;Maria Oliveira
P-03159;Trabalhista;Construtora Nova Era Ltda.;Secretaria de Saúde de Santa Clara
P-03160;Busca e apreensão;Juliana Rocha;Estado de Santa Aurora
P-03161;Inventário e partilha;Maria Oliveira;Fernanda Costa
P-03162;Execução de título extrajudicial;Ricardo Almeida;Juliana Rocha
P-03163;Execução de título extrajudicial;GlobalTech Corp.;Juliana Rocha
P-03164;Ações hipotecárias;Pedro Henrique Santos;Instituto Nacional de Energia Renovável
P-03165;Extinção de condomínio;João da Silva;Ana Paula Lima
P-03166;Inventário e partilha;João da Silva;Fernanda Costa
P-03167;Falência e Recuperação Judicial;Instituto Nacional de Energia Renovável;Fernanda Costa
P-03168;Busca e apreensão;Prefeitura Municipal de Nova Esperança;Fernanda Costa
P-03169;Trabalhista;Ricardo Almeida;Secretaria de Saúde de Santa Clara
P-03170;Trabalhista;João da Silva;Fernanda Costa
P-03171;Execução de título extrajudicial;Estado de Santa Aurora;Fernanda Costa
P-03172;Inventário e partilha;Fernanda Costa;TechBrasil S.A.
P-03173;Execução Fiscal;Instituto Nacional de Energia Renovável;GlobalTech Corp.
P-03174;Busca e apreensão;Instituto Nacional de Energia Renovável;Secretaria de Saúde de Santa Clara
P-03175;Extinção de condomínio;AgroVale Ltda.;Carlos Souza
P-03176;Execução Fiscal;Prefeitura Municipal de Nova Esperança;Ana Paula Lima
P-03177;Execução Fiscal;Instituto Nacional de Energia Renovável;GlobalTech Corp.
P-03178;Trabalhista;João da Silva;Ricardo Almeida
P-03179;Extinção de condomínio;Fernanda Costa;Oficina Mecânica do Zé
P-03180;Execução Cível;Oficina Mecânica do Zé;Prefeitura Municipal de Nova Esperança
P-03181;Execução de título extrajudicial;Construtora Nova Era Ltda.;Ana Paula Lima
P-03182;Execução Fiscal;Estado de Santa Aurora;João da Silva
P-03183;Execução Cível;Construtora Nova Era Ltda.;Juliana Rocha
P-03184;Execução de alimentos;Estado de Santa Aurora;Estado de Santa Aurora
P-03185;Execução de alimentos;Ana Paula Lima;Carlos Souza
P-03186;Ações hipotecárias;Ricardo Almeida;Construtora Nova Era Ltda.
P-03187;Inventário e partilha;Carlos Souza;Prefeitura Municipal de Nova Esperança
P-03188;Busca e apreensão;Construtora Nova Era Ltda.;Ricardo Almeida
P-03189;Trabalhista;Fernanda Costa;Oficina Mecânica do Zé
P-03190;Inventário e partilha;Prefeitura Municipal de Nova Esperança;Instituto Nacional de Energia Renovável
P-03191;Falência e Recuperação Judicial;Prefeitura Municipal de Nova Esperança;João da Silva
P-03192;Execução Cível;Estado de Santa Aurora;Pedro Henrique Santos
P-03193;Extinção de condomínio;GlobalTech Corp.;Juliana Rocha
P-03194;Execução de alimentos;Pedro Henrique Santos;Carlos Souza
P-03195;Extinção de condomínio;Carlos Souza;Pedro Henrique Santos
P-03196;Inventário e partilha;Ana Paula Lima;Instituto Nacional de Energia Renovável
P-03197;Ações hipotecárias;GlobalTech Corp.;Juliana Rocha
P-03198;Ações hipotecárias;Carlos Souza;Estado de Santa Aurora
P-03199;Ações hipotecárias;Prefeitura Municipal de Nova Esperança;Instituto Nacional de Energia Renovável
P-03200;Execução Cível;TechBrasil S.A.;Fernanda Costa
P-03201;Falência e Recuperação Judicial;Instituto Nacional de Energia Renovável;Pedro Henrique Santos
P-03202;Execução Fiscal;Secretaria de Saúde de Santa Clara;Construtora Nova Era Ltda.
P-03203;Inventário e partilha;Estado de Santa Aurora;Secretaria de Saúde de Santa Clara
P-03204;Falência e Recuperação Judicial;Prefeitura Municipal de Nova Esperança;GlobalTech Corp.
P-03205;Execução de título extrajudicial;Prefeitura Municipal de Nova Esperança;Secretaria de Saúde de Santa Clara
P-03206;Inventário e partilha;Pedro Henrique Santos;Ricardo Almeida
P-03207;Busca e apreensão;Construtora Nova Era Ltda.;Prefeitura Municipal de Nova Esperança
P-03208;Trabalhista;Construtora Nova Era Ltda.;Instituto Nacional de Energia Renovável
P-03209;Extinção de condomínio;Ana Paula Lima;Estado de Santa Aurora
P-03210;Extinção de condomínio;Construtora Nova Era Ltda.;Ana Paula Lima
P-03211;Execução Fiscal;Instituto Nacional de Energia Renovável;Oficina Mecânica do Zé
P-03212;Ações hipotecárias;Oficina Mecânica do Zé;GlobalTech Corp.
P-03213;Execução de título extrajudicial;Secretaria de Saúde de Santa Clara;João da Silva
P-03214;Execução de título extrajudicial;Carlos Souza;Carlos Souza
P-03215;Falência e Recuperação Judicial;Instituto Nacional de Energia Renovável;Secretaria de Saúde de Santa Clara
P-03216;Busca e apreensão;Pedro Henrique Santos;Instituto Nacional de Energia Renovável
P-03217;Execução Cível;Carlos Souza;GlobalTech Corp.
P-03218;Execução de título extrajudicial;Prefeitura Municipal de Nova Esperança;Ana Paula Lima
P-03219;Trabalhista;GlobalTech Corp.;GlobalTech Corp.
P-03220;Falência e Recuperação Judicial;Instituto Nacional de Energia Renovável;Maria Oliveira
P-03221;Execução Fiscal;Instituto Nacional de Energia Renovável;Maria Oliveira
P-03222;Execução de alimentos;Construtora Nova Era Ltda.;Estado de Santa Aurora
P-03223;Execução de alimentos;Construtora Nova Era Ltda.;Estado de Santa Aurora
P-03224;Inventário e partilha;GlobalTech Corp.;Pedro Henrique Santos
P-03225;Trabalhista;AgroVale Ltda.;TechBrasil S.A.
P-03226;Execução de título extrajudicial;Pedro Henrique Santos;AgroVale Ltda.
P-03227;Execução Cível;Ana Paula Lima;Maria Oliveira
P-03228;Ações hipotecárias;GlobalTech Corp.;Oficina Mecânica do Zé
P-03229;Execução de alimentos;Maria Oliveira;Secretaria de Saúde de Santa Clara
P-03230;Execução Cível;GlobalTech Corp.;Prefeitura Municipal de Nova Esperança
P-03231;Execução de título extrajudicial;AgroVale Ltda.;João da Silva
P-03232;Extinção de condomínio;Ricardo Almeida;Prefeitura Municipal de Nova Esperança
P-03233;Inventário e partilha;AgroVale Ltda.;Ana Paula Lima
P-03234;Execução de título extrajudicial;Juliana Rocha;AgroVale Ltda.
P-03235;Execução Cível;Fernanda Costa;Construtora Nova Era Ltda.
P-03236;Execução de alimentos;Juliana Rocha;Secretaria de Saúde de Santa Clara
P-03237;Extinção de condomínio;João da Silva;Carlos Souza
P-03238;Extinção de condomínio;Prefeitura Municipal de Nova Esperança;Construtora Nova Era Ltda.
P-03239;Busca e apreensão;Instituto Nacional de Energia Renovável;Ana Paula Lima
P-03240;Ações hipotecárias;Construtora Nova Era Ltda.;Instituto Nacional de Energia Renovável
P-03241;Busca e apreensão;Oficina Mecânica do Zé;Ricardo Almeida
P-03242;Falência e Recuperação Judicial;Estado de Santa Aurora;Maria Oliveira
P-03243;Falência e Recuperação Judicial;Prefeitura Municipal de Nova Esperança;Oficina Mecânica do Zé
P-03244;Execução Cível;Pedro Henrique Santos;Oficina Mecânica do Zé
P-03245;Trabalhista;Instituto Nacional de Energia Renovável;Fernanda Costa
P-03246;Execução Cível;Carlos Souza;Oficina Mecânica do Zé
P-03247;Extinção de condomínio;Construtora Nova Era Ltda.;Construtora Nova Era Ltda.
P-03248;Busca e apreensão;Ricardo Almeida;Ricardo Almeida
P-03249;Inventário e partilha;Carlos Souza;Construtora Nova Era Ltda.
P-03250;Busca e apreensão;TechBrasil S.A.;João da Silva
P-03251;Extinção de condomínio;Ana Paula Lima;Carlos Souza
P-03252;Execução Fiscal;Prefeitura Municipal de Nova Esperança;Pedro Henrique Santos
P-03253;Busca e apreensão;Carlos Souza;Juliana Rocha
P-03254;Inventário e partilha;Pedro Henrique Santos;TechBrasil S.A.
P-03255;Execução de título extrajudicial;Maria Oliveira;Estado de Santa Aurora
P-03256;Execução de alimentos;João da Silva;Juliana Rocha
P-03257;Falência e Recuperação Judicial;Prefeitura Municipal de Nova Esperança;Estado de Santa Aurora
P-03258;Busca e apreensão;João da Silva;Juliana Rocha
P-03259;Execução de alimentos;Prefeitura Municipal de Nova Esperança;Oficina Mecânica do Zé
P-03260;Trabalhista;TechBrasil S.A.;Estado de Santa Aurora
P-03261;Execução de alimentos;Instituto Nacional de Energia Renovável;João da Silva
P-03262;Execução Fiscal;Prefeitura Municipal de Nova Esperança;Ana Paula Lima
P-03263;Execução de título extrajudicial;AgroVale Ltda.;Prefeitura Municipal de Nova Esperança
P-03264;Extinção de condomínio;GlobalTech Corp.;GlobalTech Corp.
P-03265;Falência e Recuperação Judicial;Estado de Santa Aurora;Prefeitura Municipal de Nova Esperança
P-03266;Trabalhista;Construtora Nova Era Ltda.;Ricardo Almeida
P-03267;Busca e apreensão;Instituto Nacional de Energia Renovável;João da Silva
P-03268;Execução de alimentos;Juliana Rocha;João da Silva
P-03269;Ações hipotecárias;Carlos Souza;Ana Paula Lima
P-03270;Trabalhista;Ana Paula Lima;Ricardo Almeida
P-03271;Execução Cível;Juliana Rocha;AgroVale Ltda.
P-03272;Execução de título extrajudicial;Prefeitura Municipal de Nova Esperança;Ana Paula Lima
P-03273;Execução de alimentos;Construtora Nova Era Ltda.;Maria Oliveira
P-03274;Trabalhista;Secretaria de Saúde de Santa Clara;Ana Paula Lima
P-03275;Inventário e partilha;Secretaria de Saúde de Santa Clara;GlobalTech Corp.
P-03276;Execução de alimentos;Secretaria de Saúde de Santa Clara;Maria Oliveira
P-03277;Falência e Recuperação Judicial;Instituto Nacional de Energia Renovável;Maria Oliveira
P-03278;Falência e Recuperação Judicial;Prefeitura Municipal de Nova Esperança;Instituto Nacional de Energia Renovável
P-03279;Busca e apreensão;Carlos Souza;Ana Paula Lima
P-03280;Execução de título extrajudicial;Fernanda Costa;Estado de Santa Aurora
P-03281;Ações hipotecárias;Pedro Henrique Santos;Maria Oliveira
P-03282;Execução de alimentos;Instituto Nacional de Energia Renovável;GlobalTech Corp.
P-03283;Trabalhista;Fernanda Costa;Ricardo Almeida
P-03284;Execução Fiscal;Estado de Santa Aurora;Prefeitura Municipal de Nova Esperança
P-03285;Execução Cível;Estado de Santa Aurora;Construtora Nova Era Ltda.
P-03286;Execução Cível;GlobalTech Corp.;Estado de Santa Aurora
P-03287;Trabalhista;Fernanda Costa;Fernanda Costa
P-03288;Ações hipotecárias;Secretaria de Saúde de Santa Clara;Carlos Souza
P-03289;Trabalhista;Juliana Rocha;Pedro Henrique Santos
P-03290;Busca e apreensão;Prefeitura Municipal de Nova Esperança;Juliana Rocha
P-03291;Execução Cível;Ana Paula Lima;Fernanda Costa
P-03292;Extinção de condomínio;Carlos Souza;Ricardo Almeida
P-03293;Busca e apreensão;Ricardo Almeida;Carlos Souza
P-03294;Execução de título extrajudicial;Fernanda Costa;Secretaria de Saúde de Santa Clara
P-03295;Falência e Recuperação Judicial;Prefeitura Municipal de Nova Esperança;Instituto Nacional de Energia Renovável
P-03296;Execução Cível;TechBrasil S.A.;João da Silva
P-03297;Falência e Recuperação Judicial;Estado de Santa Aurora;Construtora Nova Era Ltda.
P-03298;Busca e apreensão;Construtora Nova Era Ltda.;Maria Oliveira
P-03299;Inventário e partilha;GlobalTech Corp.;Estado de Santa Aurora
P-03300;Execução de alimentos;Estado de Santa Aurora;Construtora Nova Era Ltda.
P-03301;Execução Fiscal;Estado de Santa Aurora;Ana Paula Lima
P-03302;Execução Cível;Estado de Santa Aurora;Carlos Souza
P-03303;Falência e Recuperação Judicial;Prefeitura Municipal de Nova Esperança;Secretaria de Saúde de Santa Clara
P-03304;Ações hipotecárias;Pedro Henrique Santos;Pedro Henrique Santos
P-03305;Busca e apreensão;Carlos Souza;Juliana Rocha
P-03306;Execução de alimentos;Prefeitura Municipal de Nova Esperança;Oficina Mecânica do Zé
P-03307;Execução de alimentos;Construtora Nova Era Ltda.;João da Silva
P-03308;Busca e apreensão;Fernanda Costa;Pedro Henrique Santos
P-03309;Ações hipotecárias;Secretaria de Saúde de Santa Clara;Maria Oliveira
P-03310;Execução Fiscal;Secretaria de Saúde de Santa Clara;Ricardo Almeida
P-03311;Inventário e partilha;Prefeitura Municipal de Nova Esperança;Prefeitura Municipal de Nova Esperança
P-03312;Trabalhista;Ana Paula Lima;João da Silva
P-03313;Execução Fiscal;Prefeitura Municipal de Nova Esperança;Instituto Nacional de Energia Renovável
P-03314;Execução Cível;Pedro Henrique Santos;Pedro Henrique Santos
P-03315;Ações hipotecárias;Ricardo Almeida;TechBrasil S.A.
P-03316;Execução de alimentos;GlobalTech Corp.;Pedro Henrique Santos
P-03317;Execução de alimentos;Ana Paula Lima;João da Silva
P-03318;Execução Cível;Instituto Nacional de Energia Renovável;Ana Paula Lima
P-03319;Execução Cível;Construtora Nova Era Ltda.;Ana Paula Lima
P-03320;Ações hipotecárias;Construtora Nova Era Ltda.;Oficina Mecânica do Zé
P-03321;Falência e Recuperação Judicial;Instituto Nacional de Energia Renovável;Construtora Nova Era Ltda.
P-03322;Busca e apreensão;GlobalTech Corp.;Pedro Henrique Santos
P-03323;Extinção de condomínio;Pedro Henrique Santos;Oficina Mecânica do Zé
P-03324;Execução de alimentos;Secretaria de Saúde de Santa Clara;Fernanda Costa
P-03325;Execução Fiscal;Instituto Nacional de Energia Renovável;Pedro Henrique Santos
P-03326;Execução Cível;Ana Paula Lima;Estado de Santa Aurora
P-03327;Inventário e partilha;Maria Oliveira;Ricardo Almeida
P-03328;Busca e apreensão;Oficina Mecânica do Zé;AgroVale Ltda.
P-03329;Falência e Recuperação Judicial;Secretaria de Saúde de Santa Clara;Pedro Henrique Santos
P-03330;Execução de alimentos;Instituto Nacional de Energia Renovável;AgroVale Ltda.
P-03331;Execução Fiscal;Instituto Nacional de Energia Renovável;Oficina Mecânica do Zé
P-03332;Falência e Recuperação Judicial;Estado de Santa Aurora;AgroVale Ltda.
P-03333;Falência e Recuperação Judicial;Instituto Nacional de Energia Renovável;Maria Oliveira
P-03334;Extinção de condomínio;Prefeitura Municipal de Nova Esperança;Pedro Henrique Santos
P-03335;Busca e apreensão;TechBrasil S.A.;Carlos Souza
P-03336;Trabalhista;Maria Oliveira;Fernanda Costa
P-03337;Falência e Recuperação Judicial;Prefeitura Municipal de Nova Esperança;Carlos Souza
P-03338;Execução Cível;Construtora Nova Era Ltda.;Construtora Nova Era Ltda.
P-03339;Inventário e partilha;Juliana Rocha;Maria Oliveira
P-03340;Ações hipotecárias;AgroVale Ltda.;Instituto Nacional de Energia Renovável
P-03341;Execução Fiscal;Prefeitura Municipal de Nova Esperança;Pedro Henrique Santos
P-03342;Execução Fiscal;Instituto Nacional de Energia Renovável;Secretaria de Saúde de Santa Clara
P-03343;Execução Cível;Prefeitura Municipal de Nova Esperança;Prefeitura Municipal de Nova Esperança
P-03344;Execução Cível;Pedro Henrique Santos;Instituto Nacional de Energia Renovável
P-03345;Falência e Recuperação Judicial;Prefeitura Municipal de Nova Esperança;TechBrasil S.A.
P-03346;Execução Cível;João da Silva;Ricardo Almeida
P-03347;Execução Fiscal;Prefeitura Municipal de Nova Esperança;GlobalTech Corp.
P-03348;Ações hipotecárias;João da Silva;Estado de Santa Aurora
P-03349;Trabalhista;Instituto Nacional de Energia Renovável;Oficina Mecânica do Zé
P-03350;Falência e Recuperação Judicial;Prefeitura Municipal de Nova Esperança;Oficina Mecânica do Zé
P-03351;Busca e apreensão;Carlos Souza;Carlos Souza
P-03352;Busca e apreensão;Fernanda Costa;AgroVale Ltda.
P-03353;Execução de título extrajudicial;Oficina Mecânica do Zé;AgroVale Ltda.
P-03354;Busca e apreensão;Maria Oliveira;GlobalTech Corp.
P-03355;Execução Fiscal;Instituto Nacional de Energia Renovável;Fernanda Costa
P-03356;Trabalhista;Oficina Mecânica do Zé;João da Silva
P-03357;Falência e Recuperação Judicial;Secretaria de Saúde de Santa Clara;Estado de Santa Aurora
P-03358;Trabalhista;Estado de Santa Aurora;Prefeitura Municipal de Nova Esperança
P-03359;Execução Fiscal;Secretaria de Saúde de Santa Clara;Maria Oliveira
P-03360;Execução de título extrajudicial;Construtora Nova Era Ltda.;AgroVale Ltda.
P-03361;Execução Cível;Fernanda Costa;Estado de Santa Aurora
P-03362;Falência e Recuperação Judicial;Secretaria de Saúde de Santa Clara;GlobalTech Corp.
P-03363;Execução Fiscal;Instituto Nacional de Energia Renovável;Instituto Nacional de Energia Renovável
P-03364;Ações hipotecárias;Estado de Santa Aurora;GlobalTech Corp.
P-03365;Busca e apreensão;Ana Paula Lima;Fernanda Costa
P-03366;Execução de título extrajudicial;João da Silva;Instituto Nacional de Energia Renovável
P-03367;Execução Fiscal;Prefeitura Municipal de Nova Esperança;Juliana Rocha
P-03368;Execução de alimentos;Pedro Henrique Santos;Juliana Rocha
P-03369;Execução de título extrajudicial;Carlos Souza;Pedro Henrique Santos
P-03370;Execução de título extrajudicial;João da Silva;GlobalTech Corp.
P-03371;Inventário e partilha;Instituto Nacional de Energia Renovável;Estado de Santa Aurora
P-03372;Execução Cível;Pedro Henrique Santos;Oficina Mecânica do Zé
P-03373;Execução de alimentos;Oficina Mecânica do Zé;João da Silva
P-03374;Extinção de condomínio;Secretaria de Saúde de Santa Clara;Secretaria de Saúde de Santa Clara
P-03375;Ações hipotecárias;João da Silva;Instituto Nacional de Energia Renovável
P-03376;Execução Cível;João da Silva;GlobalTech Corp.
P-03377;Execução Fiscal;Estado de Santa Aurora;Prefeitura Municipal de Nova Esperança
P-03378;Execução de título extrajudicial;Carlos Souza;Carlos Souza
P-03379;Busca e apreensão;Maria Oliveira;João da Silva
P-03380;Busca e apreensão;Prefeitura Municipal de Nova Esperança;Ricardo Almeida
P-03381;Inventário e partilha;AgroVale Ltda.;Fernanda Costa
P-03382;Ações hipotecárias;Oficina Mecânica do Zé;Ricardo Almeida
P-03383;Execução de título extrajudicial;Prefeitura Municipal de Nova Esperança;Ana Paula Lima
P-03384;Trabalhista;Maria Oliveira;Construtora Nova Era Ltda.
P-03385;Extinção de condomínio;Estado de Santa Aurora;AgroVale Ltda.
P-03386;Trabalhista;Fernanda Costa;Carlos Souza
P-03387;Execução de alimentos;GlobalTech Corp.;Ricardo Almeida
P-03388;Falência e Recuperação Judicial;Prefeitura Municipal de Nova Esperança;João da Silva
P-03389;Extinção de condomínio;Prefeitura Municipal de Nova Esperança;Oficina Mecânica do Zé
P-03390;Execução Cível;Ana Paula Lima;Juliana Rocha
P-03391;Execução Fiscal;Secretaria de Saúde de Santa Clara;Construtora Nova Era Ltda.
P-03392;Extinção de condomínio;Carlos Souza;GlobalTech Corp.
P-03393;Inventário e partilha;Carlos Souza;Maria Oliveira
P-03394;Execução Fiscal;Estado de Santa Aurora;Secretaria de Saúde de Santa Clara
P-03395;Busca e apreensão;Prefeitura Municipal de Nova Esperança;Pedro Henrique Santos
P-03396;Inventário e partilha;Estado de Santa Aurora;Secretaria de Saúde de Santa Clara
P-03397;Ações hipotecárias;Prefeitura Municipal de Nova Esperança;Instituto Nacional de Energia Renovável
P-03398;Trabalhista;Juliana Rocha;Prefeitura Municipal de Nova Esperança
P-03399;Busca e apreensão;Secretaria de Saúde de Santa Clara;Secretaria de Saúde de Santa Clara
P-03400;Execução Cível;Prefeitura Municipal de Nova Esperança;Construtora Nova Era Ltda.
P-03401;Execução Cível;AgroVale Ltda.;Maria Oliveira
P-03402;Falência e Recuperação Judicial;Estado de Santa Aurora;Juliana Rocha
P-03403;Extinção de condomínio;AgroVale Ltda.;Maria Oliveira
P-03404;Execução de título extrajudicial;GlobalTech Corp.;Ricardo Almeida
P-03405;Extinção de condomínio;Carlos Souza;Prefeitura Municipal de Nova Esperança
P-03406;Extinção de condomínio;Fernanda Costa;Prefeitura Municipal de Nova Esperança
P-03407;Extinção de condomínio;João da Silva;Secretaria de Saúde de Santa Clara
P-03408;Execução de título extrajudicial;AgroVale Ltda.;Juliana Rocha
P-03409;Execução de título extrajudicial;Ricardo Almeida;Estado de Santa Aurora
P-03410;Execução Fiscal;Estado de Santa Aurora;Secretaria de Saúde de Santa Clara
P-03411;Ações hipotecárias;TechBrasil S.A.;Prefeitura Municipal de Nova Esperança
P-03412;Extinção de condomínio;Maria Oliveira;Prefeitura Municipal de Nova Esperança
P-03413;Execução de título extrajudicial;Ricardo Almeida;Prefeitura Municipal de Nova Esperança
P-03414;Trabalhista;Juliana Rocha;AgroVale Ltda.
P-03415;Ações hipotecárias;Construtora Nova Era Ltda.;Secretaria de Saúde de Santa Clara
P-03416;Busca e apreensão;Juliana Rocha;Maria Oliveira
P-03417;Inventário e partilha;Carlos Souza;Oficina Mecânica do Zé
P-03418;Execução de título extrajudicial;AgroVale Ltda.;GlobalTech Corp.
P-03419;Busca e apreensão;Oficina Mecânica do Zé;Secretaria de Saúde de Santa Clara
P-03420;Ações hipotecárias;Construtora Nova Era Ltda.;Secretaria de Saúde de Santa Clara
P-03421;Extinção de condomínio;AgroVale Ltda.;Estado de Santa Aurora
P-03422;Trabalhista;TechBrasil S.A.;Carlos Souza
P-03423;Execução de alimentos;Carlos Souza;Ana Paula Lima
P-03424;Execução de título extrajudicial;GlobalTech Corp.;Fernanda Costa
P-03425;Trabalhista;Instituto Nacional de Energia Renovável;Instituto Nacional de Energia Renovável
P-03426;Execução Fiscal;Secretaria de Saúde de Santa Clara;Instituto Nacional de Energia Renovável
P-03427;Extinção de condomínio;Maria Oliveira;Instituto Nacional de Energia Renovável
P-03428;Falência e Recuperação Judicial;Estado de Santa Aurora;Ana Paula Lima
P-03429;Execução Fiscal;Instituto Nacional de Energia Renovável;Juliana Rocha
P-03430;Execução Cível;Construtora Nova Era Ltda.;João da Silva
P-03431;Execução Cível;Instituto Nacional de Energia Renovável;Estado de Santa Aurora
P-03432;Execução Cível;Pedro Henrique Santos;Oficina Mecânica do Zé
P-03433;Inventário e partilha;Fernanda Costa;Carlos Souza
P-03434;Trabalhista;Maria Oliveira;Estado de Santa Aurora
P-03435;Execução de alimentos;Ana Paula Lima;Construtora Nova Era Ltda.
P-03436;Extinção de condomínio;Carlos Souza;Ricardo Almeida
P-03437;Execução de alimentos;Prefeitura Municipal de Nova Esperança;Estado de Santa Aurora
P-03438;Falência e Recuperação Judicial;Estado de Santa Aurora;AgroVale Ltda.
P-03439;Inventário e partilha;João da Silva;Fernanda Costa
P-03440;Extinção de condomínio;Ricardo Almeida;AgroVale Ltda.
P-03441;Execução de alimentos;Construtora Nova Era Ltda.;Prefeitura Municipal de Nova Esperança
P-03442;Trabalhista;AgroVale Ltda.;Estado de Santa Aurora
P-03443;Execução Fiscal;Prefeitura Municipal de Nova Esperança;Juliana Rocha
P-03444;Extinção de condomínio;TechBrasil S.A.;Pedro Henrique Santos
P-03445;Extinção de condomínio;Secretaria de Saúde de Santa Clara;Estado de Santa Aurora
P-03446;Execução Fiscal;Instituto Nacional de Energia Renovável;Instituto Nacional de Energia Renovável
P-03447;Trabalhista;Instituto Nacional de Energia Renovável;Pedro Henrique Santos
P-03448;Inventário e partilha;Prefeitura Municipal de Nova Esperança;Oficina Mecânica do Zé
P-03449;Falência e Recuperação Judicial;Secretaria de Saúde de Santa Clara;Maria Oliveira
P-03450;Falência e Recuperação Judicial;Prefeitura Municipal de Nova Esperança;Fernanda Costa
P-03451;Execução Fiscal;Estado de Santa Aurora;GlobalTech Corp.
P-03452;Execução de alimentos;Ana Paula Lima;Ana Paula Lima
P-03453;Execução de título extrajudicial;Oficina Mecânica do Zé;João da Silva
P-03454;Inventário e partilha;Estado de Santa Aurora;Estado de Santa Aurora
P-03455;Execução de alimentos;Estado de Santa Aurora;Prefeitura Municipal de Nova Esperança
P-03456;Falência e Recuperação Judicial;Instituto Nacional de Energia Renovável;Fernanda Costa
P-03457;Execução de título extrajudicial;Juliana Rocha;João da Silva
P-03458;Execução de alimentos;GlobalTech Corp.;João da Silva
P-03459;Trabalhista;AgroVale Ltda.;Maria Oliveira
P-03460;Execução de título extrajudicial;Ricardo Almeida;Pedro Henrique Santos
P-03461;Execução Cível;Ricardo Almeida;GlobalTech Corp.
P-03462;Busca e apreensão;Ana Paula Lima;AgroVale Ltda.
P-03463;Trabalhista;Construtora Nova Era Ltda.;Prefeitura Municipal de Nova Esperança
P-03464;Inventário e partilha;AgroVale Ltda.;Juliana Rocha
P-03465;Extinção de condomínio;João da Silva;Estado de Santa Aurora
P-03466;Falência e Recuperação Judicial;Instituto Nacional de Energia Renovável;Juliana Rocha
P-03467;Execução de alimentos;Secretaria de Saúde de Santa Clara;Prefeitura Municipal de Nova Esperança
P-03468;Execução Fiscal;Estado de Santa Aurora;Fernanda Costa
P-03469;Trabalhista;João da Silva;Juliana Rocha
P-03470;Busca e apreensão;TechBrasil S.A.;Pedro Henrique Santos
P-03471;Ações hipotecárias;Juliana Rocha;Construtora Nova Era Ltda.
P-03472;Execução Fiscal;Instituto Nacional de Energia Renovável;Ana Paula Lima
P-03473;Execução Fiscal;Estado de Santa Aurora;Ana Paula Lima
P-03474;Inventário e partilha;Secretaria de Saúde de Santa Clara;Fernanda Costa
P-03475;Trabalhista;Estado de Santa Aurora;Prefeitura Municipal de Nova Esperança
P-03476;Execução Fiscal;Estado de Santa Aurora;Construtora Nova Era Ltda.
P-03477;Busca e apreensão;João da Silva;AgroVale Ltda.
P-03478;Execução de título extrajudicial;Instituto Nacional de Energia Renovável;Pedro Henrique Santos
P-03479;Inventário e partilha;Pedro Henrique Santos;AgroVale Ltda.
P-03480;Ações hipotecárias;AgroVale Ltda.;João da Silva
P-03481;Execução Cível;AgroVale Ltda.;Carlos Souza
P-03482;Inventário e partilha;GlobalTech Corp.;TechBrasil S.A.
P-03483;Extinção de condomínio;Maria Oliveira;Oficina Mecânica do Zé
P-03484;Falência e Recuperação Judicial;Prefeitura Municipal de Nova Esperança;Fernanda Costa
P-03485;Extinção de condomínio;Secretaria de Saúde de Santa Clara;TechBrasil S.A.
P-03486;Busca e apreensão;Pedro Henrique Santos;TechBrasil S.A.
P-03487;Trabalhista;TechBrasil S.A.;AgroVale Ltda.
P-03488;Inventário e partilha;Carlos Souza;Maria Oliveira
P-03489;Execução Fiscal;Secretaria de Saúde de Santa Clara;Fernanda Costa
P-03490;Extinção de condomínio;Secretaria de Saúde de Santa Clara;Estado de Santa Aurora
P-03491;Execução de título extrajudicial;AgroVale Ltda.;GlobalTech Corp.
P-03492;Execução de título extrajudicial;Prefeitura Municipal de Nova Esperança;Fernanda Costa
P-03493;Execução Cível;Ricardo Almeida;João da Silva
P-03494;Trabalhista;Construtora Nova Era Ltda.;GlobalTech Corp.
P-03495;Execução de alimentos;Secretaria de Saúde de Santa Clara;TechBrasil S.A.
P-03496;Ações hipotecárias;Juliana Rocha;Secretaria de Saúde de Santa Clara
P-03497;Execução de título extrajudicial;Juliana Rocha;Oficina Mecânica do Zé
P-03498;Execução Cível;Oficina Mecânica do Zé;GlobalTech Corp.
P-03499;Execução de título extrajudicial;Maria Oliveira;Estado de Santa Aurora
P-03500;Execução de título extrajudicial;João da Silva;Secretaria de Saúde de Santa Clara
P-03501;Execução Fiscal;Estado de Santa Aurora;Estado de Santa Aurora
P-03502;Inventário e partilha;Prefeitura Municipal de Nova Esperança;Oficina Mecânica do Zé
P-03503;Inventário e partilha;Ana Paula Lima;Estado de Santa Aurora
P-03504;Execução Fiscal;Prefeitura Municipal de Nova Esperança;Instituto Nacional de Energia Renovável
P-03505;Falência e Recuperação Judicial;Instituto Nacional de Energia Renovável;Ana Paula Lima
P-03506;Trabalhista;Secretaria de Saúde de Santa Clara;Construtora Nova Era Ltda.
P-03507;Ações hipotecárias;GlobalTech Corp.;Ana Paula Lima
P-03508;Busca e apreensão;Fernanda Costa;Estado de Santa Aurora
P-03509;Execução Fiscal;Instituto Nacional de Energia Renovável;TechBrasil S.A.
P-03510;Trabalhista;Maria Oliveira;Estado de Santa Aurora
P-03511;Ações hipotecárias;Estado de Santa Aurora;Ana Paula Lima
P-03512;Ações hipotecárias;Estado de Santa Aurora;Secretaria de Saúde de Santa Clara
P-03513;Trabalhista;Carlos Souza;Estado de Santa Aurora
P-03514;Ações hipotecárias;AgroVale Ltda.;Instituto Nacional de Energia Renovável
P-03515;Ações hipotecárias;Oficina Mecânica do Zé;AgroVale Ltda.
P-03516;Execução de alimentos;Oficina Mecânica do Zé;Ricardo Almeida
P-03517;Ações hipotecárias;AgroVale Ltda.;Carlos Souza
P-03518;Execução Cível;Juliana Rocha;Fernanda Costa
P-03519;Inventário e partilha;Carlos Souza;Oficina Mecânica do Zé
P-03520;Execução Fiscal;Secretaria de Saúde de Santa Clara;Instituto Nacional de Energia Renovável
P-03521;Extinção de condomínio;Ana Paula Lima;Ana Paula Lima
P-03522;Execução Cível;Secretaria de Saúde de Santa Clara;Oficina Mecânica do Zé
P-03523;Execução de título extrajudicial;AgroVale Ltda.;Carlos Souza
P-03524;Execução de título extrajudicial;Estado de Santa Aurora;Ana Paula Lima
P-03525;Execução Cível;Instituto Nacional de Energia Renovável;GlobalTech Corp.
P-03526;Inventário e partilha;Carlos Souza;Prefeitura Municipal de Nova Esperança
P-03527;Ações hipotecárias;GlobalTech Corp.;AgroVale Ltda.
P-03528;Trabalhista;Pedro Henrique Santos;Ana Paula Lima
P-03529;Execução Fiscal;Prefeitura Municipal de Nova Esperança;Secretaria de Saúde de Santa Clara
P-03530;Extinção de condomínio;Oficina Mecânica do Zé;Carlos Souza
P-03531;Falência e Recuperação Judicial;Secretaria de Saúde de Santa Clara;GlobalTech Corp.
P-03532;Execução de título extrajudicial;Instituto Nacional de Energia Renovável;AgroVale Ltda.
P-03533;Trabalhista;Oficina Mecânica do Zé;Secretaria de Saúde de Santa Clara
P-03534;Execução de alimentos;Estado de Santa Aurora;Carlos Souza
P-03535;Busca e apreensão;Juliana Rocha;João da Silva
P-03536;Extinção de condomínio;João da Silva;Maria Oliveira
P-03537;Inventário e partilha;Ricardo Almeida;AgroVale Ltda.
P-03538;Trabalhista;Maria Oliveira;Instituto Nacional de Energia Renovável
P-03539;Execução de alimentos;GlobalTech Corp.;Carlos Souza
P-03540;Execução de título extrajudicial;Prefeitura Municipal de Nova Esperança;Secretaria de Saúde de Santa Clara
P-03541;Inventário e partilha;Carlos Souza;Maria Oliveira
P-03542;Extinção de condomínio;Ricardo Almeida;Construtora Nova Era Ltda.
P-03543;Ações hipotecárias;GlobalTech Corp.;Instituto Nacional de Energia Renovável
P-03544;Falência e Recuperação Judicial;Instituto Nacional de Energia Renovável;Juliana Rocha
P-03545;Ações hipotecárias;Prefeitura Municipal de Nova Esperança;Estado de Santa Aurora
P-03546;Falência e Recuperação Judicial;Secretaria de Saúde de Santa Clara;Maria Oliveira
P-03547;Falência e Recuperação Judicial;Estado de Santa Aurora;Construtora Nova Era Ltda.
P-03548;Trabalhista;Maria Oliveira;Ricardo Almeida
P-03549;Busca e apreensão;Prefeitura Municipal de Nova Esperança;Ana Paula Lima
P-03550;Inventário e partilha;Ricardo Almeida;Construtora Nova Era Ltda.
P-03551;Execução Fiscal;Prefeitura Municipal de Nova Esperança;Prefeitura Municipal de Nova Esperança
P-03552;Extinção de condomínio;Pedro Henrique Santos;TechBrasil S.A.
P-03553;Trabalhista;GlobalTech Corp.;TechBrasil S.A.
P-03554;Falência e Recuperação Judicial;Estado de Santa Aurora;TechBrasil S.A.
P-03555;Ações hipotecárias;TechBrasil S.A.;Instituto Nacional de Energia Renovável
P-03556;Inventário e partilha;GlobalTech Corp.;Prefeitura Municipal de Nova Esperança
P-03557;Trabalhista;João da Silva;Fernanda Costa
P-03558;Extinção de condomínio;Pedro Henrique Santos;Construtora Nova Era Ltda.
P-03559;Execução Cível;João da Silva;Oficina Mecânica do Zé
P-03560;Execução de alimentos;Fernanda Costa;Ana Paula Lima
P-03561;Execução Fiscal;Secretaria de Saúde de Santa Clara;João da Silva
P-03562;Execução Fiscal;Instituto Nacional de Energia Renovável;GlobalTech Corp.
P-03563;Extinção de condomínio;Instituto Nacional de Energia Renovável;Fernanda Costa
P-03564;Execução Cível;Secretaria de Saúde de Santa Clara;AgroVale Ltda.
P-03565;Execução Fiscal;Estado de Santa Aurora;João da Silva
P-03566;Inventário e partilha;Fernanda Costa;Ricardo Almeida
P-03567;Trabalhista;TechBrasil S.A.;Fernanda Costa
P-03568;Falência e Recuperação Judicial;Estado de Santa Aurora;Prefeitura Municipal de Nova Esperança
P-03569;Execução Fiscal;Secretaria de Saúde de Santa Clara;Pedro Henrique Santos
P-03570;Execução Cível;Pedro Henrique Santos;Secretaria de Saúde de Santa Clara
P-03571;Execução Cível;João da Silva;Instituto Nacional de Energia Renovável
P-03572;Extinção de condomínio;Carlos Souza;Maria Oliveira
P-03573;Extinção de condomínio;TechBrasil S.A.;Estado de Santa Aurora
P-03574;Trabalhista;Secretaria de Saúde de Santa Clara;AgroVale Ltda.
P-03575;Inventário e partilha;Carlos Souza;Fernanda Costa
P-03576;Trabalhista;Ana Paula Lima;Prefeitura Municipal de Nova Esperança
P-03577;Execução Cível;Ana Paula Lima;Maria Oliveira
P-03578;Busca e apreensão;Ana Paula Lima;Ana Paula Lima
P-03579;Inventário e partilha;João da Silva;Prefeitura Municipal de Nova Esperança
P-03580;Inventário e partilha;GlobalTech Corp.;Juliana Rocha
P-03581;Execução Cível;Oficina Mecânica do Zé;Juliana Rocha
P-03582;Execução de título extrajudicial;Ricardo Almeida;Estado de Santa Aurora
P-03583;Execução Fiscal;Prefeitura Municipal de Nova Esperança;Maria Oliveira
P-03584;Execução Fiscal;Secretaria de Saúde de Santa Clara;GlobalTech Corp.
P-03585;Ações hipotecárias;Construtora Nova Era Ltda.;Juliana Rocha
P-03586;Trabalhista;Prefeitura Municipal de Nova Esperança;Pedro Henrique Santos
P-03587;Extinção de condomínio;Prefeitura Municipal de Nova Esperança;Carlos Souza
P-03588;Execução de título extrajudicial;Estado de Santa Aurora;Fernanda Costa
P-03589;Extinção de condomínio;Secretaria de Saúde de Santa Clara;Carlos Souza
P-03590;Extinção de condomínio;Ricardo Almeida;Juliana Rocha
P-03591;Inventário e partilha;Secretaria de Saúde de Santa Clara;Construtora Nova Era Ltda.
P-03592;Extinção de condomínio;Construtora Nova Era Ltda.;Instituto Nacional de Energia Renovável
P-03593;Busca e apreensão;Maria Oliveira;Secretaria de Saúde de Santa Clara
P-03594;Execução de alimentos;Construtora Nova Era Ltda.;Oficina Mecânica do Zé
P-03595;Execução de título extrajudicial;Maria Oliveira;Fernanda Costa
P-03596;Execução Cível;Oficina Mecânica do Zé;GlobalTech Corp.
P-03597;Execução Fiscal;Prefeitura Municipal de Nova Esperança;Estado de Santa Aurora
P-03598;Execução de título extrajudicial;Prefeitura Municipal de Nova Esperança;Prefeitura Municipal de Nova Esperança
P-03599;Execução de alimentos;Carlos Souza;TechBrasil S.A.
P-03600;Execução Cível;Fernanda Costa;Maria Oliveira
P-03601;Falência e Recuperação Judicial;Instituto Nacional de Energia Renovável;Juliana Rocha
P-03602;Trabalhista;Estado de Santa Aurora;Maria Oliveira
P-03603;Trabalhista;Construtora Nova Era Ltda.;João da Silva
P-03604;Ações hipotecárias;Construtora Nova Era Ltda.;Estado de Santa Aurora
P-03605;Falência e Recuperação Judicial;Secretaria de Saúde de Santa Clara;Juliana Rocha
P-03606;Extinção de condomínio;Oficina Mecânica do Zé;Instituto Nacional de Energia Renovável
P-03607;Extinção de condomínio;Pedro Henrique Santos;Ricardo Almeida
P-03608;Falência e Recuperação Judicial;Instituto Nacional de Energia Renovável;Secretaria de Saúde de Santa Clara
P-03609;Extinção de condomínio;Construtora Nova Era Ltda.;Ana Paula Lima
P-03610;Extinção de condomínio;Estado de Santa Aurora;Construtora Nova Era Ltda.
P-03611;Execução Cível;Maria Oliveira;Fernanda Costa
P-03612;Extinção de condomínio;Carlos Souza;João da Silva
P-03613;Execução Fiscal;Instituto Nacional de Energia Renovável;GlobalTech Corp.
P-03614;Trabalhista;Carlos Souza;Juliana Rocha
P-03615;Inventário e partilha;Ana Paula Lima;Ricardo Almeida
P-03616;Execução Fiscal;Instituto Nacional de Energia Renovável;Oficina Mecânica do Zé
P-03617;Trabalhista;Oficina Mecânica do Zé;Maria Oliveira
P-03618;Falência e Recuperação Judicial;Prefeitura Municipal de Nova Esperança;Pedro Henrique Santos
P-03619;Busca e apreensão;Construtora Nova Era Ltda.;Instituto Nacional de Energia Renovável
P-03620;Trabalhista;Fernanda Costa;Estado de Santa Aurora
P-03621;Execução Fiscal;Secretaria de Saúde de Santa Clara;Estado de Santa Aurora
P-03622;Execução de título extrajudicial;Instituto Nacional de Energia Renovável;Oficina Mecânica do Zé
P-03623;Execução Cível;Fernanda Costa;AgroVale Ltda.
P-03624;Execução de título extrajudicial;GlobalTech Corp.;Ana Paula Lima
P-03625;Trabalhista;Prefeitura Municipal de Nova Esperança;Juliana Rocha
P-03626;Execução Cível;Construtora Nova Era Ltda.;João da Silva
P-03627;Execução de alimentos;Secretaria de Saúde de Santa Clara;Maria Oliveira
P-03628;Ações hipotecárias;Oficina Mecânica do Zé;Prefeitura Municipal de Nova Esperança
P-03629;Trabalhista;Estado de Santa Aurora;GlobalTech Corp.
P-03630;Execução de título extrajudicial;AgroVale Ltda.;AgroVale Ltda.
P-03631;Execução Cível;Fernanda Costa;GlobalTech Corp.
P-03632;Extinção de condomínio;João da Silva;João da Silva
P-03633;Execução de título extrajudicial;Instituto Nacional de Energia Renovável;Ana Paula Lima
P-03634;Busca e apreensão;Instituto Nacional de Energia Renovável;AgroVale Ltda.
P-03635;Inventário e partilha;Estado de Santa Aurora;TechBrasil S.A.
P-03636;Execução Fiscal;Instituto Nacional de Energia Renovável;Ana Paula Lima
P-03637;Execução Fiscal;Secretaria de Saúde de Santa Clara;Ricardo Almeida
P-03638;Inventário e partilha;TechBrasil S.A.;Pedro Henrique Santos
P-03639;Execução Fiscal;Secretaria de Saúde de Santa Clara;AgroVale Ltda.
P-03640;Busca e apreensão;Juliana Rocha;Carlos Souza
P-03641;Inventário e partilha;Fernanda Costa;João da Silva
P-03642;Execução Fiscal;Prefeitura Municipal de Nova Esperança;Fernanda Costa
P-03643;Ações hipotecárias;Pedro Henrique Santos;Ana Paula Lima
P-03644;Execução Cível;GlobalTech Corp.;João da Silva
P-03645;Execução de título extrajudicial;Estado de Santa Aurora;Construtora Nova Era Ltda.
P-03646;Trabalhista;TechBrasil S.A.;Ana Paula Lima
P-03647;Busca e apreensão;Oficina Mecânica do Zé;Juliana Rocha
P-03648;Ações hipotecárias;AgroVale Ltda.;Estado de Santa Aurora
P-03649;Execução Fiscal;Prefeitura Municipal de Nova Esperança;TechBrasil S.A.
P-03650;Inventário e partilha;Ana Paula Lima;Prefeitura Municipal de Nova Esperança
P-03651;Execução de alimentos;João da Silva;Estado de Santa Aurora
P-03652;Execução Cível;Ricardo Almeida;Pedro Henrique Santos
P-03653;Busca e apreensão;Instituto Nacional de Energia Renovável;TechBrasil S.A.
P-03654;Execução Cível;GlobalTech Corp.;TechBrasil S.A.
P-03655;Execução Cível;AgroVale Ltda.;Pedro Henrique Santos
P-03656;Execução Cível;Carlos Souza;Carlos Souza
P-03657;Falência e Recuperação Judicial;Prefeitura Municipal de Nova Esperança;Ana Paula Lima
P-03658;Execução de título extrajudicial;TechBrasil S.A.;Carlos Souza
P-03659;Ações hipotecárias;Secretaria de Saúde de Santa Clara;Oficina Mecânica do Zé
P-03660;Execução de título extrajudicial;AgroVale Ltda.;Ana Paula Lima
P-03661;Trabalhista;Estado de Santa Aurora;Construtora Nova Era Ltda.
P-03662;Execução Cível;Ricardo Almeida;Oficina Mecânica do Zé
P-03663;Execução de título extrajudicial;Maria Oliveira;Maria Oliveira
P-03664;Extinção de condomínio;Prefeitura Municipal de Nova Esperança;Instituto Nacional de Energia Renovável
P-03665;Falência e Recuperação Judicial;Prefeitura Municipal de Nova Esperança;Ricardo Almeida
P-03666;Execução de alimentos;Oficina Mecânica do Zé;Ricardo Almeida
P-03667;Inventário e partilha;Ana Paula Lima;Ana Paula Lima
P-03668;Extinção de condomínio;TechBrasil S.A.;João da Silva
P-03669;Busca e apreensão;Instituto Nacional de Energia Renovável;Pedro Henrique Santos
P-03670;Extinção de condomínio;Fernanda Costa;Ana Paula Lima
P-03671;Inventário e partilha;Carlos Souza;GlobalTech Corp.
P-03672;Execução de título extrajudicial;TechBrasil S.A.;Pedro Henrique Santos
P-03673;Execução de título extrajudicial;Fernanda Costa;Maria Oliveira
P-03674;Ações hipotecárias;TechBrasil S.A.;Pedro Henrique Santos
P-03675;Trabalhista;GlobalTech Corp.;Carlos Souza
P-03676;Execução de alimentos;João da Silva;GlobalTech Corp.
P-03677;Execução de alimentos;Juliana Rocha;Juliana Rocha
P-03678;Extinção de condomínio;Ana Paula Lima;Instituto Nacional de Energia Renovável
P-03679;Trabalhista;Ricardo Almeida;TechBrasil S.A.
P-03680;Execução Fiscal;Estado de Santa Aurora;TechBrasil S.A.
P-03681;Trabalhista;TechBrasil S.A.;Prefeitura Municipal de Nova Esperança
P-03682;Execução de título extrajudicial;Pedro Henrique Santos;TechBrasil S.A.
P-03683;Extinção de condomínio;Construtora Nova Era Ltda.;AgroVale Ltda.
P-03684;Extinção de condomínio;AgroVale Ltda.;Maria Oliveira
P-03685;Execução de alimentos;Prefeitura Municipal de Nova Esperança;Secretaria de Saúde de Santa Clara
P-03686;Execução Fiscal;Estado de Santa Aurora;Construtora Nova Era Ltda.
P-03687;Execução Fiscal;Estado de Santa Aurora;GlobalTech Corp.
P-03688;Trabalhista;Ricardo Almeida;TechBrasil S.A.
P-03689;Extinção de condomínio;Oficina Mecânica do Zé;Prefeitura Municipal de Nova Esperança
P-03690;Execução de alimentos;Secretaria de Saúde de Santa Clara;João da Silva
P-03691;Falência e Recuperação Judicial;Estado de Santa Aurora;Prefeitura Municipal de Nova Esperança
P-03692;Ações hipotecárias;Carlos Souza;GlobalTech Corp.
P-03693;Busca e apreensão;Estado de Santa Aurora;Fernanda Costa
P-03694;Extinção de condomínio;Fernanda Costa;Prefeitura Municipal de Nova Esperança
P-03695;Falência e Recuperação Judicial;Prefeitura Municipal de Nova Esperança;Fernanda Costa
P-03696;Execução de título extrajudicial;Estado de Santa Aurora;GlobalTech Corp.
P-03697;Busca e apreensão;Prefeitura Municipal de Nova Esperança;Estado de Santa Aurora
P-03698;Busca e apreensão;Pedro Henrique Santos;TechBrasil S.A.
P-03699;Trabalhista;Construtora Nova Era Ltda.;João da Silva
P-03700;Trabalhista;Prefeitura Municipal de Nova Esperança;Prefeitura Municipal de Nova Esperança
P-03701;Execução de alimentos;Oficina Mecânica do Zé;João da Silva
P-03702;Extinção de condomínio;Oficina Mecânica do Zé;Juliana Rocha
P-03703;Trabalhista;João da Silva;Fernanda Costa
P-03704;Busca e apreensão;Pedro Henrique Santos;Instituto Nacional de Energia Renovável
P-03705;Ações hipotecárias;Oficina Mecânica do Zé;GlobalTech Corp.
P-03706;Execução de alimentos;AgroVale Ltda.;GlobalTech Corp.
P-03707;Falência e Recuperação Judicial;Estado de Santa Aurora;Pedro Henrique Santos
P-03708;Execução Cível;Instituto Nacional de Energia Renovável;Instituto Nacional de Energia Renovável
P-03709;Execução Fiscal;Instituto Nacional de Energia Renovável;Estado de Santa Aurora
P-03710;Extinção de condomínio;Juliana Rocha;Oficina Mecânica do Zé
P-03711;Execução de título extrajudicial;Oficina Mecânica do Zé;Carlos Souza
P-03712;Execução Cível;Construtora Nova Era Ltda.;Pedro Henrique Santos
P-03713;Busca e apreensão;Estado de Santa Aurora;Ricardo Almeida
P-03714;Inventário e partilha;TechBrasil S.A.;João da Silva
P-03715;Execução de título extrajudicial;Pedro Henrique Santos;Estado de Santa Aurora
P-03716;Trabalhista;Ricardo Almeida;Ana Paula Lima
P-03717;Execução de título extrajudicial;Instituto Nacional de Energia Renovável;João da Silva
P-03718;Execução de título extrajudicial;Estado de Santa Aurora;TechBrasil S.A.
P-03719;Extinção de condomínio;Secretaria de Saúde de Santa Clara;Oficina Mecânica do Zé
P-03720;Falência e Recuperação Judicial;Instituto Nacional de Energia Renovável;TechBrasil S.A.
P-03721;Busca e apreensão;Prefeitura Municipal de Nova Esperança;Estado de Santa Aurora
P-03722;Execução de título extrajudicial;Oficina Mecânica do Zé;Fernanda Costa
P-03723;Execução Fiscal;Instituto Nacional de Energia Renovável;Oficina Mecânica do Zé
P-03724;Ações hipotecárias;João da Silva;Pedro Henrique Santos
P-03725;Extinção de condomínio;Prefeitura Municipal de Nova Esperança;Oficina Mecânica do Zé
P-03726;Ações hipotecárias;Juliana Rocha;Pedro Henrique Santos
P-03727;Inventário e partilha;Prefeitura Municipal de Nova Esperança;TechBrasil S.A.
P-03728;Extinção de condomínio;Estado de Santa Aurora;Estado de Santa Aurora
P-03729;Execução Fiscal;Prefeitura Municipal de Nova Esperança;Oficina Mecânica do Zé
P-03730;Execução Cível;Juliana Rocha;Prefeitura Municipal de Nova Esperança
P-03731;Execução Fiscal;Prefeitura Municipal de Nova Esperança;Prefeitura Municipal de Nova Esperança
P-03732;Execução de alimentos;Estado de Santa Aurora;Prefeitura Municipal de Nova Esperança
P-03733;Execução de alimentos;Ricardo Almeida;Fernanda Costa
P-03734;Inventário e partilha;Estado de Santa Aurora;Fernanda Costa
P-03735;Falência e Recuperação Judicial;Prefeitura Municipal de Nova Esperança;Instituto Nacional de Energia Renovável
P-03736;Busca e apreensão;Secretaria de Saúde de Santa Clara;AgroVale Ltda.
P-03737;Execução de título extrajudicial;Fernanda Costa;Juliana Rocha
P-03738;Ações hipotecárias;GlobalTech Corp.;João da Silva
P-03739;Execução de título extrajudicial;Ana Paula Lima;Juliana Rocha
P-03740;Execução de alimentos;Juliana Rocha;Construtora Nova Era Ltda.
P-03741;Inventário e partilha;João da Silva;TechBrasil S.A.
P-03742;Execução Cível;GlobalTech Corp.;Ricardo Almeida
P-03743;Falência e Recuperação Judicial;Prefeitura Municipal de Nova Esperança;Secretaria de Saúde de Santa Clara
P-03744;Busca e apreensão;Ana Paula Lima;Oficina Mecânica do Zé
P-03745;Execução de alimentos;Carlos Souza;Juliana Rocha
P-03746;Trabalhista;Juliana Rocha;Carlos Souza
P-03747;Extinção de condomínio;Pedro Henrique Santos;GlobalTech Corp.
P-03748;Ações hipotecárias;João da Silva;TechBrasil S.A.
P-03749;Inventário e partilha;Pedro Henrique Santos;Fernanda Costa
P-03750;Execução de título extrajudicial;Estado de Santa Aurora;Prefeitura Municipal de Nova Esperança
P-03751;Inventário e partilha;Estado de Santa Aurora;GlobalTech Corp.
P-03752;Execução de alimentos;Juliana Rocha;Juliana Rocha
P-03753;Trabalhista;Maria Oliveira;GlobalTech Corp.
P-03754;Ações hipotecárias;AgroVale Ltda.;Estado de Santa Aurora
P-03755;Execução Cível;Oficina Mecânica do Zé;Ricardo Almeida
P-03756;Ações hipotecárias;AgroVale Ltda.;Carlos Souza
P-03757;Trabalhista;Estado de Santa Aurora;Fernanda Costa
P-03758;Ações hipotecárias;Fernanda Costa;Instituto Nacional de Energia Renovável
P-03759;Extinção de condomínio;Ana Paula Lima;Ricardo Almeida
P-03760;Busca e apreensão;Carlos Souza;Fernanda Costa
P-03761;Execução Fiscal;Instituto Nacional de Energia Renovável;Pedro Henrique Santos
P-03762;Ações hipotecárias;Oficina Mecânica do Zé;Fernanda Costa
P-03763;Trabalhista;Fernanda Costa;Estado de Santa Aurora
P-03764;Execução Fiscal;Instituto Nacional de Energia Renovável;Ricardo Almeida
P-03765;Execução de alimentos;Ricardo Almeida;Prefeitura Municipal de Nova Esperança
P-03766;Execução de título extrajudicial;GlobalTech Corp.;Maria Oliveira
P-03767;Trabalhista;Secretaria de Saúde de Santa Clara;Juliana Rocha
P-03768;Execução Fiscal;Estado de Santa Aurora;TechBrasil S.A.
P-03769;Ações hipotecárias;Estado de Santa Aurora;Instituto Nacional de Energia Renovável
P-03770;Trabalhista;Secretaria de Saúde de Santa Clara;Estado de Santa Aurora
P-03771;Ações hipotecárias;TechBrasil S.A.;Construtora Nova Era Ltda.
P-03772;Execução Fiscal;Prefeitura Municipal de Nova Esperança;Prefeitura Municipal de Nova Esperança
P-03773;Extinção de condomínio;Oficina Mecânica do Zé;Instituto Nacional de Energia Renovável
P-03774;Execução Fiscal;Estado de Santa Aurora;Carlos Souza
P-03775;Execução Fiscal;Secretaria de Saúde de Santa Clara;AgroVale Ltda.
P-03776;Busca e apreensão;Estado de Santa Aurora;GlobalTech Corp.
P-03777;Trabalhista;Pedro Henrique Santos;Construtora Nova Era Ltda.
P-03778;Busca e apreensão;TechBrasil S.A.;GlobalTech Corp.
P-03779;Busca e apreensão;Secretaria de Saúde de Santa Clara;Carlos Souza
P-03780;Busca e apreensão;TechBrasil S.A.;Pedro Henrique Santos
P-03781;Busca e apreensão;Ana Paula Lima;Fernanda Costa
P-03782;Execução Cível;GlobalTech Corp.;Construtora Nova Era Ltda.
P-03783;Execução Cível;Instituto Nacional de Energia Renovável;Pedro Henrique Santos
P-03784;Inventário e partilha;João da Silva;GlobalTech Corp.
P-03785;Busca e apreensão;Juliana Rocha;TechBrasil S.A.
P-03786;Inventário e partilha;Fernanda Costa;GlobalTech Corp.
P-03787;Extinção de condomínio;Ana Paula Lima;Juliana Rocha
P-03788;Falência e Recuperação Judicial;Estado de Santa Aurora;João da Silva
P-03789;Execução Cível;Pedro Henrique Santos;Prefeitura Municipal de Nova Esperança
P-03790;Falência e Recuperação Judicial;Estado de Santa Aurora;Ricardo Almeida
P-03791;Execução de título extrajudicial;Pedro Henrique Santos;Maria Oliveira
P-03792;Trabalhista;GlobalTech Corp.;GlobalTech Corp.
P-03793;Execução de alimentos;Instituto Nacional de Energia Renovável;João da Silva
P-03794;Execução de alimentos;Pedro Henrique Santos;AgroVale Ltda.
P-03795;Trabalhista;Pedro Henrique Santos;Estado de Santa Aurora
P-03796;Execução Fiscal;Prefeitura Municipal de Nova Esperança;Pedro Henrique Santos
P-03797;Extinção de condomínio;Prefeitura Municipal de Nova Esperança;Pedro Henrique Santos
P-03798;Execução Fiscal;Prefeitura Municipal de Nova Esperança;Estado de Santa Aurora
P-03799;Inventário e partilha;Fernanda Costa;Juliana Rocha
P-03800;Execução Fiscal;Instituto Nacional de Energia Renovável;Juliana Rocha
P-03801;Trabalhista;Maria Oliveira;Pedro Henrique Santos
P-03802;Execução de alimentos;Ricardo Almeida;Estado de Santa Aurora
P-03803;Trabalhista;João da Silva;Ricardo Almeida
P-03804;Falência e Recuperação Judicial;Secretaria de Saúde de Santa Clara;Ricardo Almeida
P-03805;Execução de alimentos;Juliana Rocha;Instituto Nacional de Energia Renovável
P-03806;Execução de alimentos;AgroVale Ltda.;Estado de Santa Aurora
P-03807;Inventário e partilha;Pedro Henrique Santos;Fernanda Costa
P-03808;Busca e apreensão;Fernanda Costa;Carlos Souza
P-03809;Execução Cível;Maria Oliveira;Oficina Mecânica do Zé
P-03810;Ações hipotecárias;Ana Paula Lima;Maria Oliveira
P-03811;Falência e Recuperação Judicial;Instituto Nacional de Energia Renovável;João da Silva
P-03812;Trabalhista;Instituto Nacional de Energia Renovável;Prefeitura Municipal de Nova Esperança
P-03813;Execução de alimentos;Ana Paula Lima;João da Silva
P-03814;Execução de alimentos;AgroVale Ltda.;Prefeitura Municipal de Nova Esperança
P-03815;Execução de alimentos;Instituto Nacional de Energia Renovável;Prefeitura Municipal de Nova Esperança
P-03816;Execução Cível;Juliana Rocha;Ana Paula Lima
P-03817;Extinção de condomínio;Fernanda Costa;AgroVale Ltda.
P-03818;Extinção de condomínio;Fernanda Costa;Ana Paula Lima
P-03819;Execução Fiscal;Prefeitura Municipal de Nova Esperança;TechBrasil S.A.
P-03820;Falência e Recuperação Judicial;Estado de Santa Aurora;João da Silva
P-03821;Inventário e partilha;Fernanda Costa;Juliana Rocha
P-03822;Falência e Recuperação Judicial;Prefeitura Municipal de Nova Esperança;Juliana Rocha
P-03823;Execução Cível;Instituto Nacional de Energia Renovável;Juliana Rocha
P-03824;Execução Fiscal;Estado de Santa Aurora;João da Silva
P-03825;Execução de título extrajudicial;Ricardo Almeida;Maria Oliveira
P-03826;Inventário e partilha;Estado de Santa Aurora;Prefeitura Municipal de Nova Esperança
P-03827;Ações hipotecárias;Instituto Nacional de Energia Renovável;Secretaria de Saúde de Santa Clara
P-03828;Trabalhista;Construtora Nova Era Ltda.;Pedro Henrique Santos
P-03829;Execução Fiscal;Instituto Nacional de Energia Renovável;Carlos Souza
P-03830;Execução Cível;AgroVale Ltda.;Fernanda Costa
P-03831;Extinção de condomínio;Estado de Santa Aurora;Maria Oliveira
P-03832;Trabalhista;Juliana Rocha;AgroVale Ltda.
P-03833;Execução Cível;Carlos Souza;GlobalTech Corp.
P-03834;Execução de alimentos;Pedro Henrique Santos;Estado de Santa Aurora
P-03835;Inventário e partilha;Carlos Souza;AgroVale Ltda.
P-03836;Extinção de condomínio;Ricardo Almeida;Secretaria de Saúde de Santa Clara
P-03837;Ações hipotecárias;GlobalTech Corp.;TechBrasil S.A.
P-03838;Ações hipotecárias;Maria Oliveira;Ana Paula Lima
P-03839;Falência e Recuperação Judicial;Prefeitura Municipal de Nova Esperança;Secretaria de Saúde de Santa Clara
P-03840;Execução de alimentos;AgroVale Ltda.;Juliana Rocha
P-03841;Busca e apreensão;Secretaria de Saúde de Santa Clara;GlobalTech Corp.
P-03842;Falência e Recuperação Judicial;Instituto Nacional de Energia Renovável;Carlos Souza
P-03843;Trabalhista;Construtora Nova Era Ltda.;GlobalTech Corp.
P-03844;Inventário e partilha;AgroVale Ltda.;Secretaria de Saúde de Santa Clara
P-03845;Execução Cível;Estado de Santa Aurora;João da Silva
P-03846;Busca e apreensão;Ana Paula Lima;GlobalTech Corp.
P-03847;Execução de alimentos;João da Silva;Estado de Santa Aurora
P-03848;Trabalhista;Ricardo Almeida;Carlos Souza
P-03849;Execução Fiscal;Prefeitura Municipal de Nova Esperança;Juliana Rocha
P-03850;Busca e apreensão;Secretaria de Saúde de Santa Clara;Ana Paula Lima
P-03851;Execução de título extrajudicial;Ricardo Almeida;Juliana Rocha
P-03852;Inventário e partilha;Juliana Rocha;Prefeitura Municipal de Nova Esperança
P-03853;Busca e apreensão;Ricardo Almeida;TechBrasil S.A.
P-03854;Ações hipotecárias;Fernanda Costa;Juliana Rocha
P-03855;Execução Fiscal;Prefeitura Municipal de Nova Esperança;Maria Oliveira
P-03856;Inventário e partilha;Juliana Rocha;Construtora Nova Era Ltda.
P-03857;Execução Cível;Ana Paula Lima;Juliana Rocha
P-03858;Inventário e partilha;João da Silva;Estado de Santa Aurora
P-03859;Inventário e partilha;Maria Oliveira;Oficina Mecânica do Zé
P-03860;Ações hipotecárias;Juliana Rocha;GlobalTech Corp.
P-03861;Ações hipotecárias;Pedro Henrique Santos;João da Silva
P-03862;Ações hipotecárias;GlobalTech Corp.;Ricardo Almeida
P-03863;Ações hipotecárias;Juliana Rocha;TechBrasil S.A.
P-03864;Falência e Recuperação Judicial;Prefeitura Municipal de Nova Esperança;João da Silva
P-03865;Execução Fiscal;Instituto Nacional de Energia Renovável;Prefeitura Municipal de Nova Esperança
P-03866;Execução Fiscal;Prefeitura Municipal de Nova Esperança;AgroVale Ltda.
P-03867;Execução de alimentos;Ana Paula Lima;Oficina Mecânica do Zé
P-03868;Falência e Recuperação Judicial;Prefeitura Municipal de Nova Esperança;Secretaria de Saúde de Santa Clara
P-03869;Falência e Recuperação Judicial;Estado de Santa Aurora;TechBrasil S.A.
P-03870;Execução de título extrajudicial;Juliana Rocha;Prefeitura Municipal de Nova Esperança
P-03871;Trabalhista;João da Silva;Ricardo Almeida
P-03872;Inventário e partilha;Instituto Nacional de Energia Renovável;Juliana Rocha
P-03873;Busca e apreensão;Construtora Nova Era Ltda.;Carlos Souza
P-03874;Execução de alimentos;Carlos Souza;Juliana Rocha
P-03875;Falência e Recuperação Judicial;Estado de Santa Aurora;TechBrasil S.A.
P-03876;Extinção de condomínio;Instituto Nacional de Energia Renovável;Prefeitura Municipal de Nova Esperança
P-03877;Execução de título extrajudicial;Prefeitura Municipal de Nova Esperança;Instituto Nacional de Energia Renovável
P-03878;Execução de título extrajudicial;Juliana Rocha;Fernanda Costa
P-03879;Execução de alimentos;Carlos Souza;Oficina Mecânica do Zé
P-03880;Execução Fiscal;Estado de Santa Aurora;Estado de Santa Aurora
P-03881;Ações hipotecárias;Secretaria de Saúde de Santa Clara;Secretaria de Saúde de Santa Clara
P-03882;Extinção de condomínio;GlobalTech Corp.;Estado de Santa Aurora
P-03883;Trabalhista;Juliana Rocha;Maria Oliveira
P-03884;Busca e apreensão;Instituto Nacional de Energia Renovável;Fernanda Costa
P-03885;Ações hipotecárias;Estado de Santa Aurora;João da Silva
P-03886;Execução Cível;Ana Paula Lima;Secretaria de Saúde de Santa Clara
P-03887;Execução de título extrajudicial;Oficina Mecânica do Zé;Ricardo Almeida
P-03888;Execução de título extrajudicial;Pedro Henrique Santos;Juliana Rocha
P-03889;Busca e apreensão;Instituto Nacional de Energia Renovável;Fernanda Costa
P-03890;Execução Cível;Estado de Santa Aurora;Instituto Nacional de Energia Renovável
P-03891;Trabalhista;Oficina Mecânica do Zé;Estado de Santa Aurora
P-03892;Inventário e partilha;Juliana Rocha;AgroVale Ltda.
P-03893;Trabalhista;Secretaria de Saúde de Santa Clara;Instituto Nacional de Energia Renovável
P-03894;Trabalhista;Prefeitura Municipal de Nova Esperança;Estado de Santa Aurora
P-03895;Execução de alimentos;Oficina Mecânica do Zé;Secretaria de Saúde de Santa Clara
P-03896;Execução de alimentos;Construtora Nova Era Ltda.;Maria Oliveira
P-03897;Trabalhista;Oficina Mecânica do Zé;Juliana Rocha
P-03898;Inventário e partilha;Pedro Henrique Santos;AgroVale Ltda.
P-03899;Busca e apreensão;Instituto Nacional de Energia Renovável;Oficina Mecânica do Zé
P-03900;Busca e apreensão;Oficina Mecânica do Zé;AgroVale Ltda.
P-03901;Inventário e partilha;Prefeitura Municipal de Nova Esperança;Prefeitura Municipal de Nova Esperança
P-03902;Execução Fiscal;Instituto Nacional de Energia Renovável;Estado de Santa Aurora
P-03903;Execução Cível;Oficina Mecânica do Zé;Juliana Rocha
P-03904;Execução Cível;Construtora Nova Era Ltda.;Oficina Mecânica do Zé
P-03905;Trabalhista;Carlos Souza;Ricardo Almeida
P-03906;Execução de título extrajudicial;Pedro Henrique Santos;AgroVale Ltda.
P-03907;Falência e Recuperação Judicial;Secretaria de Saúde de Santa Clara;Fernanda Costa
P-03908;Extinção de condomínio;Construtora Nova Era Ltda.;Prefeitura Municipal de Nova Esperança
P-03909;Execução de título extrajudicial;TechBrasil S.A.;Fernanda Costa
P-03910;Ações hipotecárias;Prefeitura Municipal de Nova Esperança;Estado de Santa Aurora
P-03911;Extinção de condomínio;Construtora Nova Era Ltda.;Carlos Souza
P-03912;Falência e Recuperação Judicial;Estado de Santa Aurora;TechBrasil S.A.
P-03913;Trabalhista;Ricardo Almeida;Carlos Souza
P-03914;Execução de título extrajudicial;Carlos Souza;Maria Oliveira
P-03915;Trabalhista;Secretaria de Saúde de Santa Clara;Secretaria de Saúde de Santa Clara
P-03916;Falência e Recuperação Judicial;Instituto Nacional de Energia Renovável;Estado de Santa Aurora
P-03917;Falência e Recuperação Judicial;Estado de Santa Aurora;Pedro Henrique Santos
P-03918;Inventário e partilha;AgroVale Ltda.;Oficina Mecânica do Zé
P-03919;Inventário e partilha;Carlos Souza;AgroVale Ltda.
P-03920;Execução Fiscal;Secretaria de Saúde de Santa Clara;Instituto Nacional de Energia Renovável
P-03921;Execução Cível;Instituto Nacional de Energia Renovável;Juliana Rocha
P-03922;Inventário e partilha;Maria Oliveira;AgroVale Ltda.
P-03923;Extinção de condomínio;AgroVale Ltda.;Ana Paula Lima
P-03924;Execução de alimentos;Carlos Souza;Estado de Santa Aurora
P-03925;Execução de título extrajudicial;Instituto Nacional de Energia Renovável;Fernanda Costa
P-03926;Execução de título extrajudicial;Ana Paula Lima;Oficina Mecânica do Zé
P-03927;Busca e apreensão;Ricardo Almeida;Carlos Souza
P-03928;Busca e apreensão;TechBrasil S.A.;Maria Oliveira
P-03929;Trabalhista;AgroVale Ltda.;Prefeitura Municipal de Nova Esperança
P-03930;Execução de alimentos;Maria Oliveira;João da Silva
P-03931;Extinção de condomínio;Ricardo Almeida;Carlos Souza
P-03932;Execução de título extrajudicial;TechBrasil S.A.;Juliana Rocha
P-03933;Busca e apreensão;Ana Paula Lima;Juliana Rocha
P-03934;Trabalhista;Maria Oliveira;Construtora Nova Era Ltda.
P-03935;Falência e Recuperação Judicial;Prefeitura Municipal de Nova Esperança;João da Silva
P-03936;Execução de alimentos;AgroVale Ltda.;Construtora Nova Era Ltda.
P-03937;Trabalhista;Maria Oliveira;João da Silva
P-03938;Execução Fiscal;Instituto Nacional de Energia Renovável;AgroVale Ltda.
P-03939;Falência e Recuperação Judicial;Estado de Santa Aurora;Maria Oliveira
P-03940;Execução de título extrajudicial;Fernanda Costa;Fernanda Costa
P-03941;Execução Fiscal;Estado de Santa Aurora;Estado de Santa Aurora
P-03942;Execução de alimentos;Estado de Santa Aurora;Oficina Mecânica do Zé
P-03943;Trabalhista;AgroVale Ltda.;Construtora Nova Era Ltda.
P-03944;Trabalhista;Prefeitura Municipal de Nova Esperança;Secretaria de Saúde de Santa Clara
P-03945;Execução de alimentos;Carlos Souza;Instituto Nacional de Energia Renovável
P-03946;Trabalhista;AgroVale Ltda.;Oficina Mecânica do Zé
P-03947;Execução Fiscal;Secretaria de Saúde de Santa Clara;Fernanda Costa
P-03948;Execução de alimentos;Fernanda Costa;Estado de Santa Aurora
P-03949;Trabalhista;João da Silva;Construtora Nova Era Ltda.
P-03950;Extinção de condomínio;Estado de Santa Aurora;João da Silva
P-03951;Busca e apreensão;Oficina Mecânica do Zé;GlobalTech Corp.
P-03952;Inventário e partilha;Prefeitura Municipal de Nova Esperança;Ana Paula Lima
P-03953;Execução de alimentos;Prefeitura Municipal de Nova Esperança;Prefeitura Municipal de Nova Esperança
P-03954;Falência e Recuperação Judicial;Estado de Santa Aurora;Estado de Santa Aurora
P-03955;Execução de título extrajudicial;João da Silva;Prefeitura Municipal de Nova Esperança
P-03956;Inventário e partilha;Secretaria de Saúde de Santa Clara;Fernanda Costa
P-03957;Falência e Recuperação Judicial;Prefeitura Municipal de Nova Esperança;TechBrasil S.A.
P-03958;Falência e Recuperação Judicial;Prefeitura Municipal de Nova Esperança;Prefeitura Municipal de Nova Esperança
P-03959;Inventário e partilha;Pedro Henrique Santos;Carlos Souza
P-03960;Trabalhista;Oficina Mecânica do Zé;Fernanda Costa
P-03961;Falência e Recuperação Judicial;Prefeitura Municipal de Nova Esperança;Ana Paula Lima
P-03962;Execução Cível;Estado de Santa Aurora;Secretaria de Saúde de Santa Clara
P-03963;Execução Cível;Fernanda Costa;Juliana Rocha
P-03964;Execução Cível;Fernanda Costa;TechBrasil S.A.
P-03965;Inventário e partilha;Prefeitura Municipal de Nova Esperança;Instituto Nacional de Energia Renovável
P-03966;Ações hipotecárias;AgroVale Ltda.;Ricardo Almeida
P-03967;Inventário e partilha;Fernanda Costa;Ana Paula Lima
P-03968;Busca e apreensão;TechBrasil S.A.;Estado de Santa Aurora
P-03969;Extinção de condomínio;Construtora Nova Era Ltda.;Oficina Mecânica do Zé
P-03970;Inventário e partilha;AgroVale Ltda.;TechBrasil S.A.
P-03971;Busca e apreensão;AgroVale Ltda.;Fernanda Costa
P-03972;Falência e Recuperação Judicial;Instituto Nacional de Energia Renovável;GlobalTech Corp.
P-03973;Inventário e partilha;GlobalTech Corp.;Juliana Rocha
P-03974;Execução Fiscal;Secretaria de Saúde de Santa Clara;Ricardo Almeida
P-03975;Execução Fiscal;Secretaria de Saúde de Santa Clara;Carlos Souza
P-03976;Inventário e partilha;Prefeitura Municipal de Nova Esperança;Ricardo Almeida
P-03977;Execução Cível;Maria Oliveira;Juliana Rocha
P-03978;Extinção de condomínio;Secretaria de Saúde de Santa Clara;TechBrasil S.A.
P-03979;Ações hipotecárias;Maria Oliveira;Maria Oliveira
P-03980;Execução de alimentos;Pedro Henrique Santos;GlobalTech Corp.
P-03981;Falência e Recuperação Judicial;Prefeitura Municipal de Nova Esperança;Ricardo Almeida
P-03982;Execução Fiscal;Prefeitura Municipal de Nova Esperança;Oficina Mecânica do Zé
P-03983;Inventário e partilha;Oficina Mecânica do Zé;GlobalTech Corp.
P-03984;Execução Cível;Maria Oliveira;Estado de Santa Aurora
P-03985;Inventário e partilha;Secretaria de Saúde de Santa Clara;GlobalTech Corp.
P-03986;Execução de título extrajudicial;Ana Paula Lima;Ricardo Almeida
P-03987;Execução de título extrajudicial;Oficina Mecânica do Zé;Ana Paula Lima
P-03988;Busca e apreensão;Secretaria de Saúde de Santa Clara;Instituto Nacional de Energia Renovável
P-03989;Inventário e partilha;Instituto Nacional de Energia Renovável;Prefeitura Municipal de Nova Esperança
P-03990;Trabalhista;Ricardo Almeida;TechBrasil S.A.
P-03991;Extinção de condomínio;Maria Oliveira;Secretaria de Saúde de Santa Clara
P-03992;Execução de título extrajudicial;Ana Paula Lima;Carlos Souza
P-03993;Execução Fiscal;Instituto Nacional de Energia Renovável;Maria Oliveira
P-03994;Execução Cível;Ricardo Almeida;Fernanda Costa
P-03995;Ações hipotecárias;Ricardo Almeida;Carlos Souza
P-03996;Extinção de condomínio;GlobalTech Corp.;AgroVale Ltda.
P-03997;Inventário e partilha;Prefeitura Municipal de Nova Esperança;Construtora Nova Era Ltda.
P-03998;Ações hipotecárias;TechBrasil S.A.;TechBrasil S.A.
P-03999;Ações hipotecárias;Instituto Nacional de Energia Renovável;Ana Paula Lima
P-04000;Execução de alimentos;Ana Paula Lima;AgroVale Ltda.
P-04001;Execução de título extrajudicial;Prefeitura Municipal de Nova Esperança;Carlos Souza
P-04002;Inventário e partilha;Pedro Henrique Santos;AgroVale Ltda.
P-04003;Trabalhista;Maria Oliveira;Instituto Nacional de Energia Renovável
P-04004;Falência e Recuperação Judicial;Prefeitura Municipal de Nova Esperança;Fernanda Costa
P-04005;Ações hipotecárias;Carlos Souza;Ana Paula Lima
P-04006;Execução de título extrajudicial;AgroVale Ltda.;Juliana Rocha
P-04007;Execução Cível;Instituto Nacional de Energia Renovável;Oficina Mecânica do Zé
P-04008;Ações hipotecárias;João da Silva;Oficina Mecânica do Zé
P-04009;Ações hipotecárias;Ricardo Almeida;Fernanda Costa
P-04010;Trabalhista;Prefeitura Municipal de Nova Esperança;Instituto Nacional de Energia Renovável
P-04011;Execução de título extrajudicial;GlobalTech Corp.;GlobalTech Corp.
P-04012;Trabalhista;João da Silva;Maria Oliveira
P-04013;Extinção de condomínio;Maria Oliveira;Instituto Nacional de Energia Renovável
P-04014;Extinção de condomínio;Carlos Souza;Pedro Henrique Santos
P-04015;Execução de título extrajudicial;Maria Oliveira;Oficina Mecânica do Zé
P-04016;Ações hipotecárias;Pedro Henrique Santos;João da Silva
P-04017;Execução de alimentos;Ricardo Almeida;AgroVale Ltda.
P-04018;Execução de alimentos;Secretaria de Saúde de Santa Clara;TechBrasil S.A.
P-04019;Execução Cível;Construtora Nova Era Ltda.;Instituto Nacional de Energia Renovável
P-04020;Falência e Recuperação Judicial;Instituto Nacional de Energia Renovável;Construtora Nova Era Ltda.
P-04021;Inventário e partilha;João da Silva;Juliana Rocha
P-04022;Execução de título extrajudicial;AgroVale Ltda.;Instituto Nacional de Energia Renovável
P-04023;Inventário e partilha;Carlos Souza;Oficina Mecânica do Zé
P-04024;Busca e apreensão;Prefeitura Municipal de Nova Esperança;Estado de Santa Aurora
P-04025;Execução Fiscal;Instituto Nacional de Energia Renovável;Fernanda Costa
P-04026;Trabalhista;Prefeitura Municipal de Nova Esperança;Secretaria de Saúde de Santa Clara
P-04027;Extinção de condomínio;TechBrasil S.A.;Ricardo Almeida
P-04028;Ações hipotecárias;Prefeitura Municipal de Nova Esperança;GlobalTech Corp.
P-04029;Execução Cível;Ana Paula Lima;Secretaria de Saúde de Santa Clara
P-04030;Execução de título extrajudicial;João da Silva;Instituto Nacional de Energia Renovável
P-04031;Busca e apreensão;TechBrasil S.A.;Construtora Nova Era Ltda.
P-04032;Inventário e partilha;Oficina Mecânica do Zé;Carlos Souza
P-04033;Falência e Recuperação Judicial;Instituto Nacional de Energia Renovável;Maria Oliveira
P-04034;Execução de título extrajudicial;Carlos Souza;AgroVale Ltda.
P-04035;Busca e apreensão;AgroVale Ltda.;Juliana Rocha
P-04036;Falência e Recuperação Judicial;Secretaria de Saúde de Santa Clara;Juliana Rocha
P-04037;Execução de alimentos;Estado de Santa Aurora;GlobalTech Corp.
P-04038;Execução de alimentos;João da Silva;Ana Paula Lima
P-04039;Execução de alimentos;Secretaria de Saúde de Santa Clara;Juliana Rocha
P-04040;Execução de alimentos;Instituto Nacional de Energia Renovável;AgroVale Ltda.
P-04041;Busca e apreensão;Pedro Henrique Santos;AgroVale Ltda.
P-04042;Execução de título extrajudicial;Fernanda Costa;Carlos Souza
P-04043;Trabalhista;AgroVale Ltda.;Juliana Rocha
P-04044;Busca e apreensão;TechBrasil S.A.;Estado de Santa Aurora
P-04045;Execução de título extrajudicial;AgroVale Ltda.;João da Silva
P-04046;Execução de título extrajudicial;Juliana Rocha;Estado de Santa Aurora
P-04047;Inventário e partilha;Ana Paula Lima;Secretaria de Saúde de Santa Clara
P-04048;Inventário e partilha;Juliana Rocha;Ricardo Almeida
P-04049;Execução de título extrajudicial;Ricardo Almeida;Maria Oliveira
P-04050;Trabalhista;Maria Oliveira;Juliana Rocha
P-04051;Falência e Recuperação Judicial;Estado de Santa Aurora;TechBrasil S.A.
P-04052;Inventário e partilha;Juliana Rocha;Ana Paula Lima
P-04053;Execução de alimentos;Maria Oliveira;Estado de Santa Aurora
P-04054;Execução Fiscal;Estado de Santa Aurora;Carlos Souza
P-04055;Execução de título extrajudicial;Prefeitura Municipal de Nova Esperança;AgroVale Ltda.
P-04056;Trabalhista;Construtora Nova Era Ltda.;Carlos Souza
P-04057;Execução Fiscal;Secretaria de Saúde de Santa Clara;TechBrasil S.A.
P-04058;Busca e apreensão;Construtora Nova Era Ltda.;GlobalTech Corp.
P-04059;Execução de alimentos;Ana Paula Lima;Instituto Nacional de Energia Renovável
P-04060;Extinção de condomínio;Instituto Nacional de Energia Renovável;Carlos Souza
P-04061;Execução de título extrajudicial;Maria Oliveira;Instituto Nacional de Energia Renovável
P-04062;Inventário e partilha;Construtora Nova Era Ltda.;João da Silva
P-04063;Trabalhista;Prefeitura Municipal de Nova Esperança;Estado de Santa Aurora
P-04064;Inventário e partilha;Carlos Souza;Secretaria de Saúde de Santa Clara
P-04065;Execução de alimentos;Secretaria de Saúde de Santa Clara;Carlos Souza
P-04066;Execução Cível;AgroVale Ltda.;Prefeitura Municipal de Nova Esperança
P-04067;Inventário e partilha;Prefeitura Municipal de Nova Esperança;TechBrasil S.A.
P-04068;Execução de título extrajudicial;Construtora Nova Era Ltda.;Estado de Santa Aurora
P-04069;Execução Cível;GlobalTech Corp.;Pedro Henrique Santos
P-04070;Execução de alimentos;Maria Oliveira;Instituto Nacional de Energia Renovável
P-04071;Execução Fiscal;Estado de Santa Aurora;Ana Paula Lima
P-04072;Falência e Recuperação Judicial;Prefeitura Municipal de Nova Esperança;Oficina Mecânica do Zé
P-04073;Execução Fiscal;Prefeitura Municipal de Nova Esperança;Maria Oliveira
P-04074;Execução de alimentos;Ricardo Almeida;TechBrasil S.A.
P-04075;Execução Fiscal;Prefeitura Municipal de Nova Esperança;Ricardo Almeida
P-04076;Inventário e partilha;Maria Oliveira;AgroVale Ltda.
P-04077;Ações hipotecárias;Oficina Mecânica do Zé;GlobalTech Corp.
P-04078;Inventário e partilha;AgroVale Ltda.;Oficina Mecânica do Zé
P-04079;Trabalhista;GlobalTech Corp.;Oficina Mecânica do Zé
P-04080;Execução Cível;Maria Oliveira;Fernanda Costa
P-04081;Execução Cível;Secretaria de Saúde de Santa Clara;TechBrasil S.A.
P-04082;Trabalhista;Instituto Nacional de Energia Renovável;Carlos Souza
P-04083;Falência e Recuperação Judicial;Prefeitura Municipal de Nova Esperança;AgroVale Ltda.
P-04084;Falência e Recuperação Judicial;Secretaria de Saúde de Santa Clara;Ricardo Almeida
P-04085;Execução de título extrajudicial;Prefeitura Municipal de Nova Esperança;Juliana Rocha
P-04086;Falência e Recuperação Judicial;Secretaria de Saúde de Santa Clara;Carlos Souza
P-04087;Inventário e partilha;Instituto Nacional de Energia Renovável;João da Silva
P-04088;Execução Fiscal;Instituto Nacional de Energia Renovável;Oficina Mecânica do Zé
P-04089;Ações hipotecárias;Oficina Mecânica do Zé;Estado de Santa Aurora
P-04090;Ações hipotecárias;Ricardo Almeida;Juliana Rocha
P-04091;Inventário e partilha;Oficina Mecânica do Zé;João da Silva
P-04092;Inventário e partilha;Oficina Mecânica do Zé;Prefeitura Municipal de Nova Esperança
P-04093;Execução Cível;Juliana Rocha;GlobalTech Corp.
P-04094;Inventário e partilha;Ricardo Almeida;Carlos Souza
P-04095;Extinção de condomínio;GlobalTech Corp.;João da Silva
P-04096;Execução Fiscal;Estado de Santa Aurora;Maria Oliveira
P-04097;Extinção de condomínio;Secretaria de Saúde de Santa Clara;TechBrasil S.A.
P-04098;Busca e apreensão;AgroVale Ltda.;Construtora Nova Era Ltda.
P-04099;Execução de alimentos;AgroVale Ltda.;João da Silva
P-04100;Execução de alimentos;Carlos Souza;Ricardo Almeida
P-04101;Execução Cível;Prefeitura Municipal de Nova Esperança;Fernanda Costa
P-04102;Execução Cível;Carlos Souza;Ricardo Almeida
P-04103;Inventário e partilha;AgroVale Ltda.;Estado de Santa Aurora
P-04104;Execução de título extrajudicial;Secretaria de Saúde de Santa Clara;GlobalTech Corp.
P-04105;Execução Fiscal;Instituto Nacional de Energia Renovável;Estado de Santa Aurora
P-04106;Execução de alimentos;TechBrasil S.A.;Maria Oliveira
P-04107;Execução Cível;Secretaria de Saúde de Santa Clara;Secretaria de Saúde de Santa Clara
P-04108;Extinção de condomínio;Ana Paula Lima;Ana Paula Lima
P-04109;Inventário e partilha;Oficina Mecânica do Zé;TechBrasil S.A.
P-04110;Execução Fiscal;Prefeitura Municipal de Nova Esperança;TechBrasil S.A.
P-04111;Ações hipotecárias;Carlos Souza;Ricardo Almeida
P-04112;Ações hipotecárias;Estado de Santa Aurora;Juliana Rocha
P-04113;Ações hipotecárias;Secretaria de Saúde de Santa Clara;Juliana Rocha
P-04114;Execução de alimentos;Maria Oliveira;Estado de Santa Aurora
P-04115;Trabalhista;Maria Oliveira;Estado de Santa Aurora
P-04116;Falência e Recuperação Judicial;Prefeitura Municipal de Nova Esperança;Prefeitura Municipal de Nova Esperança
P-04117;Execução de alimentos;GlobalTech Corp.;Maria Oliveira
P-04118;Inventário e partilha;Secretaria de Saúde de Santa Clara;Construtora Nova Era Ltda.
P-04119;Execução de alimentos;João da Silva;Oficina Mecânica do Zé
P-04120;Execução Fiscal;Estado de Santa Aurora;Prefeitura Municipal de Nova Esperança
P-04121;Busca e apreensão;GlobalTech Corp.;AgroVale Ltda.
P-04122;Execução Fiscal;Secretaria de Saúde de Santa Clara;TechBrasil S.A.
P-04123;Inventário e partilha;Carlos Souza;Estado de Santa Aurora
P-04124;Execução de título extrajudicial;GlobalTech Corp.;Construtora Nova Era Ltda.
P-04125;Execução de título extrajudicial;TechBrasil S.A.;Pedro Henrique Santos
P-04126;Falência e Recuperação Judicial;Instituto Nacional de Energia Renovável;Ricardo Almeida
P-04127;Execução Fiscal;Secretaria de Saúde de Santa Clara;AgroVale Ltda.
P-04128;Extinção de condomínio;Juliana Rocha;Oficina Mecânica do Zé
P-04129;Busca e apreensão;Ana Paula Lima;Pedro Henrique Santos
P-04130;Extinção de condomínio;Ricardo Almeida;Fernanda Costa
P-04131;Inventário e partilha;Maria Oliveira;Carlos Souza
P-04132;Execução Cível;Construtora Nova Era Ltda.;Maria Oliveira
P-04133;Execução Fiscal;Secretaria de Saúde de Santa Clara;Secretaria de Saúde de Santa Clara
P-04134;Falência e Recuperação Judicial;Prefeitura Municipal de Nova Esperança;Construtora Nova Era Ltda.
P-04135;Inventário e partilha;Secretaria de Saúde de Santa Clara;Estado de Santa Aurora
P-04136;Ações hipotecárias;Fernanda Costa;Juliana Rocha
P-04137;Inventário e partilha;GlobalTech Corp.;Secretaria de Saúde de Santa Clara
P-04138;Ações hipotecárias;Pedro Henrique Santos;Ana Paula Lima
P-04139;Ações hipotecárias;Secretaria de Saúde de Santa Clara;Ricardo Almeida
P-04140;Execução de título extrajudicial;Prefeitura Municipal de Nova Esperança;João da Silva
P-04141;Inventário e partilha;Pedro Henrique Santos;Estado de Santa Aurora
P-04142;Falência e Recuperação Judicial;Prefeitura Municipal de Nova Esperança;Estado de Santa Aurora
P-04143;Execução Fiscal;Instituto Nacional de Energia Renovável;GlobalTech Corp.
P-04144;Busca e apreensão;AgroVale Ltda.;GlobalTech Corp.
P-04145;Trabalhista;Juliana Rocha;Oficina Mecânica do Zé
P-04146;Extinção de condomínio;Ana Paula Lima;Fernanda Costa
P-04147;Ações hipotecárias;Prefeitura Municipal de Nova Esperança;Pedro Henrique Santos
P-04148;Extinção de condomínio;Juliana Rocha;Oficina Mecânica do Zé
P-04149;Busca e apreensão;TechBrasil S.A.;Construtora Nova Era Ltda.
P-04150;Falência e Recuperação Judicial;Estado de Santa Aurora;Maria Oliveira
P-04151;Execução Cível;Carlos Souza;Ana Paula Lima
P-04152;Falência e Recuperação Judicial;Prefeitura Municipal de Nova Esperança;Ana Paula Lima
P-04153;Extinção de condomínio;Oficina Mecânica do Zé;Secretaria de Saúde de Santa Clara
P-04154;Falência e Recuperação Judicial;Secretaria de Saúde de Santa Clara;Estado de Santa Aurora
P-04155;Execução de título extrajudicial;Juliana Rocha;GlobalTech Corp.
P-04156;Busca e apreensão;Oficina Mecânica do Zé;Juliana Rocha
P-04157;Execução de título extrajudicial;Fernanda Costa;GlobalTech Corp.
P-04158;Extinção de condomínio;Pedro Henrique Santos;AgroVale Ltda.
P-04159;Falência e Recuperação Judicial;Estado de Santa Aurora;Juliana Rocha
P-04160;Inventário e partilha;Pedro Henrique Santos;Carlos Souza
P-04161;Extinção de condomínio;GlobalTech Corp.;Prefeitura Municipal de Nova Esperança
P-04162;Busca e apreensão;Juliana Rocha;Prefeitura Municipal de Nova Esperança
P-04163;Ações hipotecárias;TechBrasil S.A.;Secretaria de Saúde de Santa Clara
P-04164;Execução Cível;Estado de Santa Aurora;Carlos Souza
P-04165;Execução Cível;Oficina Mecânica do Zé;João da Silva
P-04166;Execução de alimentos;TechBrasil S.A.;Juliana Rocha
P-04167;Inventário e partilha;Pedro Henrique Santos;Juliana Rocha
P-04168;Inventário e partilha;Secretaria de Saúde de Santa Clara;GlobalTech Corp.
P-04169;Execução de título extrajudicial;Construtora Nova Era Ltda.;Ana Paula Lima
P-04170;Execução de alimentos;João da Silva;GlobalTech Corp.
P-04171;Execução Fiscal;Estado de Santa Aurora;Instituto Nacional de Energia Renovável
P-04172;Busca e apreensão;Ricardo Almeida;Oficina Mecânica do Zé
P-04173;Busca e apreensão;Carlos Souza;Instituto Nacional de Energia Renovável
P-04174;Extinção de condomínio;AgroVale Ltda.;GlobalTech Corp.
P-04175;Execução de alimentos;Secretaria de Saúde de Santa Clara;Maria Oliveira
P-04176;Inventário e partilha;Maria Oliveira;Maria Oliveira
P-04177;Busca e apreensão;GlobalTech Corp.;Instituto Nacional de Energia Renovável
P-04178;Execução Cível;Prefeitura Municipal de Nova Esperança;Oficina Mecânica do Zé
P-04179;Extinção de condomínio;Oficina Mecânica do Zé;Pedro Henrique Santos
P-04180;Falência e Recuperação Judicial;Secretaria de Saúde de Santa Clara;TechBrasil S.A.
P-04181;Falência e Recuperação Judicial;Estado de Santa Aurora;Carlos Souza
P-04182;Falência e Recuperação Judicial;Secretaria de Saúde de Santa Clara;Construtora Nova Era Ltda.
P-04183;Inventário e partilha;João da Silva;Maria Oliveira
P-04184;Trabalhista;Juliana Rocha;AgroVale Ltda.
P-04185;Execução Fiscal;Secretaria de Saúde de Santa Clara;AgroVale Ltda.
P-04186;Extinção de condomínio;Construtora Nova Era Ltda.;Estado de Santa Aurora
P-04187;Execução Cível;Carlos Souza;Secretaria de Saúde de Santa Clara
P-04188;Falência e Recuperação Judicial;Instituto Nacional de Energia Renovável;Instituto Nacional de Energia Renovável
P-04189;Execução de título extrajudicial;Fernanda Costa;Construtora Nova Era Ltda.
P-04190;Inventário e partilha;TechBrasil S.A.;Secretaria de Saúde de Santa Clara
P-04191;Trabalhista;Carlos Souza;Oficina Mecânica do Zé
P-04192;Trabalhista;Ana Paula Lima;Maria Oliveira
P-04193;Inventário e partilha;AgroVale Ltda.;Instituto Nacional de Energia Renovável
P-04194;Extinção de condomínio;Oficina Mecânica do Zé;GlobalTech Corp.
P-04195;Execução de alimentos;Prefeitura Municipal de Nova Esperança;Prefeitura Municipal de Nova Esperança
P-04196;Execução de alimentos;Fernanda Costa;Ana Paula Lima
P-04197;Trabalhista;Juliana Rocha;GlobalTech Corp.
P-04198;Falência e Recuperação Judicial;Estado de Santa Aurora;AgroVale Ltda.
P-04199;Execução de título extrajudicial;Maria Oliveira;Carlos Souza
P-04200;Busca e apreensão;Pedro Henrique Santos;Ricardo Almeida
P-04201;Execução Cível;TechBrasil S.A.;TechBrasil S.A.
P-04202;Execução de título extrajudicial;Maria Oliveira;Prefeitura Municipal de Nova Esperança
P-04203;Execução de título extrajudicial;Fernanda Costa;Oficina Mecânica do Zé
P-04204;Trabalhista;Instituto Nacional de Energia Renovável;Prefeitura Municipal de Nova Esperança
P-04205;Extinção de condomínio;João da Silva;Maria Oliveira
P-04206;Extinção de condomínio;TechBrasil S.A.;Secretaria de Saúde de Santa Clara
P-04207;Execução de alimentos;Construtora Nova Era Ltda.;TechBrasil S.A.
P-04208;Busca e apreensão;Secretaria de Saúde de Santa Clara;Ana Paula Lima
P-04209;Execução de título extrajudicial;Estado de Santa Aurora;Construtora Nova Era Ltda.
P-04210;Extinção de condomínio;TechBrasil S.A.;Ana Paula Lima
P-04211;Inventário e partilha;Maria Oliveira;Carlos Souza
P-04212;Trabalhista;Instituto Nacional de Energia Renovável;Construtora Nova Era Ltda.
P-04213;Execução de título extrajudicial;Secretaria de Saúde de Santa Clara;TechBrasil S.A.
P-04214;Ações hipotecárias;Secretaria de Saúde de Santa Clara;Secretaria de Saúde de Santa Clara
P-04215;Execução de alimentos;Oficina Mecânica do Zé;Pedro Henrique Santos
P-04216;Execução de título extrajudicial;Estado de Santa Aurora;Oficina Mecânica do Zé
P-04217;Extinção de condomínio;GlobalTech Corp.;Ricardo Almeida
P-04218;Execução Fiscal;Secretaria de Saúde de Santa Clara;João da Silva
P-04219;Inventário e partilha;AgroVale Ltda.;Secretaria de Saúde de Santa Clara
P-04220;Extinção de condomínio;Secretaria de Saúde de Santa Clara;Secretaria de Saúde de Santa Clara
P-04221;Ações hipotecárias;Instituto Nacional de Energia Renovável;Juliana Rocha
P-04222;Trabalhista;Ricardo Almeida;Prefeitura Municipal de Nova Esperança
P-04223;Inventário e partilha;TechBrasil S.A.;João da Silva
P-04224;Execução de título extrajudicial;TechBrasil S.A.;Ricardo Almeida
P-04225;Execução Fiscal;Instituto Nacional de Energia Renovável;Oficina Mecânica do Zé
P-04226;Falência e Recuperação Judicial;Secretaria de Saúde de Santa Clara;AgroVale Ltda.
P-04227;Execução de título extrajudicial;AgroVale Ltda.;Secretaria de Saúde de Santa Clara
P-04228;Falência e Recuperação Judicial;Estado de Santa Aurora;Pedro Henrique Santos
P-04229;Execução de título extrajudicial;Ana Paula Lima;Oficina Mecânica do Zé
P-04230;Extinção de condomínio;Oficina Mecânica do Zé;TechBrasil S.A.
P-04231;Trabalhista;Estado de Santa Aurora;Pedro Henrique Santos
P-04232;Falência e Recuperação Judicial;Estado de Santa Aurora;Construtora Nova Era Ltda.
P-04233;Busca e apreensão;Secretaria de Saúde de Santa Clara;TechBrasil S.A.
P-04234;Inventário e partilha;João da Silva;Ana Paula Lima
P-04235;Extinção de condomínio;Ana Paula Lima;Instituto Nacional de Energia Renovável
P-04236;Execução Cível;Secretaria de Saúde de Santa Clara;Secretaria de Saúde de Santa Clara
P-04237;Trabalhista;Maria Oliveira;Prefeitura Municipal de Nova Esperança
P-04238;Execução Fiscal;Estado de Santa Aurora;Carlos Souza
P-04239;Trabalhista;Juliana Rocha;Maria Oliveira
P-04240;Execução Fiscal;Instituto Nacional de Energia Renovável;João da Silva
P-04241;Extinção de condomínio;João da Silva;AgroVale Ltda.
P-04242;Execução de título extrajudicial;Juliana Rocha;Construtora Nova Era Ltda.
P-04243;Ações hipotecárias;Secretaria de Saúde de Santa Clara;Ana Paula Lima
P-04244;Execução de alimentos;Ricardo Almeida;Carlos Souza
P-04245;Execução de título extrajudicial;TechBrasil S.A.;Juliana Rocha
P-04246;Falência e Recuperação Judicial;Prefeitura Municipal de Nova Esperança;Ricardo Almeida
P-04247;Inventário e partilha;Construtora Nova Era Ltda.;João da Silva
P-04248;Trabalhista;Fernanda Costa;Prefeitura Municipal de Nova Esperança
P-04249;Execução Cível;Carlos Souza;Juliana Rocha
P-04250;Trabalhista;Juliana Rocha;Fernanda Costa
P-04251;Execução Fiscal;Prefeitura Municipal de Nova Esperança;Fernanda Costa
P-04252;Busca e apreensão;Juliana Rocha;Instituto Nacional de Energia Renovável
P-04253;Trabalhista;Secretaria de Saúde de Santa Clara;João da Silva
P-04254;Execução de alimentos;AgroVale Ltda.;João da Silva
P-04255;Execução Cível;Oficina Mecânica do Zé;Ana Paula Lima
P-04256;Ações hipotecárias;TechBrasil S.A.;GlobalTech Corp.
P-04257;Inventário e partilha;Instituto Nacional de Energia Renovável;Maria Oliveira
P-04258;Inventário e partilha;Secretaria de Saúde de Santa Clara;Oficina Mecânica do Zé
P-04259;Inventário e partilha;Fernanda Costa;Juliana Rocha
P-04260;Inventário e partilha;João da Silva;Juliana Rocha
P-04261;Execução Fiscal;Instituto Nacional de Energia Renovável;Juliana Rocha
P-04262;Execução de título extrajudicial;Estado de Santa Aurora;Juliana Rocha
P-04263;Inventário e partilha;João da Silva;Oficina Mecânica do Zé
P-04264;Execução Cível;GlobalTech Corp.;Secretaria de Saúde de Santa Clara
P-04265;Ações hipotecárias;Pedro Henrique Santos;Pedro Henrique Santos
P-04266;Extinção de condomínio;Construtora Nova Era Ltda.;Fernanda Costa
P-04267;Busca e apreensão;Maria Oliveira;Fernanda Costa
P-04268;Busca e apreensão;Juliana Rocha;Ricardo Almeida
P-04269;Execução Fiscal;Prefeitura Municipal de Nova Esperança;Ricardo Almeida
P-04270;Inventário e partilha;Fernanda Costa;Oficina Mecânica do Zé
P-04271;Inventário e partilha;Pedro Henrique Santos;Carlos Souza
P-04272;Busca e apreensão;Prefeitura Municipal de Nova Esperança;Secretaria de Saúde de Santa Clara
P-04273;Falência e Recuperação Judicial;Secretaria de Saúde de Santa Clara;Ricardo Almeida
P-04274;Execução de alimentos;Fernanda Costa;Secretaria de Saúde de Santa Clara
P-04275;Execução Cível;Juliana Rocha;Prefeitura Municipal de Nova Esperança
P-04276;Inventário e partilha;Instituto Nacional de Energia Renovável;Secretaria de Saúde de Santa Clara
P-04277;Busca e apreensão;Estado de Santa Aurora;Fernanda Costa
P-04278;Falência e Recuperação Judicial;Prefeitura Municipal de Nova Esperança;AgroVale Ltda.
P-04279;Execução Fiscal;Secretaria de Saúde de Santa Clara;AgroVale Ltda.
P-04280;Ações hipotecárias;GlobalTech Corp.;AgroVale Ltda.
P-04281;Falência e Recuperação Judicial;Estado de Santa Aurora;Prefeitura Municipal de Nova Esperança
P-04282;Execução de título extrajudicial;Instituto Nacional de Energia Renovável;Ricardo Almeida
P-04283;Execução de título extrajudicial;Pedro Henrique Santos;Fernanda Costa
P-04284;Busca e apreensão;TechBrasil S.A.;AgroVale Ltda.
P-04285;Execução Cível;Pedro Henrique Santos;Construtora Nova Era Ltda.
P-04286;Trabalhista;Estado de Santa Aurora;AgroVale Ltda.
P-04287;Execução de alimentos;GlobalTech Corp.;AgroVale Ltda.
P-04288;Inventário e partilha;Juliana Rocha;Oficina Mecânica do Zé
P-04289;Extinção de condomínio;Maria Oliveira;Juliana Rocha
P-04290;Busca e apreensão;Juliana Rocha;João da Silva
P-04291;Extinção de condomínio;Ricardo Almeida;AgroVale Ltda.
P-04292;Trabalhista;Pedro Henrique Santos;TechBrasil S.A.
P-04293;Execução Cível;Estado de Santa Aurora;Carlos Souza
P-04294;Falência e Recuperação Judicial;Prefeitura Municipal de Nova Esperança;Ana Paula Lima
P-04295;Execução Fiscal;Estado de Santa Aurora;Maria Oliveira
P-04296;Inventário e partilha;Pedro Henrique Santos;Fernanda Costa
P-04297;Falência e Recuperação Judicial;Secretaria de Saúde de Santa Clara;Carlos Souza
P-04298;Trabalhista;Estado de Santa Aurora;Ricardo Almeida
P-04299;Busca e apreensão;Carlos Souza;Fernanda Costa
P-04300;Execução Fiscal;Instituto Nacional de Energia Renovável;João da Silva
P-04301;Ações hipotecárias;João da Silva;Estado de Santa Aurora
P-04302;Ações hipotecárias;Secretaria de Saúde de Santa Clara;Ricardo Almeida
P-04303;Execução de título extrajudicial;Construtora Nova Era Ltda.;Estado de Santa Aurora
P-04304;Inventário e partilha;Maria Oliveira;AgroVale Ltda.
P-04305;Execução Fiscal;Instituto Nacional de Energia Renovável;GlobalTech Corp.
P-04306;Execução de título extrajudicial;Maria Oliveira;AgroVale Ltda.
P-04307;Extinção de condomínio;Pedro Henrique Santos;Juliana Rocha
P-04308;Execução de alimentos;Fernanda Costa;Construtora Nova Era Ltda.
P-04309;Execução Cível;Instituto Nacional de Energia Renovável;Estado de Santa Aurora
P-04310;Execução Cível;AgroVale Ltda.;Ana Paula Lima
P-04311;Falência e Recuperação Judicial;Secretaria de Saúde de Santa Clara;Construtora Nova Era Ltda.
P-04312;Extinção de condomínio;Ana Paula Lima;Fernanda Costa
P-04313;Execução Fiscal;Secretaria de Saúde de Santa Clara;Secretaria de Saúde de Santa Clara
P-04314;Execução de alimentos;Instituto Nacional de Energia Renovável;Prefeitura Municipal de Nova Esperança
P-04315;Ações hipotecárias;Carlos Souza;TechBrasil S.A.
P-04316;Trabalhista;Pedro Henrique Santos;Juliana Rocha
P-04317;Trabalhista;Secretaria de Saúde de Santa Clara;GlobalTech Corp.
P-04318;Ações hipotecárias;Ana Paula Lima;Juliana Rocha
P-04319;Execução de título extrajudicial;Oficina Mecânica do Zé;Ricardo Almeida
P-04320;Extinção de condomínio;Secretaria de Saúde de Santa Clara;Estado de Santa Aurora
P-04321;Execução Fiscal;Instituto Nacional de Energia Renovável;Ricardo Almeida
P-04322;Trabalhista;Ana Paula Lima;Secretaria de Saúde de Santa Clara
P-04323;Ações hipotecárias;Construtora Nova Era Ltda.;AgroVale Ltda.
P-04324;Execução Fiscal;Secretaria de Saúde de Santa Clara;Maria Oliveira
P-04325;Execução Cível;Prefeitura Municipal de Nova Esperança;Prefeitura Municipal de Nova Esperança
P-04326;Execução de título extrajudicial;João da Silva;Secretaria de Saúde de Santa Clara
P-04327;Trabalhista;AgroVale Ltda.;Ana Paula Lima
P-04328;Extinção de condomínio;Ana Paula Lima;Ana Paula Lima
P-04329;Execução Fiscal;Estado de Santa Aurora;Fernanda Costa
P-04330;Falência e Recuperação Judicial;Prefeitura Municipal de Nova Esperança;Secretaria de Saúde de Santa Clara
P-04331;Ações hipotecárias;Estado de Santa Aurora;GlobalTech Corp.
P-04332;Execução Cível;Maria Oliveira;João da Silva
P-04333;Busca e apreensão;Construtora Nova Era Ltda.;Pedro Henrique Santos
P-04334;Trabalhista;TechBrasil S.A.;GlobalTech Corp.
P-04335;Busca e apreensão;AgroVale Ltda.;AgroVale Ltda.
P-04336;Ações hipotecárias;GlobalTech Corp.;Estado de Santa Aurora
P-04337;Execução Cível;João da Silva;Ana Paula Lima
P-04338;Inventário e partilha;AgroVale Ltda.;Maria Oliveira
P-04339;Execução de alimentos;Fernanda Costa;Juliana Rocha
P-04340;Ações hipotecárias;Instituto Nacional de Energia Renovável;Fernanda Costa
P-04341;Extinção de condomínio;Ricardo Almeida;Secretaria de Saúde de Santa Clara
P-04342;Execução Cível;Secretaria de Saúde de Santa Clara;AgroVale Ltda.
P-04343;Ações hipotecárias;Instituto Nacional de Energia Renovável;Carlos Souza
P-04344;Busca e apreensão;Oficina Mecânica do Zé;Secretaria de Saúde de Santa Clara
P-04345;Inventário e partilha;Prefeitura Municipal de Nova Esperança;João da Silva
P-04346;Ações hipotecárias;GlobalTech Corp.;Carlos Souza
P-04347;Inventário e partilha;Fernanda Costa;Instituto Nacional de Energia Renovável
P-04348;Extinção de condomínio;Construtora Nova Era Ltda.;Estado de Santa Aurora
P-04349;Trabalhista;Pedro Henrique Santos;Prefeitura Municipal de Nova Esperança
P-04350;Falência e Recuperação Judicial;Secretaria de Saúde de Santa Clara;Construtora Nova Era Ltda.
P-04351;Ações hipotecárias;Construtora Nova Era Ltda.;Secretaria de Saúde de Santa Clara
P-04352;Extinção de condomínio;Secretaria de Saúde de Santa Clara;Ana Paula Lima
P-04353;Trabalhista;Carlos Souza;Ana Paula Lima
P-04354;Execução de título extrajudicial;Ana Paula Lima;Juliana Rocha
P-04355;Inventário e partilha;TechBrasil S.A.;Secretaria de Saúde de Santa Clara
P-04356;Execução de alimentos;Estado de Santa Aurora;Ricardo Almeida
P-04357;Falência e Recuperação Judicial;Estado de Santa Aurora;Secretaria de Saúde de Santa Clara
P-04358;Trabalhista;Secretaria de Saúde de Santa Clara;Juliana Rocha
P-04359;Falência e Recuperação Judicial;Estado de Santa Aurora;Prefeitura Municipal de Nova Esperança
P-04360;Busca e apreensão;Ricardo Almeida;Fernanda Costa
P-04361;Execução Fiscal;Instituto Nacional de Energia Renovável;Carlos Souza
P-04362;Trabalhista;Maria Oliveira;João da Silva
P-04363;Busca e apreensão;Oficina Mecânica do Zé;Ana Paula Lima
P-04364;Execução Cível;Secretaria de Saúde de Santa Clara;Maria Oliveira
P-04365;Ações hipotecárias;Pedro Henrique Santos;Fernanda Costa
P-04366;Busca e apreensão;Instituto Nacional de Energia Renovável;Construtora Nova Era Ltda.
P-04367;Execução de alimentos;Secretaria de Saúde de Santa Clara;AgroVale Ltda.
P-04368;Execução de título extrajudicial;Prefeitura Municipal de Nova Esperança;Carlos Souza
P-04369;Execução Cível;Maria Oliveira;Carlos Souza
P-04370;Falência e Recuperação Judicial;Prefeitura Municipal de Nova Esperança;Secretaria de Saúde de Santa Clara
P-04371;Execução de título extrajudicial;Maria Oliveira;João da Silva
P-04372;Ações hipotecárias;GlobalTech Corp.;TechBrasil S.A.
P-04373;Extinção de condomínio;Juliana Rocha;João da Silva
P-04374;Ações hipotecárias;Ricardo Almeida;GlobalTech Corp.
P-04375;Execução de alimentos;Secretaria de Saúde de Santa Clara;Instituto Nacional de Energia Renovável
P-04376;Ações hipotecárias;Oficina Mecânica do Zé;Oficina Mecânica do Zé
P-04377;Trabalhista;Ricardo Almeida;GlobalTech Corp.
P-04378;Ações hipotecárias;Ricardo Almeida;Maria Oliveira
P-04379;Execução Cível;Maria Oliveira;Construtora Nova Era Ltda.
P-04380;Ações hipotecárias;TechBrasil S.A.;Fernanda Costa
P-04381;Inventário e partilha;Instituto Nacional de Energia Renovável;Construtora Nova Era Ltda.
P-04382;Execução Fiscal;Prefeitura Municipal de Nova Esperança;João da Silva
P-04383;Extinção de condomínio;TechBrasil S.A.;Pedro Henrique Santos
P-04384;Execução de alimentos;AgroVale Ltda.;Instituto Nacional de Energia Renovável
P-04385;Falência e Recuperação Judicial;Estado de Santa Aurora;TechBrasil S.A.
P-04386;Ações hipotecárias;GlobalTech Corp.;Construtora Nova Era Ltda.
P-04387;Extinção de condomínio;Maria Oliveira;Secretaria de Saúde de Santa Clara
P-04388;Execução de título extrajudicial;Estado de Santa Aurora;Estado de Santa Aurora
P-04389;Trabalhista;João da Silva;GlobalTech Corp.
P-04390;Execução Cível;Carlos Souza;TechBrasil S.A.
P-04391;Falência e Recuperação Judicial;Secretaria de Saúde de Santa Clara;Ricardo Almeida
P-04392;Execução Cível;Estado de Santa Aurora;TechBrasil S.A.
P-04393;Execução de título extrajudicial;Oficina Mecânica do Zé;Prefeitura Municipal de Nova Esperança
P-04394;Ações hipotecárias;GlobalTech Corp.;Construtora Nova Era Ltda.
P-04395;Extinção de condomínio;AgroVale Ltda.;AgroVale Ltda.
P-04396;Trabalhista;Estado de Santa Aurora;Instituto Nacional de Energia Renovável
P-04397;Execução de alimentos;Juliana Rocha;AgroVale Ltda.
P-04398;Execução de título extrajudicial;Pedro Henrique Santos;Oficina Mecânica do Zé
P-04399;Inventário e partilha;Fernanda Costa;Secretaria de Saúde de Santa Clara
P-04400;Trabalhista;AgroVale Ltda.;Juliana Rocha
P-04401;Execução de título extrajudicial;Carlos Souza;Construtora Nova Era Ltda.
P-04402;Extinção de condomínio;Instituto Nacional de Energia Renovável;Prefeitura Municipal de Nova Esperança
P-04403;Falência e Recuperação Judicial;Prefeitura Municipal de Nova Esperança;Pedro Henrique Santos
P-04404;Inventário e partilha;Estado de Santa Aurora;Ana Paula Lima
P-04405;Trabalhista;Construtora Nova Era Ltda.;Estado de Santa Aurora
P-04406;Inventário e partilha;AgroVale Ltda.;Oficina Mecânica do Zé
P-04407;Execução de título extrajudicial;Fernanda Costa;Ana Paula Lima
P-04408;Execução Fiscal;Estado de Santa Aurora;Prefeitura Municipal de Nova Esperança
P-04409;Falência e Recuperação Judicial;Prefeitura Municipal de Nova Esperança;Ana Paula Lima
P-04410;Execução Fiscal;Estado de Santa Aurora;Fernanda Costa
P-04411;Inventário e partilha;Construtora Nova Era Ltda.;Construtora Nova Era Ltda.
P-04412;Execução de título extrajudicial;Prefeitura Municipal de Nova Esperança;Carlos Souza
P-04413;Busca e apreensão;Maria Oliveira;Pedro Henrique Santos
P-04414;Falência e Recuperação Judicial;Prefeitura Municipal de Nova Esperança;Ana Paula Lima
P-04415;Trabalhista;João da Silva;Estado de Santa Aurora
P-04416;Execução de alimentos;Estado de Santa Aurora;Instituto Nacional de Energia Renovável
P-04417;Busca e apreensão;Ricardo Almeida;Fernanda Costa
P-04418;Busca e apreensão;Maria Oliveira;Carlos Souza
P-04419;Execução de título extrajudicial;Carlos Souza;Fernanda Costa
P-04420;Inventário e partilha;AgroVale Ltda.;João da Silva
P-04421;Inventário e partilha;João da Silva;Secretaria de Saúde de Santa Clara
P-04422;Falência e Recuperação Judicial;Secretaria de Saúde de Santa Clara;GlobalTech Corp.
P-04423;Trabalhista;Prefeitura Municipal de Nova Esperança;GlobalTech Corp.
P-04424;Ações hipotecárias;AgroVale Ltda.;Estado de Santa Aurora
P-04425;Trabalhista;Ricardo Almeida;Carlos Souza
P-04426;Execução Cível;Instituto Nacional de Energia Renovável;Maria Oliveira
P-04427;Extinção de condomínio;Fernanda Costa;Juliana Rocha
P-04428;Execução de título extrajudicial;GlobalTech Corp.;Pedro Henrique Santos
P-04429;Ações hipotecárias;Oficina Mecânica do Zé;Fernanda Costa
P-04430;Execução Fiscal;Instituto Nacional de Energia Renovável;Ricardo Almeida
P-04431;Execução de título extrajudicial;Prefeitura Municipal de Nova Esperança;Oficina Mecânica do Zé
P-04432;Busca e apreensão;Ana Paula Lima;Pedro Henrique Santos
P-04433;Execução de alimentos;João da Silva;Secretaria de Saúde de Santa Clara
P-04434;Execução de alimentos;Maria Oliveira;AgroVale Ltda.
P-04435;Busca e apreensão;Carlos Souza;AgroVale Ltda.
P-04436;Execução de título extrajudicial;Construtora Nova Era Ltda.;Prefeitura Municipal de Nova Esperança
P-04437;Execução de título extrajudicial;Construtora Nova Era Ltda.;GlobalTech Corp.
P-04438;Busca e apreensão;Maria Oliveira;AgroVale Ltda.
P-04439;Execução de título extrajudicial;Ana Paula Lima;Construtora Nova Era Ltda.
P-04440;Extinção de condomínio;Secretaria de Saúde de Santa Clara;Construtora Nova Era Ltda.
P-04441;Busca e apreensão;AgroVale Ltda.;Fernanda Costa
P-04442;Execução Cível;Oficina Mecânica do Zé;Carlos Souza
P-04443;Trabalhista;Oficina Mecânica do Zé;AgroVale Ltda.
P-04444;Falência e Recuperação Judicial;Estado de Santa Aurora;Pedro Henrique Santos
P-04445;Falência e Recuperação Judicial;Secretaria de Saúde de Santa Clara;TechBrasil S.A.
P-04446;Execução de título extrajudicial;Fernanda Costa;TechBrasil S.A.
P-04447;Execução de título extrajudicial;Maria Oliveira;GlobalTech Corp.
P-04448;Execução de título extrajudicial;Ricardo Almeida;Pedro Henrique Santos
P-04449;Execução Cível;Oficina Mecânica do Zé;Secretaria de Saúde de Santa Clara
P-04450;Busca e apreensão;Ricardo Almeida;Secretaria de Saúde de Santa Clara
P-04451;Execução Fiscal;Secretaria de Saúde de Santa Clara;AgroVale Ltda.
P-04452;Inventário e partilha;Carlos Souza;Carlos Souza
P-04453;Execução Fiscal;Estado de Santa Aurora;Instituto Nacional de Energia Renovável
P-04454;Execução Cível;Fernanda Costa;Pedro Henrique Santos
P-04455;Inventário e partilha;Secretaria de Saúde de Santa Clara;GlobalTech Corp.
P-04456;Falência e Recuperação Judicial;Estado de Santa Aurora;Juliana Rocha
P-04457;Execução de alimentos;GlobalTech Corp.;Pedro Henrique Santos
P-04458;Execução de alimentos;Pedro Henrique Santos;Estado de Santa Aurora
P-04459;Execução Fiscal;Instituto Nacional de Energia Renovável;Carlos Souza
P-04460;Busca e apreensão;AgroVale Ltda.;Ricardo Almeida
P-04461;Extinção de condomínio;Instituto Nacional de Energia Renovável;Carlos Souza
P-04462;Inventário e partilha;AgroVale Ltda.;Secretaria de Saúde de Santa Clara
P-04463;Execução de título extrajudicial;Secretaria de Saúde de Santa Clara;Juliana Rocha
P-04464;Execução de título extrajudicial;Ricardo Almeida;João da Silva
P-04465;Execução Cível;João da Silva;Secretaria de Saúde de Santa Clara
P-04466;Busca e apreensão;Ricardo Almeida;Maria Oliveira
P-04467;Trabalhista;GlobalTech Corp.;Maria Oliveira
P-04468;Ações hipotecárias;GlobalTech Corp.;Oficina Mecânica do Zé
P-04469;Execução Cível;Juliana Rocha;Construtora Nova Era Ltda.
P-04470;Execução Cível;Pedro Henrique Santos;GlobalTech Corp.
P-04471;Falência e Recuperação Judicial;Instituto Nacional de Energia Renovável;TechBrasil S.A.
P-04472;Execução de alimentos;Construtora Nova Era Ltda.;Instituto Nacional de Energia Renovável
P-04473;Extinção de condomínio;Estado de Santa Aurora;Ricardo Almeida
P-04474;Trabalhista;Juliana Rocha;Pedro Henrique Santos
P-04475;Falência e Recuperação Judicial;Prefeitura Municipal de Nova Esperança;Juliana Rocha
P-04476;Execução de alimentos;Prefeitura Municipal de Nova Esperança;Construtora Nova Era Ltda.
P-04477;Execução de título extrajudicial;Estado de Santa Aurora;TechBrasil S.A.
P-04478;Ações hipotecárias;Estado de Santa Aurora;João da Silva
P-04479;Extinção de condomínio;Pedro Henrique Santos;Prefeitura Municipal de Nova Esperança
P-04480;Ações hipotecárias;Ricardo Almeida;Fernanda Costa
P-04481;Busca e apreensão;Estado de Santa Aurora;Pedro Henrique Santos
P-04482;Execução de título extrajudicial;Prefeitura Municipal de Nova Esperança;Carlos Souza
P-04483;Execução Cível;Prefeitura Municipal de Nova Esperança;João da Silva
P-04484;Execução de alimentos;Pedro Henrique Santos;Construtora Nova Era Ltda.
P-04485;Extinção de condomínio;Prefeitura Municipal de Nova Esperança;Secretaria de Saúde de Santa Clara
P-04486;Execução de título extrajudicial;Fernanda Costa;Maria Oliveira
P-04487;Falência e Recuperação Judicial;Secretaria de Saúde de Santa Clara;Instituto Nacional de Energia Renovável
P-04488;Execução de título extrajudicial;TechBrasil S.A.;Secretaria de Saúde de Santa Clara
P-04489;Execução de título extrajudicial;Estado de Santa Aurora;Fernanda Costa
P-04490;Execução de alimentos;GlobalTech Corp.;Ana Paula Lima
P-04491;Falência e Recuperação Judicial;Instituto Nacional de Energia Renovável;Prefeitura Municipal de Nova Esperança
P-04492;Busca e apreensão;João da Silva;Prefeitura Municipal de Nova Esperança
P-04493;Execução de título extrajudicial;Fernanda Costa;Maria Oliveira
P-04494;Falência e Recuperação Judicial;Secretaria de Saúde de Santa Clara;Instituto Nacional de Energia Renovável
P-04495;Execução de título extrajudicial;Construtora Nova Era Ltda.;João da Silva
P-04496;Execução de alimentos;Juliana Rocha;Instituto Nacional de Energia Renovável
P-04497;Execução Cível;Prefeitura Municipal de Nova Esperança;Ana Paula Lima
P-04498;Ações hipotecárias;Prefeitura Municipal de Nova Esperança;Fernanda Costa
P-04499;Execução de título extrajudicial;Estado de Santa Aurora;Ricardo Almeida
P-04500;Execução Cível;Juliana Rocha;Secretaria de Saúde de Santa Clara
P-04501;Falência e Recuperação Judicial;Secretaria de Saúde de Santa Clara;Ana Paula Lima
P-04502;Execução Cível;Prefeitura Municipal de Nova Esperança;Maria Oliveira
P-04503;Execução de título extrajudicial;Secretaria de Saúde de Santa Clara;Fernanda Costa
P-04504;Execução de título extrajudicial;Construtora Nova Era Ltda.;Estado de Santa Aurora
P-04505;Busca e apreensão;Fernanda Costa;Construtora Nova Era Ltda.
P-04506;Trabalhista;Maria Oliveira;Pedro Henrique Santos
P-04507;Execução de título extrajudicial;Carlos Souza;TechBrasil S.A.
P-04508;Execução Fiscal;Secretaria de Saúde de Santa Clara;Construtora Nova Era Ltda.
P-04509;Busca e apreensão;AgroVale Ltda.;GlobalTech Corp.
P-04510;Busca e apreensão;GlobalTech Corp.;Carlos Souza
P-04511;Trabalhista;Instituto Nacional de Energia Renovável;Ricardo Almeida
P-04512;Inventário e partilha;Secretaria de Saúde de Santa Clara;Instituto Nacional de Energia Renovável
P-04513;Busca e apreensão;João da Silva;Juliana Rocha
P-04514;Execução de título extrajudicial;GlobalTech Corp.;Fernanda Costa
P-04515;Execução Cível;Construtora Nova Era Ltda.;Carlos Souza
P-04516;Busca e apreensão;TechBrasil S.A.;Carlos Souza
P-04517;Ações hipotecárias;Secretaria de Saúde de Santa Clara;Ana Paula Lima
P-04518;Execução Cível;AgroVale Ltda.;Fernanda Costa
P-04519;Ações hipotecárias;Maria Oliveira;Secretaria de Saúde de Santa Clara
P-04520;Execução Fiscal;Estado de Santa Aurora;TechBrasil S.A.
P-04521;Ações hipotecárias;Ana Paula Lima;AgroVale Ltda.
P-04522;Inventário e partilha;Oficina Mecânica do Zé;Prefeitura Municipal de Nova Esperança
P-04523;Execução Cível;Instituto Nacional de Energia Renovável;TechBrasil S.A.
P-04524;Busca e apreensão;Maria Oliveira;Construtora Nova Era Ltda.
P-04525;Inventário e partilha;Ana Paula Lima;Juliana Rocha
P-04526;Execução de alimentos;Ricardo Almeida;Carlos Souza
P-04527;Extinção de condomínio;João da Silva;Carlos Souza
P-04528;Execução de título extrajudicial;Pedro Henrique Santos;AgroVale Ltda.
P-04529;Falência e Recuperação Judicial;Estado de Santa Aurora;Maria Oliveira
P-04530;Trabalhista;GlobalTech Corp.;João da Silva
P-04531;Execução Cível;Estado de Santa Aurora;Instituto Nacional de Energia Renovável
P-04532;Execução de alimentos;Oficina Mecânica do Zé;Prefeitura Municipal de Nova Esperança
P-04533;Execução Cível;Secretaria de Saúde de Santa Clara;Ana Paula Lima
P-04534;Execução Cível;Oficina Mecânica do Zé;TechBrasil S.A.
P-04535;Falência e Recuperação Judicial;Estado de Santa Aurora;TechBrasil S.A.
P-04536;Execução de alimentos;Maria Oliveira;João da Silva
P-04537;Extinção de condomínio;Maria Oliveira;GlobalTech Corp.
P-04538;Falência e Recuperação Judicial;Estado de Santa Aurora;TechBrasil S.A.
P-04539;Ações hipotecárias;Ricardo Almeida;Pedro Henrique Santos
P-04540;Inventário e partilha;AgroVale Ltda.;Estado de Santa Aurora
P-04541;Execução Fiscal;Prefeitura Municipal de Nova Esperança;Ana Paula Lima
P-04542;Execução de título extrajudicial;Ricardo Almeida;Oficina Mecânica do Zé
P-04543;Ações hipotecárias;Maria Oliveira;Secretaria de Saúde de Santa Clara
P-04544;Extinção de condomínio;Carlos Souza;João da Silva
P-04545;Execução Fiscal;Estado de Santa Aurora;AgroVale Ltda.
P-04546;Trabalhista;Juliana Rocha;Carlos Souza
P-04547;Trabalhista;João da Silva;Ricardo Almeida
P-04548;Execução Cível;Prefeitura Municipal de Nova Esperança;João da Silva
P-04549;Execução de título extrajudicial;Carlos Souza;TechBrasil S.A.
P-04550;Execução de alimentos;AgroVale Ltda.;Instituto Nacional de Energia Renovável
P-04551;Execução Fiscal;Secretaria de Saúde de Santa Clara;Carlos Souza
P-04552;Extinção de condomínio;Estado de Santa Aurora;Secretaria de Saúde de Santa Clara
P-04553;Ações hipotecárias;Secretaria de Saúde de Santa Clara;Oficina Mecânica do Zé
P-04554;Execução Cível;Estado de Santa Aurora;Secretaria de Saúde de Santa Clara
P-04555;Inventário e partilha;Secretaria de Saúde de Santa Clara;Secretaria de Saúde de Santa Clara
P-04556;Execução de alimentos;Prefeitura Municipal de Nova Esperança;Construtora Nova Era Ltda.
P-04557;Ações hipotecárias;Secretaria de Saúde de Santa Clara;Secretaria de Saúde de Santa Clara
P-04558;Extinção de condomínio;Fernanda Costa;Ricardo Almeida
P-04559;Extinção de condomínio;Estado de Santa Aurora;Instituto Nacional de Energia Renovável
P-04560;Execução Fiscal;Estado de Santa Aurora;TechBrasil S.A.
P-04561;Execução de título extrajudicial;Ana Paula Lima;João da Silva
P-04562;Inventário e partilha;AgroVale Ltda.;Oficina Mecânica do Zé
P-04563;Execução de alimentos;João da Silva;Ricardo Almeida
P-04564;Ações hipotecárias;Juliana Rocha;Construtora Nova Era Ltda.
P-04565;Ações hipotecárias;Juliana Rocha;Ricardo Almeida
P-04566;Ações hipotecárias;João da Silva;AgroVale Ltda.
P-04567;Extinção de condomínio;Estado de Santa Aurora;AgroVale Ltda.
P-04568;Busca e apreensão;Prefeitura Municipal de Nova Esperança;Ana Paula Lima
P-04569;Falência e Recuperação Judicial;Estado de Santa Aurora;Prefeitura Municipal de Nova Esperança
P-04570;Falência e Recuperação Judicial;Instituto Nacional de Energia Renovável;Juliana Rocha
P-04571;Busca e apreensão;Construtora Nova Era Ltda.;TechBrasil S.A.
P-04572;Busca e apreensão;Oficina Mecânica do Zé;GlobalTech Corp.
P-04573;Extinção de condomínio;GlobalTech Corp.;Construtora Nova Era Ltda.
P-04574;Execução de título extrajudicial;AgroVale Ltda.;Oficina Mecânica do Zé
P-04575;Trabalhista;Ricardo Almeida;AgroVale Ltda.
P-04576;Inventário e partilha;Secretaria de Saúde de Santa Clara;AgroVale Ltda.
P-04577;Ações hipotecárias;Ana Paula Lima;Estado de Santa Aurora
P-04578;Extinção de condomínio;Construtora Nova Era Ltda.;Estado de Santa Aurora
P-04579;Execução de alimentos;Fernanda Costa;Oficina Mecânica do Zé
P-04580;Trabalhista;Instituto Nacional de Energia Renovável;João da Silva
P-04581;Inventário e partilha;João da Silva;Ana Paula Lima
P-04582;Inventário e partilha;João da Silva;Oficina Mecânica do Zé
P-04583;Execução Fiscal;Prefeitura Municipal de Nova Esperança;Carlos Souza
P-04584;Busca e apreensão;Maria Oliveira;Ana Paula Lima
P-04585;Execução Cível;Construtora Nova Era Ltda.;Fernanda Costa
P-04586;Extinção de condomínio;Oficina Mecânica do Zé;Estado de Santa Aurora
P-04587;Ações hipotecárias;AgroVale Ltda.;Juliana Rocha
P-04588;Extinção de condomínio;Estado de Santa Aurora;Ana Paula Lima
P-04589;Falência e Recuperação Judicial;Secretaria de Saúde de Santa Clara;Maria Oliveira
P-04590;Execução Cível;Prefeitura Municipal de Nova Esperança;Carlos Souza
P-04591;Busca e apreensão;AgroVale Ltda.;Carlos Souza
P-04592;Execução de título extrajudicial;Prefeitura Municipal de Nova Esperança;Instituto Nacional de Energia Renovável
P-04593;Ações hipotecárias;Instituto Nacional de Energia Renovável;GlobalTech Corp.
P-04594;Trabalhista;Carlos Souza;Construtora Nova Era Ltda.
P-04595;Falência e Recuperação Judicial;Prefeitura Municipal de Nova Esperança;TechBrasil S.A.
P-04596;Execução Fiscal;Estado de Santa Aurora;Estado de Santa Aurora
P-04597;Falência e Recuperação Judicial;Estado de Santa Aurora;Ana Paula Lima
P-04598;Execução de alimentos;Pedro Henrique Santos;Ricardo Almeida
P-04599;Falência e Recuperação Judicial;Estado de Santa Aurora;Secretaria de Saúde de Santa Clara
P-04600;Execução de alimentos;Estado de Santa Aurora;AgroVale Ltda.
P-04601;Busca e apreensão;Estado de Santa Aurora;Carlos Souza
P-04602;Execução de título extrajudicial;Oficina Mecânica do Zé;GlobalTech Corp.
P-04603;Ações hipotecárias;João da Silva;Ana Paula Lima
P-04604;Falência e Recuperação Judicial;Estado de Santa Aurora;Estado de Santa Aurora
P-04605;Ações hipotecárias;Secretaria de Saúde de Santa Clara;Construtora Nova Era Ltda.
P-04606;Execução Cível;Pedro Henrique Santos;Instituto Nacional de Energia Renovável
P-04607;Execução de título extrajudicial;Ana Paula Lima;Ricardo Almeida
P-04608;Inventário e partilha;Maria Oliveira;Pedro Henrique Santos
P-04609;Extinção de condomínio;Fernanda Costa;Carlos Souza
P-04610;Extinção de condomínio;Ana Paula Lima;Secretaria de Saúde de Santa Clara
P-04611;Extinção de condomínio;AgroVale Ltda.;Maria Oliveira
P-04612;Execução Fiscal;Secretaria de Saúde de Santa Clara;Maria Oliveira
P-04613;Inventário e partilha;TechBrasil S.A.;GlobalTech Corp.
P-04614;Execução Cível;Prefeitura Municipal de Nova Esperança;AgroVale Ltda.
P-04615;Extinção de condomínio;Ana Paula Lima;Oficina Mecânica do Zé
P-04616;Execução de título extrajudicial;Ana Paula Lima;Instituto Nacional de Energia Renovável
P-04617;Falência e Recuperação Judicial;Estado de Santa Aurora;Carlos Souza
P-04618;Execução Fiscal;Estado de Santa Aurora;Prefeitura Municipal de Nova Esperança
P-04619;Execução Cível;Carlos Souza;Fernanda Costa
P-04620;Execução de alimentos;Construtora Nova Era Ltda.;Oficina Mecânica do Zé
P-04621;Trabalhista;Carlos Souza;Secretaria de Saúde de Santa Clara
P-04622;Busca e apreensão;TechBrasil S.A.;Estado de Santa Aurora
P-04623;Busca e apreensão;Oficina Mecânica do Zé;Ricardo Almeida
P-04624;Ações hipotecárias;Ricardo Almeida;Secretaria de Saúde de Santa Clara
P-04625;Extinção de condomínio;GlobalTech Corp.;Ricardo Almeida
P-04626;Execução de alimentos;Instituto Nacional de Energia Renovável;Ana Paula Lima
P-04627;Falência e Recuperação Judicial;Secretaria de Saúde de Santa Clara;Ricardo Almeida
P-04628;Busca e apreensão;AgroVale Ltda.;TechBrasil S.A.
P-04629;Extinção de condomínio;Ricardo Almeida;Ana Paula Lima
P-04630;Trabalhista;Prefeitura Municipal de Nova Esperança;João da Silva
P-04631;Execução Cível;Instituto Nacional de Energia Renovável;Carlos Souza
P-04632;Ações hipotecárias;Prefeitura Municipal de Nova Esperança;Instituto Nacional de Energia Renovável
P-04633;Inventário e partilha;Pedro Henrique Santos;Construtora Nova Era Ltda.
P-04634;Falência e Recuperação Judicial;Secretaria de Saúde de Santa Clara;Juliana Rocha
P-04635;Execução Cível;Ana Paula Lima;TechBrasil S.A.
P-04636;Execução de título extrajudicial;GlobalTech Corp.;Secretaria de Saúde de Santa Clara
P-04637;Execução de título extrajudicial;Ricardo Almeida;Instituto Nacional de Energia Renovável
P-04638;Falência e Recuperação Judicial;Estado de Santa Aurora;Oficina Mecânica do Zé
P-04639;Trabalhista;GlobalTech Corp.;Ana Paula Lima
P-04640;Extinção de condomínio;Secretaria de Saúde de Santa Clara;Construtora Nova Era Ltda.
P-04641;Execução Fiscal;Instituto Nacional de Energia Renovável;Ricardo Almeida
P-04642;Extinção de condomínio;João da Silva;Estado de Santa Aurora
P-04643;Execução Cível;Ricardo Almeida;Oficina Mecânica do Zé
P-04644;Execução de alimentos;Estado de Santa Aurora;Pedro Henrique Santos
P-04645;Inventário e partilha;Ricardo Almeida;Prefeitura Municipal de Nova Esperança
P-04646;Execução de alimentos;Carlos Souza;GlobalTech Corp.
P-04647;Extinção de condomínio;Prefeitura Municipal de Nova Esperança;Juliana Rocha
P-04648;Busca e apreensão;Carlos Souza;Pedro Henrique Santos
P-04649;Execução Fiscal;Secretaria de Saúde de Santa Clara;Carlos Souza
P-04650;Ações hipotecárias;Juliana Rocha;Prefeitura Municipal de Nova Esperança
P-04651;Execução Fiscal;Instituto Nacional de Energia Renovável;Maria Oliveira
P-04652;Trabalhista;Secretaria de Saúde de Santa Clara;Pedro Henrique Santos
P-04653;Execução Fiscal;Estado de Santa Aurora;Secretaria de Saúde de Santa Clara
P-04654;Trabalhista;Maria Oliveira;Instituto Nacional de Energia Renovável
P-04655;Busca e apreensão;Secretaria de Saúde de Santa Clara;Construtora Nova Era Ltda.
P-04656;Trabalhista;Fernanda Costa;Prefeitura Municipal de Nova Esperança
P-04657;Falência e Recuperação Judicial;Estado de Santa Aurora;Ricardo Almeida
P-04658;Extinção de condomínio;TechBrasil S.A.;Carlos Souza
P-04659;Falência e Recuperação Judicial;Prefeitura Municipal de Nova Esperança;Construtora Nova Era Ltda.
P-04660;Ações hipotecárias;GlobalTech Corp.;Secretaria de Saúde de Santa Clara
P-04661;Ações hipotecárias;Ana Paula Lima;Carlos Souza
P-04662;Execução de alimentos;TechBrasil S.A.;Instituto Nacional de Energia Renovável
P-04663;Inventário e partilha;Instituto Nacional de Energia Renovável;Maria Oliveira
P-04664;Execução de título extrajudicial;Oficina Mecânica do Zé;Construtora Nova Era Ltda.
P-04665;Execução Cível;Oficina Mecânica do Zé;Pedro Henrique Santos
P-04666;Busca e apreensão;Oficina Mecânica do Zé;Pedro Henrique Santos
P-04667;Inventário e partilha;Construtora Nova Era Ltda.;Fernanda Costa
P-04668;Busca e apreensão;Ricardo Almeida;Estado de Santa Aurora
P-04669;Execução Cível;Ricardo Almeida;Oficina Mecânica do Zé
P-04670;Trabalhista;TechBrasil S.A.;Oficina Mecânica do Zé
P-04671;Execução Fiscal;Prefeitura Municipal de Nova Esperança;GlobalTech Corp.
P-04672;Inventário e partilha;Estado de Santa Aurora;Fernanda Costa
P-04673;Extinção de condomínio;Secretaria de Saúde de Santa Clara;João da Silva
P-04674;Falência e Recuperação Judicial;Prefeitura Municipal de Nova Esperança;Carlos Souza
P-04675;Execução Fiscal;Secretaria de Saúde de Santa Clara;Secretaria de Saúde de Santa Clara
P-04676;Execução Cível;Ricardo Almeida;AgroVale Ltda.
P-04677;Ações hipotecárias;Ana Paula Lima;Carlos Souza
P-04678;Busca e apreensão;Prefeitura Municipal de Nova Esperança;Juliana Rocha
P-04679;Execução de alimentos;Prefeitura Municipal de Nova Esperança;Maria Oliveira
P-04680;Inventário e partilha;Pedro Henrique Santos;Secretaria de Saúde de Santa Clara
P-04681;Falência e Recuperação Judicial;Instituto Nacional de Energia Renovável;GlobalTech Corp.
P-04682;Busca e apreensão;Maria Oliveira;Prefeitura Municipal de Nova Esperança
P-04683;Execução Cível;Estado de Santa Aurora;GlobalTech Corp.
P-04684;Ações hipotecárias;Fernanda Costa;Prefeitura Municipal de Nova Esperança
P-04685;Inventário e partilha;TechBrasil S.A.;GlobalTech Corp.
P-04686;Execução Cível;Pedro Henrique Santos;Construtora Nova Era Ltda.
P-04687;Execução Fiscal;Estado de Santa Aurora;Estado de Santa Aurora
P-04688;Execução de título extrajudicial;Oficina Mecânica do Zé;GlobalTech Corp.
P-04689;Execução de alimentos;Maria Oliveira;Instituto Nacional de Energia Renovável
P-04690;Inventário e partilha;Instituto Nacional de Energia Renovável;Secretaria de Saúde de Santa Clara
P-04691;Falência e Recuperação Judicial;Instituto Nacional de Energia Renovável;Carlos Souza
P-04692;Falência e Recuperação Judicial;Prefeitura Municipal de Nova Esperança;Juliana Rocha
P-04693;Extinção de condomínio;AgroVale Ltda.;Construtora Nova Era Ltda.
P-04694;Execução Fiscal;Secretaria de Saúde de Santa Clara;TechBrasil S.A.
P-04695;Extinção de condomínio;Carlos Souza;Maria Oliveira
P-04696;Falência e Recuperação Judicial;Estado de Santa Aurora;Fernanda Costa
P-04697;Extinção de condomínio;Prefeitura Municipal de Nova Esperança;Estado de Santa Aurora
P-04698;Inventário e partilha;Construtora Nova Era Ltda.;Construtora Nova Era Ltda.
P-04699;Execução Cível;GlobalTech Corp.;Fernanda Costa
P-04700;Inventário e partilha;Carlos Souza;Secretaria de Saúde de Santa Clara
P-04701;Extinção de condomínio;Maria Oliveira;TechBrasil S.A.
P-04702;Falência e Recuperação Judicial;Estado de Santa Aurora;Ricardo Almeida
P-04703;Execução de alimentos;Juliana Rocha;Ana Paula Lima
P-04704;Inventário e partilha;TechBrasil S.A.;Ricardo Almeida
P-04705;Falência e Recuperação Judicial;Estado de Santa Aurora;Ricardo Almeida
P-04706;Inventário e partilha;TechBrasil S.A.;Maria Oliveira
P-04707;Busca e apreensão;GlobalTech Corp.;TechBrasil S.A.
P-04708;Execução Fiscal;Secretaria de Saúde de Santa Clara;Pedro Henrique Santos
P-04709;Execução Fiscal;Secretaria de Saúde de Santa Clara;Prefeitura Municipal de Nova Esperança
P-04710;Execução Fiscal;Instituto Nacional de Energia Renovável;Prefeitura Municipal de Nova Esperança
P-04711;Execução Cível;Estado de Santa Aurora;Ricardo Almeida
P-04712;Execução Cível;Prefeitura Municipal de Nova Esperança;GlobalTech Corp.
P-04713;Execução Cível;Secretaria de Saúde de Santa Clara;Estado de Santa Aurora
P-04714;Busca e apreensão;TechBrasil S.A.;Estado de Santa Aurora
P-04715;Falência e Recuperação Judicial;Instituto Nacional de Energia Renovável;Juliana Rocha
P-04716;Execução Cível;GlobalTech Corp.;Juliana Rocha
P-04717;Falência e Recuperação Judicial;Instituto Nacional de Energia Renovável;Pedro Henrique Santos
P-04718;Execução Cível;Fernanda Costa;Pedro Henrique Santos
P-04719;Execução Cível;Oficina Mecânica do Zé;Prefeitura Municipal de Nova Esperança
P-04720;Inventário e partilha;Secretaria de Saúde de Santa Clara;Estado de Santa Aurora
P-04721;Trabalhista;Fernanda Costa;Juliana Rocha
P-04722;Execução de título extrajudicial;AgroVale Ltda.;Pedro Henrique Santos
P-04723;Falência e Recuperação Judicial;Secretaria de Saúde de Santa Clara;AgroVale Ltda.
P-04724;Execução Cível;Construtora Nova Era Ltda.;GlobalTech Corp.
P-04725;Extinção de condomínio;Maria Oliveira;Prefeitura Municipal de Nova Esperança
P-04726;Execução de alimentos;Construtora Nova Era Ltda.;Juliana Rocha
P-04727;Extinção de condomínio;TechBrasil S.A.;Maria Oliveira
P-04728;Trabalhista;Construtora Nova Era Ltda.;Prefeitura Municipal de Nova Esperança
P-04729;Inventário e partilha;Maria Oliveira;Pedro Henrique Santos
P-04730;Inventário e partilha;Juliana Rocha;Ricardo Almeida
P-04731;Inventário e partilha;AgroVale Ltda.;Estado de Santa Aurora
P-04732;Execução Cível;AgroVale Ltda.;João da Silva
P-04733;Execução Cível;Oficina Mecânica do Zé;Fernanda Costa
P-04734;Falência e Recuperação Judicial;Secretaria de Saúde de Santa Clara;Oficina Mecânica do Zé
P-04735;Execução de alimentos;Prefeitura Municipal de Nova Esperança;Fernanda Costa
P-04736;Execução de alimentos;Maria Oliveira;Estado de Santa Aurora
P-04737;Execução de título extrajudicial;Pedro Henrique Santos;Instituto Nacional de Energia Renovável
P-04738;Trabalhista;Maria Oliveira;Estado de Santa Aurora
P-04739;Extinção de condomínio;Instituto Nacional de Energia Renovável;Ana Paula Lima
P-04740;Falência e Recuperação Judicial;Instituto Nacional de Energia Renovável;Instituto Nacional de Energia Renovável
P-04741;Trabalhista;Instituto Nacional de Energia Renovável;Construtora Nova Era Ltda.
P-04742;Busca e apreensão;Pedro Henrique Santos;Maria Oliveira
P-04743;Execução Fiscal;Secretaria de Saúde de Santa Clara;GlobalTech Corp.
P-04744;Execução Cível;João da Silva;Fernanda Costa
P-04745;Trabalhista;Instituto Nacional de Energia Renovável;Maria Oliveira
P-04746;Execução de alimentos;Secretaria de Saúde de Santa Clara;Estado de Santa Aurora
P-04747;Execução Cível;AgroVale Ltda.;Prefeitura Municipal de Nova Esperança
P-04748;Ações hipotecárias;AgroVale Ltda.;Prefeitura Municipal de Nova Esperança
P-04749;Busca e apreensão;Carlos Souza;AgroVale Ltda.
P-04750;Extinção de condomínio;Pedro Henrique Santos;Carlos Souza
P-04751;Execução Fiscal;Instituto Nacional de Energia Renovável;Construtora Nova Era Ltda.
P-04752;Extinção de condomínio;Instituto Nacional de Energia Renovável;Carlos Souza
P-04753;Execução de título extrajudicial;Instituto Nacional de Energia Renovável;Prefeitura Municipal de Nova Esperança
P-04754;Execução de alimentos;GlobalTech Corp.;Secretaria de Saúde de Santa Clara
P-04755;Trabalhista;Secretaria de Saúde de Santa Clara;Carlos Souza
P-04756;Ações hipotecárias;GlobalTech Corp.;Juliana Rocha
P-04757;Execução de alimentos;GlobalTech Corp.;Oficina Mecânica do Zé
P-04758;Ações hipotecárias;Secretaria de Saúde de Santa Clara;Carlos Souza
P-04759;Ações hipotecárias;Juliana Rocha;Maria Oliveira
P-04760;Execução Fiscal;Secretaria de Saúde de Santa Clara;Juliana Rocha
P-04761;Trabalhista;Secretaria de Saúde de Santa Clara;Secretaria de Saúde de Santa Clara
P-04762;Busca e apreensão;TechBrasil S.A.;Estado de Santa Aurora
P-04763;Inventário e partilha;Pedro Henrique Santos;Maria Oliveira
P-04764;Execução de título extrajudicial;Prefeitura Municipal de Nova Esperança;Maria Oliveira
P-04765;Execução de alimentos;Construtora Nova Era Ltda.;Ricardo Almeida
P-04766;Execução Fiscal;Prefeitura Municipal de Nova Esperança;Estado de Santa Aurora
P-04767;Inventário e partilha;AgroVale Ltda.;GlobalTech Corp.
P-04768;Falência e Recuperação Judicial;Secretaria de Saúde de Santa Clara;Instituto Nacional de Energia Renovável
P-04769;Execução de alimentos;Construtora Nova Era Ltda.;Secretaria de Saúde de Santa Clara
P-04770;Execução de alimentos;Carlos Souza;Prefeitura Municipal de Nova Esperança
P-04771;Extinção de condomínio;Prefeitura Municipal de Nova Esperança;Prefeitura Municipal de Nova Esperança
P-04772;Extinção de condomínio;Carlos Souza;Juliana Rocha
P-04773;Falência e Recuperação Judicial;Estado de Santa Aurora;Ana Paula Lima
P-04774;Execução Fiscal;Instituto Nacional de Energia Renovável;TechBrasil S.A.
P-04775;Extinção de condomínio;Pedro Henrique Santos;Carlos Souza
P-04776;Falência e Recuperação Judicial;Instituto Nacional de Energia Renovável;Estado de Santa Aurora
P-04777;Execução Cível;Fernanda Costa;Oficina Mecânica do Zé
P-04778;Inventário e partilha;João da Silva;João da Silva
P-04779;Execução de título extrajudicial;Ana Paula Lima;Construtora Nova Era Ltda.
P-04780;Execução de alimentos;João da Silva;Carlos Souza
P-04781;Execução Cível;Prefeitura Municipal de Nova Esperança;Oficina Mecânica do Zé
P-04782;Execução Fiscal;Instituto Nacional de Energia Renovável;GlobalTech Corp.
P-04783;Execução Cível;AgroVale Ltda.;GlobalTech Corp.
P-04784;Execução de título extrajudicial;Prefeitura Municipal de Nova Esperança;Carlos Souza
P-04785;Ações hipotecárias;Oficina Mecânica do Zé;AgroVale Ltda.
P-04786;Busca e apreensão;Instituto Nacional de Energia Renovável;Estado de Santa Aurora
P-04787;Extinção de condomínio;Construtora Nova Era Ltda.;Prefeitura Municipal de Nova Esperança
P-04788;Trabalhista;TechBrasil S.A.;Pedro Henrique Santos
P-04789;Trabalhista;Ana Paula Lima;Ricardo Almeida
P-04790;Execução Cível;Ana Paula Lima;Ricardo Almeida
P-04791;Trabalhista;João da Silva;Fernanda Costa
P-04792;Falência e Recuperação Judicial;Estado de Santa Aurora;Construtora Nova Era Ltda.
P-04793;Trabalhista;João da Silva;João da Silva
P-04794;Inventário e partilha;Secretaria de Saúde de Santa Clara;Carlos Souza
P-04795;Extinção de condomínio;Maria Oliveira;Pedro Henrique Santos
P-04796;Busca e apreensão;Construtora Nova Era Ltda.;Ricardo Almeida
P-04797;Ações hipotecárias;João da Silva;Instituto Nacional de Energia Renovável
P-04798;Falência e Recuperação Judicial;Instituto Nacional de Energia Renovável;Construtora Nova Era Ltda.
P-04799;Execução Cível;Fernanda Costa;Oficina Mecânica do Zé
P-04800;Falência e Recuperação Judicial;Prefeitura Municipal de Nova Esperança;TechBrasil S.A.
P-04801;Falência e Recuperação Judicial;Prefeitura Municipal de Nova Esperança;Estado de Santa Aurora
P-04802;Execução de título extrajudicial;Prefeitura Municipal de Nova Esperança;Pedro Henrique Santos
P-04803;Execução Fiscal;Secretaria de Saúde de Santa Clara;Estado de Santa Aurora
P-04804;Inventário e partilha;Construtora Nova Era Ltda.;Prefeitura Municipal de Nova Esperança
P-04805;Trabalhista;Juliana Rocha;João da Silva
P-04806;Execução Fiscal;Estado de Santa Aurora;Juliana Rocha
P-04807;Execução de título extrajudicial;AgroVale Ltda.;TechBrasil S.A.
P-04808;Extinção de condomínio;Construtora Nova Era Ltda.;Pedro Henrique Santos
P-04809;Execução Cível;Estado de Santa Aurora;Secretaria de Saúde de Santa Clara
P-04810;Execução de título extrajudicial;Oficina Mecânica do Zé;Prefeitura Municipal de Nova Esperança
P-04811;Execução de alimentos;Fernanda Costa;João da Silva
P-04812;Inventário e partilha;Estado de Santa Aurora;GlobalTech Corp.
P-04813;Busca e apreensão;Carlos Souza;Fernanda Costa
P-04814;Extinção de condomínio;Ricardo Almeida;Carlos Souza
P-04815;Execução de título extrajudicial;Construtora Nova Era Ltda.;Carlos Souza
P-04816;Inventário e partilha;Ricardo Almeida;Fernanda Costa
P-04817;Falência e Recuperação Judicial;Instituto Nacional de Energia Renovável;Oficina Mecânica do Zé
P-04818;Falência e Recuperação Judicial;Secretaria de Saúde de Santa Clara;Carlos Souza
P-04819;Falência e Recuperação Judicial;Secretaria de Saúde de Santa Clara;João da Silva
P-04820;Execução de alimentos;GlobalTech Corp.;Pedro Henrique Santos
P-04821;Execução de alimentos;Ana Paula Lima;Construtora Nova Era Ltda.
P-04822;Trabalhista;GlobalTech Corp.;GlobalTech Corp.
P-04823;Execução de alimentos;Pedro Henrique Santos;Juliana Rocha
P-04824;Busca e apreensão;Maria Oliveira;Construtora Nova Era Ltda.
P-04825;Inventário e partilha;AgroVale Ltda.;João da Silva
P-04826;Busca e apreensão;Fernanda Costa;Ana Paula Lima
P-04827;Extinção de condomínio;Fernanda Costa;Maria Oliveira
P-04828;Execução Cível;Instituto Nacional de Energia Renovável;Prefeitura Municipal de Nova Esperança
P-04829;Inventário e partilha;Ricardo Almeida;Estado de Santa Aurora
P-04830;Execução de alimentos;GlobalTech Corp.;TechBrasil S.A.
P-04831;Execução de título extrajudicial;Oficina Mecânica do Zé;Construtora Nova Era Ltda.
P-04832;Execução de alimentos;Carlos Souza;Fernanda Costa
P-04833;Execução de alimentos;Pedro Henrique Santos;Construtora Nova Era Ltda.
P-04834;Execução de alimentos;João da Silva;Construtora Nova Era Ltda.
P-04835;Execução Fiscal;Secretaria de Saúde de Santa Clara;Instituto Nacional de Energia Renovável
P-04836;Ações hipotecárias;Oficina Mecânica do Zé;Secretaria de Saúde de Santa Clara
P-04837;Busca e apreensão;Secretaria de Saúde de Santa Clara;Fernanda Costa
P-04838;Busca e apreensão;Pedro Henrique Santos;Juliana Rocha
P-04839;Execução Fiscal;Instituto Nacional de Energia Renovável;Ricardo Almeida
P-04840;Execução Cível;Secretaria de Saúde de Santa Clara;Pedro Henrique Santos
P-04841;Trabalhista;Ricardo Almeida;Construtora Nova Era Ltda.
P-04842;Execução de alimentos;GlobalTech Corp.;Construtora Nova Era Ltda.
P-04843;Ações hipotecárias;AgroVale Ltda.;João da Silva
P-04844;Execução Fiscal;Secretaria de Saúde de Santa Clara;Juliana Rocha
P-04845;Ações hipotecárias;Estado de Santa Aurora;Secretaria de Saúde de Santa Clara
P-04846;Inventário e partilha;Ana Paula Lima;Pedro Henrique Santos
P-04847;Inventário e partilha;Estado de Santa Aurora;Secretaria de Saúde de Santa Clara
P-04848;Execução Cível;Carlos Souza;Carlos Souza
P-04849;Execução de título extrajudicial;Pedro Henrique Santos;Carlos Souza
P-04850;Execução Fiscal;Secretaria de Saúde de Santa Clara;Instituto Nacional de Energia Renovável
P-04851;Extinção de condomínio;Fernanda Costa;Fernanda Costa
P-04852;Execução de título extrajudicial;Pedro Henrique Santos;João da Silva
P-04853;Execução Fiscal;Instituto Nacional de Energia Renovável;Ricardo Almeida
P-04854;Execução Fiscal;Secretaria de Saúde de Santa Clara;Instituto Nacional de Energia Renovável
P-04855;Execução Cível;Ricardo Almeida;Ana Paula Lima
P-04856;Execução Cível;Fernanda Costa;Pedro Henrique Santos
P-04857;Execução Cível;AgroVale Ltda.;Ricardo Almeida
P-04858;Execução de título extrajudicial;Estado de Santa Aurora;TechBrasil S.A.
P-04859;Trabalhista;Oficina Mecânica do Zé;AgroVale Ltda.
P-04860;Execução de título extrajudicial;Ricardo Almeida;Secretaria de Saúde de Santa Clara
P-04861;Execução Cível;Fernanda Costa;Pedro Henrique Santos
P-04862;Execução de título extrajudicial;Maria Oliveira;Ana Paula Lima
P-04863;Extinção de condomínio;Instituto Nacional de Energia Renovável;Carlos Souza
P-04864;Ações hipotecárias;AgroVale Ltda.;Fernanda Costa
P-04865;Busca e apreensão;Maria Oliveira;Estado de Santa Aurora
P-04866;Trabalhista;Construtora Nova Era Ltda.;João da Silva
P-04867;Falência e Recuperação Judicial;Secretaria de Saúde de Santa Clara;Pedro Henrique Santos
P-04868;Busca e apreensão;Estado de Santa Aurora;Ana Paula Lima
P-04869;Ações hipotecárias;Construtora Nova Era Ltda.;Instituto Nacional de Energia Renovável
P-04870;Inventário e partilha;João da Silva;Maria Oliveira
P-04871;Falência e Recuperação Judicial;Estado de Santa Aurora;João da Silva
P-04872;Execução de título extrajudicial;Estado de Santa Aurora;Pedro Henrique Santos
P-04873;Execução Cível;AgroVale Ltda.;Estado de Santa Aurora
P-04874;Execução Fiscal;Estado de Santa Aurora;Carlos Souza
P-04875;Busca e apreensão;Carlos Souza;Carlos Souza
P-04876;Inventário e partilha;Instituto Nacional de Energia Renovável;Juliana Rocha
P-04877;Falência e Recuperação Judicial;Prefeitura Municipal de Nova Esperança;Pedro Henrique Santos
P-04878;Inventário e partilha;Construtora Nova Era Ltda.;João da Silva
P-04879;Execução Cível;Construtora Nova Era Ltda.;Secretaria de Saúde de Santa Clara
P-04880;Falência e Recuperação Judicial;Prefeitura Municipal de Nova Esperança;Prefeitura Municipal de Nova Esperança
P-04881;Execução de alimentos;Maria Oliveira;Carlos Souza
P-04882;Execução Fiscal;Secretaria de Saúde de Santa Clara;Oficina Mecânica do Zé
P-04883;Falência e Recuperação Judicial;Prefeitura Municipal de Nova Esperança;Prefeitura Municipal de Nova Esperança
P-04884;Busca e apreensão;Ana Paula Lima;Construtora Nova Era Ltda.
P-04885;Ações hipotecárias;Carlos Souza;Carlos Souza
P-04886;Extinção de condomínio;Ricardo Almeida;Estado de Santa Aurora
P-04887;Busca e apreensão;Ana Paula Lima;Prefeitura Municipal de Nova Esperança
P-04888;Execução de título extrajudicial;Oficina Mecânica do Zé;Oficina Mecânica do Zé
P-04889;Trabalhista;Estado de Santa Aurora;Secretaria de Saúde de Santa Clara
P-04890;Inventário e partilha;Construtora Nova Era Ltda.;João da Silva
P-04891;Trabalhista;Pedro Henrique Santos;Construtora Nova Era Ltda.
P-04892;Falência e Recuperação Judicial;Prefeitura Municipal de Nova Esperança;Ricardo Almeida
P-04893;Inventário e partilha;Ricardo Almeida;Ricardo Almeida
P-04894;Ações hipotecárias;Oficina Mecânica do Zé;João da Silva
P-04895;Ações hipotecárias;AgroVale Ltda.;Prefeitura Municipal de Nova Esperança
P-04896;Inventário e partilha;Estado de Santa Aurora;AgroVale Ltda.
P-04897;Ações hipotecárias;João da Silva;Instituto Nacional de Energia Renovável
P-04898;Execução de alimentos;Fernanda Costa;Juliana Rocha
P-04899;Busca e apreensão;Secretaria de Saúde de Santa Clara;Fernanda Costa
P-04900;Execução Fiscal;Prefeitura Municipal de Nova Esperança;Maria Oliveira
P-04901;Trabalhista;Ricardo Almeida;Carlos Souza
P-04902;Ações hipotecárias;Pedro Henrique Santos;Construtora Nova Era Ltda.
P-04903;Ações hipotecárias;Pedro Henrique Santos;TechBrasil S.A.
P-04904;Inventário e partilha;Fernanda Costa;Prefeitura Municipal de Nova Esperança
P-04905;Ações hipotecárias;Oficina Mecânica do Zé;Secretaria de Saúde de Santa Clara
P-04906;Busca e apreensão;Estado de Santa Aurora;Ricardo Almeida
P-04907;Execução de título extrajudicial;João da Silva;Estado de Santa Aurora
P-04908;Trabalhista;TechBrasil S.A.;Prefeitura Municipal de Nova Esperança
P-04909;Execução Cível;Fernanda Costa;Juliana Rocha
P-04910;Execução Fiscal;Instituto Nacional de Energia Renovável;João da Silva
P-04911;Trabalhista;Juliana Rocha;Secretaria de Saúde de Santa Clara
P-04912;Execução Fiscal;Estado de Santa Aurora;Oficina Mecânica do Zé
P-04913;Extinção de condomínio;AgroVale Ltda.;Estado de Santa Aurora
P-04914;Extinção de condomínio;Juliana Rocha;Fernanda Costa
P-04915;Falência e Recuperação Judicial;Prefeitura Municipal de Nova Esperança;Maria Oliveira
P-04916;Extinção de condomínio;Carlos Souza;Estado de Santa Aurora
P-04917;Execução Cível;Secretaria de Saúde de Santa Clara;Juliana Rocha
P-04918;Ações hipotecárias;AgroVale Ltda.;Pedro Henrique Santos
P-04919;Inventário e partilha;GlobalTech Corp.;Juliana Rocha
P-04920;Inventário e partilha;Prefeitura Municipal de Nova Esperança;Juliana Rocha
P-04921;Falência e Recuperação Judicial;Secretaria de Saúde de Santa Clara;Construtora Nova Era Ltda.
P-04922;Execução Cível;GlobalTech Corp.;Juliana Rocha
P-04923;Inventário e partilha;Ana Paula Lima;TechBrasil S.A.
P-04924;Busca e apreensão;Carlos Souza;Instituto Nacional de Energia Renovável
P-04925;Ações hipotecárias;Prefeitura Municipal de Nova Esperança;Fernanda Costa
P-04926;Trabalhista;Maria Oliveira;Juliana Rocha
P-04927;Execução Cível;Pedro Henrique Santos;Maria Oliveira
P-04928;Inventário e partilha;Estado de Santa Aurora;Estado de Santa Aurora
P-04929;Execução Fiscal;Secretaria de Saúde de Santa Clara;Maria Oliveira
P-04930;Execução de alimentos;TechBrasil S.A.;Construtora Nova Era Ltda.
P-04931;Execução Cível;Construtora Nova Era Ltda.;GlobalTech Corp.
P-04932;Trabalhista;Instituto Nacional de Energia Renovável;Prefeitura Municipal de Nova Esperança
P-04933;Busca e apreensão;Maria Oliveira;Fernanda Costa
P-04934;Ações hipotecárias;Ana Paula Lima;Prefeitura Municipal de Nova Esperança
P-04935;Execução de título extrajudicial;Prefeitura Municipal de Nova Esperança;Maria Oliveira
P-04936;Execução Cível;Pedro Henrique Santos;Pedro Henrique Santos
P-04937;Extinção de condomínio;AgroVale Ltda.;Oficina Mecânica do Zé
P-04938;Busca e apreensão;Secretaria de Saúde de Santa Clara;Secretaria de Saúde de Santa Clara
P-04939;Execução de alimentos;Instituto Nacional de Energia Renovável;Fernanda Costa
P-04940;Execução Fiscal;Secretaria de Saúde de Santa Clara;Maria Oliveira
P-04941;Falência e Recuperação Judicial;Estado de Santa Aurora;GlobalTech Corp.
P-04942;Ações hipotecárias;GlobalTech Corp.;Construtora Nova Era Ltda.
P-04943;Execução Cível;Secretaria de Saúde de Santa Clara;TechBrasil S.A.
P-04944;Falência e Recuperação Judicial;Instituto Nacional de Energia Renovável;TechBrasil S.A.
P-04945;Busca e apreensão;Estado de Santa Aurora;Secretaria de Saúde de Santa Clara
P-04946;Inventário e partilha;Instituto Nacional de Energia Renovável;Estado de Santa Aurora
P-04947;Trabalhista;Maria Oliveira;Construtora Nova Era Ltda.
P-04948;Ações hipotecárias;João da Silva;Prefeitura Municipal de Nova Esperança
P-04949;Busca e apreensão;Instituto Nacional de Energia Renovável;Prefeitura Municipal de Nova Esperança
P-04950;Busca e apreensão;Oficina Mecânica do Zé;Juliana Rocha
P-04951;Extinção de condomínio;João da Silva;João da Silva
P-04952;Execução de título extrajudicial;Estado de Santa Aurora;Instituto Nacional de Energia Renovável
P-04953;Busca e apreensão;Oficina Mecânica do Zé;Ana Paula Lima
P-04954;Extinção de condomínio;AgroVale Ltda.;Construtora Nova Era Ltda.
P-04955;Execução Cível;Prefeitura Municipal de Nova Esperança;Estado de Santa Aurora
P-04956;Busca e apreensão;Ricardo Almeida;Oficina Mecânica do Zé
P-04957;Falência e Recuperação Judicial;Prefeitura Municipal de Nova Esperança;Instituto Nacional de Energia Renovável
P-04958;Extinção de condomínio;Construtora Nova Era Ltda.;TechBrasil S.A.
P-04959;Trabalhista;Instituto Nacional de Energia Renovável;TechBrasil S.A.
P-04960;Execução Cível;Estado de Santa Aurora;João da Silva
P-04961;Trabalhista;Prefeitura Municipal de Nova Esperança;Estado de Santa Aurora
P-04962;Falência e Recuperação Judicial;Estado de Santa Aurora;Secretaria de Saúde de Santa Clara
P-04963;Execução Fiscal;Prefeitura Municipal de Nova Esperança;Ricardo Almeida
P-04964;Ações hipotecárias;Pedro Henrique Santos;AgroVale Ltda.
P-04965;Falência e Recuperação Judicial;Instituto Nacional de Energia Renovável;Estado de Santa Aurora
P-04966;Execução Fiscal;Secretaria de Saúde de Santa Clara;João da Silva
P-04967;Inventário e partilha;Construtora Nova Era Ltda.;Prefeitura Municipal de Nova Esperança
P-04968;Execução Fiscal;Prefeitura Municipal de Nova Esperança;Pedro Henrique Santos
P-04969;Extinção de condomínio;Carlos Souza;Estado de Santa Aurora
P-04970;Execução de título extrajudicial;Carlos Souza;Pedro Henrique Santos
P-04971;Execução Fiscal;Secretaria de Saúde de Santa Clara;AgroVale Ltda.
P-04972;Busca e apreensão;Ana Paula Lima;GlobalTech Corp.
P-04973;Ações hipotecárias;João da Silva;Fernanda Costa
P-04974;Falência e Recuperação Judicial;Estado de Santa Aurora;TechBrasil S.A.
P-04975;Ações hipotecárias;Fernanda Costa;João da Silva
P-04976;Execução de título extrajudicial;AgroVale Ltda.;Ana Paula Lima
P-04977;Ações hipotecárias;Construtora Nova Era Ltda.;Ricardo Almeida
P-04978;Extinção de condomínio;João da Silva;Construtora Nova Era Ltda.
P-04979;Inventário e partilha;GlobalTech Corp.;Oficina Mecânica do Zé
P-04980;Ações hipotecárias;Maria Oliveira;Pedro Henrique Santos
P-04981;Trabalhista;GlobalTech Corp.;AgroVale Ltda.
P-04982;Trabalhista;Fernanda Costa;Oficina Mecânica do Zé
P-04983;Falência e Recuperação Judicial;Secretaria de Saúde de Santa Clara;Ricardo Almeida
P-04984;Trabalhista;Oficina Mecânica do Zé;Construtora Nova Era Ltda.
P-04985;Inventário e partilha;Prefeitura Municipal de Nova Esperança;Instituto Nacional de Energia Renovável
P-04986;Trabalhista;Secretaria de Saúde de Santa Clara;Instituto Nacional de Energia Renovável
P-04987;Execução de título extrajudicial;Juliana Rocha;Prefeitura Municipal de Nova Esperança
P-04988;Busca e apreensão;Estado de Santa Aurora;AgroVale Ltda.
P-04989;Execução de alimentos;Instituto Nacional de Energia Renovável;Ricardo Almeida
P-04990;Execução de alimentos;João da Silva;TechBrasil S.A.
P-04991;Extinção de condomínio;TechBrasil S.A.;AgroVale Ltda.
P-04992;Execução de título extrajudicial;Estado de Santa Aurora;Fernanda Costa
P-04993;Falência e Recuperação Judicial;Prefeitura Municipal de Nova Esperança;GlobalTech Corp.
P-04994;Execução Cível;Juliana Rocha;Juliana Rocha
P-04995;Busca e apreensão;Construtora Nova Era Ltda.;Instituto Nacional de Energia Renovável
P-04996;Ações hipotecárias;Pedro Henrique Santos;Ricardo Almeida
P-04997;Trabalhista;Fernanda Costa;Secretaria de Saúde de Santa Clara
P-04998;Inventário e partilha;Construtora Nova Era Ltda.;TechBrasil S.A.
P-04999;Execução Cível;AgroVale Ltda.;João da Silva
P-05000;Busca e apreensão;Pedro Henrique Santos;GlobalTech Corp.
P-05001;Busca e apreensão;Carlos Souza;Maria Oliveira
P-05002;Execução Fiscal;Secretaria de Saúde de Santa Clara;Carlos Souza
P-05003;Trabalhista;AgroVale Ltda.;AgroVale Ltda.
P-05004;Falência e Recuperação Judicial;Estado de Santa Aurora;GlobalTech Corp.
P-05005;Ações hipotecárias;Fernanda Costa;Ana Paula Lima
P-05006;Execução Fiscal;Estado de Santa Aurora;Juliana Rocha
P-05007;Execução Fiscal;Estado de Santa Aurora;Juliana Rocha
P-05008;Execução de alimentos;Pedro Henrique Santos;João da Silva
P-05009;Busca e apreensão;Carlos Souza;Maria Oliveira
P-05010;Falência e Recuperação Judicial;Prefeitura Municipal de Nova Esperança;Ricardo Almeida
P-05011;Busca e apreensão;TechBrasil S.A.;Construtora Nova Era Ltda.
P-05012;Extinção de condomínio;AgroVale Ltda.;Ana Paula Lima
P-05013;Execução Cível;Construtora Nova Era Ltda.;AgroVale Ltda.
P-05014;Falência e Recuperação Judicial;Instituto Nacional de Energia Renovável;Juliana Rocha
P-05015;Trabalhista;TechBrasil S.A.;João da Silva
P-05016;Inventário e partilha;AgroVale Ltda.;TechBrasil S.A.
P-05017;Inventário e partilha;Secretaria de Saúde de Santa Clara;Fernanda Costa
P-05018;Execução de alimentos;Maria Oliveira;Construtora Nova Era Ltda.
P-05019;Execução de alimentos;Instituto Nacional de Energia Renovável;TechBrasil S.A.
P-05020;Trabalhista;Estado de Santa Aurora;João da Silva
P-05021;Execução de título extrajudicial;Maria Oliveira;Construtora Nova Era Ltda.
P-05022;Ações hipotecárias;Oficina Mecânica do Zé;Fernanda Costa
P-05023;Execução Cível;TechBrasil S.A.;Estado de Santa Aurora
P-05024;Execução Fiscal;Prefeitura Municipal de Nova Esperança;Ricardo Almeida
P-05025;Trabalhista;Maria Oliveira;Juliana Rocha
P-05026;Inventário e partilha;TechBrasil S.A.;AgroVale Ltda.
P-05027;Execução Fiscal;Estado de Santa Aurora;TechBrasil S.A.
P-05028;Inventário e partilha;Juliana Rocha;Carlos Souza
P-05029;Ações hipotecárias;Estado de Santa Aurora;Fernanda Costa
P-05030;Inventário e partilha;Maria Oliveira;Ricardo Almeida
P-05031;Ações hipotecárias;Fernanda Costa;Oficina Mecânica do Zé
P-05032;Execução de título extrajudicial;Construtora Nova Era Ltda.;Juliana Rocha
P-05033;Execução de título extrajudicial;Fernanda Costa;AgroVale Ltda.
P-05034;Trabalhista;TechBrasil S.A.;Pedro Henrique Santos
P-05035;Execução de título extrajudicial;Construtora Nova Era Ltda.;Construtora Nova Era Ltda.
P-05036;Extinção de condomínio;Ricardo Almeida;Carlos Souza
P-05037;Inventário e partilha;AgroVale Ltda.;Construtora Nova Era Ltda.
P-05038;Execução Fiscal;Instituto Nacional de Energia Renovável;AgroVale Ltda.
P-05039;Busca e apreensão;Pedro Henrique Santos;TechBrasil S.A.
P-05040;Busca e apreensão;Ana Paula Lima;GlobalTech Corp.
P-05041;Extinção de condomínio;AgroVale Ltda.;Estado de Santa Aurora
P-05042;Execução de título extrajudicial;TechBrasil S.A.;Construtora Nova Era Ltda.
P-05043;Busca e apreensão;Secretaria de Saúde de Santa Clara;Ricardo Almeida
P-05044;Extinção de condomínio;Ricardo Almeida;TechBrasil S.A.
P-05045;Execução Cível;Oficina Mecânica do Zé;TechBrasil S.A.
P-05046;Execução Fiscal;Prefeitura Municipal de Nova Esperança;Prefeitura Municipal de Nova Esperança
P-05047;Busca e apreensão;João da Silva;AgroVale Ltda.
P-05048;Ações hipotecárias;Fernanda Costa;Ricardo Almeida
P-05049;Trabalhista;Fernanda Costa;Ana Paula Lima
P-05050;Inventário e partilha;João da Silva;AgroVale Ltda.
P-05051;Trabalhista;Juliana Rocha;Oficina Mecânica do Zé
P-05052;Inventário e partilha;Estado de Santa Aurora;Estado de Santa Aurora
P-05053;Execução de alimentos;AgroVale Ltda.;Construtora Nova Era Ltda.
P-05054;Extinção de condomínio;Estado de Santa Aurora;Ricardo Almeida
P-05055;Execução Fiscal;Secretaria de Saúde de Santa Clara;Construtora Nova Era Ltda.
P-05056;Inventário e partilha;Juliana Rocha;Ricardo Almeida
P-05057;Execução Cível;Pedro Henrique Santos;Ricardo Almeida
P-05058;Extinção de condomínio;Ana Paula Lima;Instituto Nacional de Energia Renovável
P-05059;Execução de alimentos;Pedro Henrique Santos;Oficina Mecânica do Zé
P-05060;Execução de alimentos;Carlos Souza;Secretaria de Saúde de Santa Clara
P-05061;Busca e apreensão;Ricardo Almeida;AgroVale Ltda.
P-05062;Execução Fiscal;Prefeitura Municipal de Nova Esperança;Fernanda Costa
P-05063;Falência e Recuperação Judicial;Secretaria de Saúde de Santa Clara;Fernanda Costa
P-05064;Execução de alimentos;Juliana Rocha;TechBrasil S.A.
P-05065;Busca e apreensão;TechBrasil S.A.;Ana Paula Lima
P-05066;Execução Fiscal;Prefeitura Municipal de Nova Esperança;Maria Oliveira
P-05067;Inventário e partilha;Ricardo Almeida;Juliana Rocha
P-05068;Extinção de condomínio;Carlos Souza;Carlos Souza
P-05069;Inventário e partilha;Juliana Rocha;Estado de Santa Aurora
P-05070;Execução Fiscal;Instituto Nacional de Energia Renovável;Carlos Souza
P-05071;Inventário e partilha;GlobalTech Corp.;GlobalTech Corp.
P-05072;Busca e apreensão;TechBrasil S.A.;Estado de Santa Aurora
P-05073;Inventário e partilha;Fernanda Costa;Juliana Rocha
P-05074;Execução Fiscal;Secretaria de Saúde de Santa Clara;Oficina Mecânica do Zé
P-05075;Execução Fiscal;Estado de Santa Aurora;Ricardo Almeida
P-05076;Execução Cível;Fernanda Costa;Estado de Santa Aurora
P-05077;Execução de título extrajudicial;Ana Paula Lima;João da Silva
P-05078;Inventário e partilha;Oficina Mecânica do Zé;Pedro Henrique Santos
P-05079;Inventário e partilha;TechBrasil S.A.;Oficina Mecânica do Zé
P-05080;Execução de título extrajudicial;AgroVale Ltda.;Estado de Santa Aurora
P-05081;Execução Cível;Prefeitura Municipal de Nova Esperança;Estado de Santa Aurora
P-05082;Inventário e partilha;Oficina Mecânica do Zé;João da Silva
P-05083;Extinção de condomínio;Ricardo Almeida;Carlos Souza
P-05084;Execução Cível;Instituto Nacional de Energia Renovável;Secretaria de Saúde de Santa Clara
P-05085;Trabalhista;TechBrasil S.A.;GlobalTech Corp.
P-05086;Extinção de condomínio;Secretaria de Saúde de Santa Clara;Oficina Mecânica do Zé
P-05087;Ações hipotecárias;Instituto Nacional de Energia Renovável;Maria Oliveira
P-05088;Inventário e partilha;Pedro Henrique Santos;Juliana Rocha
P-05089;Execução de título extrajudicial;Pedro Henrique Santos;TechBrasil S.A.
P-05090;Extinção de condomínio;Maria Oliveira;Prefeitura Municipal de Nova Esperança
P-05091;Extinção de condomínio;Prefeitura Municipal de Nova Esperança;Construtora Nova Era Ltda.
P-05092;Execução de alimentos;Construtora Nova Era Ltda.;Fernanda Costa
P-05093;Trabalhista;Ana Paula Lima;Estado de Santa Aurora
P-05094;Falência e Recuperação Judicial;Secretaria de Saúde de Santa Clara;Fernanda Costa
P-05095;Execução de alimentos;Ana Paula Lima;AgroVale Ltda.
P-05096;Busca e apreensão;Juliana Rocha;Construtora Nova Era Ltda.
P-05097;Inventário e partilha;Juliana Rocha;Carlos Souza
P-05098;Execução Cível;Fernanda Costa;Ricardo Almeida
P-05099;Falência e Recuperação Judicial;Prefeitura Municipal de Nova Esperança;Ana Paula Lima
P-05100;Execução de alimentos;Fernanda Costa;Ana Paula Lima
P-05101;Execução Fiscal;Instituto Nacional de Energia Renovável;Juliana Rocha
P-05102;Trabalhista;Estado de Santa Aurora;TechBrasil S.A.
P-05103;Trabalhista;Fernanda Costa;AgroVale Ltda.
P-05104;Busca e apreensão;Ana Paula Lima;Secretaria de Saúde de Santa Clara
P-05105;Execução de título extrajudicial;Carlos Souza;TechBrasil S.A.
P-05106;Busca e apreensão;GlobalTech Corp.;Ricardo Almeida
P-05107;Execução de título extrajudicial;Secretaria de Saúde de Santa Clara;Construtora Nova Era Ltda.
P-05108;Execução Fiscal;Estado de Santa Aurora;Secretaria de Saúde de Santa Clara
P-05109;Execução de título extrajudicial;Instituto Nacional de Energia Renovável;Maria Oliveira
P-05110;Ações hipotecárias;Instituto Nacional de Energia Renovável;Construtora Nova Era Ltda.
P-05111;Trabalhista;AgroVale Ltda.;Secretaria de Saúde de Santa Clara
P-05112;Execução de título extrajudicial;Prefeitura Municipal de Nova Esperança;Pedro Henrique Santos
P-05113;Inventário e partilha;Fernanda Costa;TechBrasil S.A.
P-05114;Extinção de condomínio;Carlos Souza;Secretaria de Saúde de Santa Clara
P-05115;Trabalhista;Ana Paula Lima;Instituto Nacional de Energia Renovável
P-05116;Execução Cível;Pedro Henrique Santos;AgroVale Ltda.
P-05117;Trabalhista;Fernanda Costa;Juliana Rocha
P-05118;Execução de título extrajudicial;AgroVale Ltda.;Maria Oliveira
P-05119;Inventário e partilha;Prefeitura Municipal de Nova Esperança;Prefeitura Municipal de Nova Esperança
P-05120;Falência e Recuperação Judicial;Estado de Santa Aurora;Estado de Santa Aurora
P-05121;Execução Cível;Maria Oliveira;Carlos Souza
P-05122;Extinção de condomínio;Prefeitura Municipal de Nova Esperança;Construtora Nova Era Ltda.
P-05123;Execução Cível;TechBrasil S.A.;Carlos Souza
P-05124;Execução de alimentos;AgroVale Ltda.;TechBrasil S.A.
P-05125;Execução Cível;Ana Paula Lima;Juliana Rocha
P-05126;Falência e Recuperação Judicial;Prefeitura Municipal de Nova Esperança;Carlos Souza
P-05127;Execução Cível;Carlos Souza;Juliana Rocha
P-05128;Falência e Recuperação Judicial;Instituto Nacional de Energia Renovável;Instituto Nacional de Energia Renovável
P-05129;Execução de alimentos;Instituto Nacional de Energia Renovável;Estado de Santa Aurora
P-05130;Busca e apreensão;Pedro Henrique Santos;AgroVale Ltda.
P-05131;Trabalhista;TechBrasil S.A.;Maria Oliveira
P-05132;Busca e apreensão;João da Silva;Juliana Rocha
P-05133;Execução Fiscal;Secretaria de Saúde de Santa Clara;Instituto Nacional de Energia Renovável
P-05134;Falência e Recuperação Judicial;Instituto Nacional de Energia Renovável;Instituto Nacional de Energia Renovável
P-05135;Extinção de condomínio;GlobalTech Corp.;TechBrasil S.A.
P-05136;Execução de alimentos;Ricardo Almeida;Prefeitura Municipal de Nova Esperança
P-05137;Execução Cível;GlobalTech Corp.;Ana Paula Lima
P-05138;Execução Fiscal;Secretaria de Saúde de Santa Clara;Estado de Santa Aurora
P-05139;Trabalhista;Ana Paula Lima;AgroVale Ltda.
P-05140;Execução Fiscal;Prefeitura Municipal de Nova Esperança;Instituto Nacional de Energia Renovável
P-05141;Execução Cível;Ana Paula Lima;Ricardo Almeida
P-05142;Ações hipotecárias;Pedro Henrique Santos;Construtora Nova Era Ltda.
P-05143;Execução de alimentos;Pedro Henrique Santos;Oficina Mecânica do Zé
P-05144;Trabalhista;João da Silva;Fernanda Costa
P-05145;Trabalhista;Instituto Nacional de Energia Renovável;Pedro Henrique Santos
P-05146;Extinção de condomínio;Ana Paula Lima;Prefeitura Municipal de Nova Esperança
P-05147;Busca e apreensão;Fernanda Costa;Juliana Rocha
P-05148;Ações hipotecárias;AgroVale Ltda.;Juliana Rocha
P-05149;Inventário e partilha;Oficina Mecânica do Zé;Ricardo Almeida
P-05150;Execução Cível;Fernanda Costa;Oficina Mecânica do Zé
P-05151;Execução Cível;Oficina Mecânica do Zé;Juliana Rocha
P-05152;Execução de título extrajudicial;Construtora Nova Era Ltda.;GlobalTech Corp.
P-05153;Execução de alimentos;Secretaria de Saúde de Santa Clara;GlobalTech Corp.
P-05154;Execução de título extrajudicial;Secretaria de Saúde de Santa Clara;Pedro Henrique Santos
P-05155;Extinção de condomínio;Pedro Henrique Santos;Instituto Nacional de Energia Renovável
P-05156;Execução Fiscal;Secretaria de Saúde de Santa Clara;Prefeitura Municipal de Nova Esperança
P-05157;Execução Fiscal;Instituto Nacional de Energia Renovável;Oficina Mecânica do Zé
P-05158;Busca e apreensão;Construtora Nova Era Ltda.;Juliana Rocha
P-05159;Inventário e partilha;Instituto Nacional de Energia Renovável;Carlos Souza
P-05160;Execução de alimentos;Construtora Nova Era Ltda.;Carlos Souza
P-05161;Ações hipotecárias;Construtora Nova Era Ltda.;Construtora Nova Era Ltda.
P-05162;Execução Cível;Ana Paula Lima;Estado de Santa Aurora
P-05163;Busca e apreensão;GlobalTech Corp.;Ricardo Almeida
P-05164;Ações hipotecárias;Oficina Mecânica do Zé;Ana Paula Lima
P-05165;Extinção de condomínio;Oficina Mecânica do Zé;Construtora Nova Era Ltda.
P-05166;Trabalhista;Secretaria de Saúde de Santa Clara;Carlos Souza
P-05167;Execução de título extrajudicial;Maria Oliveira;Oficina Mecânica do Zé
P-05168;Busca e apreensão;TechBrasil S.A.;Maria Oliveira
P-05169;Inventário e partilha;Instituto Nacional de Energia Renovável;Construtora Nova Era Ltda.
P-05170;Inventário e partilha;AgroVale Ltda.;Carlos Souza
P-05171;Execução Fiscal;Prefeitura Municipal de Nova Esperança;AgroVale Ltda.
P-05172;Ações hipotecárias;TechBrasil S.A.;Estado de Santa Aurora
P-05173;Execução de título extrajudicial;AgroVale Ltda.;Maria Oliveira
P-05174;Trabalhista;Carlos Souza;Juliana Rocha
P-05175;Execução Cível;TechBrasil S.A.;Instituto Nacional de Energia Renovável
P-05176;Inventário e partilha;Ricardo Almeida;Carlos Souza
P-05177;Busca e apreensão;Secretaria de Saúde de Santa Clara;Instituto Nacional de Energia Renovável
P-05178;Execução Fiscal;Instituto Nacional de Energia Renovável;Estado de Santa Aurora
P-05179;Execução de alimentos;Secretaria de Saúde de Santa Clara;Instituto Nacional de Energia Renovável
P-05180;Execução de título extrajudicial;AgroVale Ltda.;Maria Oliveira
P-05181;Falência e Recuperação Judicial;Estado de Santa Aurora;Construtora Nova Era Ltda.
P-05182;Ações hipotecárias;Fernanda Costa;Carlos Souza
P-05183;Inventário e partilha;Ana Paula Lima;Ricardo Almeida
P-05184;Execução Fiscal;Secretaria de Saúde de Santa Clara;Secretaria de Saúde de Santa Clara
P-05185;Extinção de condomínio;João da Silva;João da Silva
P-05186;Trabalhista;Maria Oliveira;Prefeitura Municipal de Nova Esperança
P-05187;Ações hipotecárias;Carlos Souza;Oficina Mecânica do Zé
P-05188;Ações hipotecárias;AgroVale Ltda.;Ana Paula Lima
P-05189;Busca e apreensão;Carlos Souza;Prefeitura Municipal de Nova Esperança
P-05190;Extinção de condomínio;Carlos Souza;Fernanda Costa
P-05191;Execução de título extrajudicial;Oficina Mecânica do Zé;Juliana Rocha
P-05192;Extinção de condomínio;Estado de Santa Aurora;João da Silva
P-05193;Extinção de condomínio;Ricardo Almeida;GlobalTech Corp.
P-05194;Falência e Recuperação Judicial;Instituto Nacional de Energia Renovável;Fernanda Costa
P-05195;Busca e apreensão;Maria Oliveira;Instituto Nacional de Energia Renovável
P-05196;Trabalhista;Maria Oliveira;Ricardo Almeida
P-05197;Execução de título extrajudicial;Instituto Nacional de Energia Renovável;Carlos Souza
P-05198;Ações hipotecárias;Carlos Souza;Instituto Nacional de Energia Renovável
P-05199;Busca e apreensão;Secretaria de Saúde de Santa Clara;Secretaria de Saúde de Santa Clara
P-05200;Ações hipotecárias;GlobalTech Corp.;Secretaria de Saúde de Santa Clara
P-05201;Busca e apreensão;Ana Paula Lima;Construtora Nova Era Ltda.
P-05202;Busca e apreensão;Prefeitura Municipal de Nova Esperança;Maria Oliveira
P-05203;Ações hipotecárias;Fernanda Costa;Instituto Nacional de Energia Renovável
P-05204;Falência e Recuperação Judicial;Prefeitura Municipal de Nova Esperança;Pedro Henrique Santos
P-05205;Inventário e partilha;Oficina Mecânica do Zé;Maria Oliveira
P-05206;Execução Cível;Secretaria de Saúde de Santa Clara;Pedro Henrique Santos
P-05207;Execução Fiscal;Secretaria de Saúde de Santa Clara;Estado de Santa Aurora
P-05208;Inventário e partilha;Pedro Henrique Santos;Fernanda Costa
P-05209;Execução Fiscal;Secretaria de Saúde de Santa Clara;Pedro Henrique Santos
P-05210;Execução de alimentos;João da Silva;AgroVale Ltda.
P-05211;Inventário e partilha;Ana Paula Lima;Secretaria de Saúde de Santa Clara
P-05212;Falência e Recuperação Judicial;Estado de Santa Aurora;João da Silva
P-05213;Busca e apreensão;Prefeitura Municipal de Nova Esperança;TechBrasil S.A.
P-05214;Busca e apreensão;Instituto Nacional de Energia Renovável;Construtora Nova Era Ltda.
P-05215;Trabalhista;Secretaria de Saúde de Santa Clara;Oficina Mecânica do Zé
P-05216;Execução Cível;Estado de Santa Aurora;Ana Paula Lima
P-05217;Execução Fiscal;Secretaria de Saúde de Santa Clara;Ricardo Almeida
P-05218;Execução de título extrajudicial;AgroVale Ltda.;Maria Oliveira
P-05219;Execução de título extrajudicial;Oficina Mecânica do Zé;Fernanda Costa
P-05220;Trabalhista;GlobalTech Corp.;Estado de Santa Aurora
P-05221;Busca e apreensão;Construtora Nova Era Ltda.;Instituto Nacional de Energia Renovável
P-05222;Ações hipotecárias;Construtora Nova Era Ltda.;Pedro Henrique Santos
P-05223;Execução Fiscal;Instituto Nacional de Energia Renovável;Ana Paula Lima
P-05224;Execução de alimentos;Ana Paula Lima;Maria Oliveira
P-05225;Busca e apreensão;Oficina Mecânica do Zé;Ricardo Almeida
P-05226;Inventário e partilha;Construtora Nova Era Ltda.;Carlos Souza
P-05227;Execução Fiscal;Secretaria de Saúde de Santa Clara;Construtora Nova Era Ltda.
P-05228;Execução de título extrajudicial;Secretaria de Saúde de Santa Clara;Oficina Mecânica do Zé
P-05229;Falência e Recuperação Judicial;Secretaria de Saúde de Santa Clara;GlobalTech Corp.
P-05230;Ações hipotecárias;Pedro Henrique Santos;TechBrasil S.A.
P-05231;Falência e Recuperação Judicial;Secretaria de Saúde de Santa Clara;Estado de Santa Aurora
P-05232;Trabalhista;GlobalTech Corp.;Maria Oliveira
P-05233;Ações hipotecárias;Oficina Mecânica do Zé;Prefeitura Municipal de Nova Esperança
P-05234;Execução de alimentos;Construtora Nova Era Ltda.;Secretaria de Saúde de Santa Clara
P-05235;Inventário e partilha;Secretaria de Saúde de Santa Clara;Maria Oliveira
P-05236;Execução Fiscal;Instituto Nacional de Energia Renovável;Maria Oliveira
P-05237;Inventário e partilha;TechBrasil S.A.;Maria Oliveira
P-05238;Busca e apreensão;Maria Oliveira;Pedro Henrique Santos
P-05239;Busca e apreensão;Maria Oliveira;Instituto Nacional de Energia Renovável
P-05240;Execução Fiscal;Estado de Santa Aurora;Construtora Nova Era Ltda.
P-05241;Execução Cível;Secretaria de Saúde de Santa Clara;Maria Oliveira
P-05242;Busca e apreensão;Juliana Rocha;Construtora Nova Era Ltda.
P-05243;Execução Cível;Juliana Rocha;Instituto Nacional de Energia Renovável
P-05244;Busca e apreensão;Ricardo Almeida;Ricardo Almeida
P-05245;Execução de título extrajudicial;Pedro Henrique Santos;Ricardo Almeida
P-05246;Execução de alimentos;AgroVale Ltda.;Ricardo Almeida
P-05247;Execução Cível;Estado de Santa Aurora;Secretaria de Saúde de Santa Clara
P-05248;Falência e Recuperação Judicial;Secretaria de Saúde de Santa Clara;AgroVale Ltda.
P-05249;Execução de título extrajudicial;Construtora Nova Era Ltda.;Estado de Santa Aurora
P-05250;Execução Fiscal;Prefeitura Municipal de Nova Esperança;Pedro Henrique Santos
P-05251;Ações hipotecárias;Fernanda Costa;TechBrasil S.A.
P-05252;Inventário e partilha;Prefeitura Municipal de Nova Esperança;Estado de Santa Aurora
P-05253;Execução Cível;Ricardo Almeida;Secretaria de Saúde de Santa Clara
P-05254;Execução Cível;TechBrasil S.A.;Pedro Henrique Santos
P-05255;Falência e Recuperação Judicial;Estado de Santa Aurora;Pedro Henrique Santos
P-05256;Falência e Recuperação Judicial;Estado de Santa Aurora;Construtora Nova Era Ltda.
P-05257;Execução de alimentos;Ricardo Almeida;Juliana Rocha
P-05258;Execução de título extrajudicial;Pedro Henrique Santos;TechBrasil S.A.
P-05259;Execução de alimentos;João da Silva;Fernanda Costa
P-05260;Extinção de condomínio;Estado de Santa Aurora;Ricardo Almeida
P-05261;Trabalhista;Estado de Santa Aurora;Oficina Mecânica do Zé
P-05262;Falência e Recuperação Judicial;Prefeitura Municipal de Nova Esperança;Construtora Nova Era Ltda.
P-05263;Extinção de condomínio;Carlos Souza;Secretaria de Saúde de Santa Clara
P-05264;Extinção de condomínio;Fernanda Costa;João da Silva
P-05265;Extinção de condomínio;Oficina Mecânica do Zé;Carlos Souza
P-05266;Busca e apreensão;Maria Oliveira;Construtora Nova Era Ltda.
P-05267;Ações hipotecárias;Prefeitura Municipal de Nova Esperança;Instituto Nacional de Energia Renovável
P-05268;Falência e Recuperação Judicial;Instituto Nacional de Energia Renovável;Carlos Souza
P-05269;Busca e apreensão;AgroVale Ltda.;AgroVale Ltda.
P-05270;Execução de alimentos;Ana Paula Lima;Ricardo Almeida
P-05271;Ações hipotecárias;AgroVale Ltda.;Maria Oliveira
P-05272;Ações hipotecárias;Maria Oliveira;Secretaria de Saúde de Santa Clara
P-05273;Trabalhista;Oficina Mecânica do Zé;Ana Paula Lima
P-05274;Execução de alimentos;Pedro Henrique Santos;Pedro Henrique Santos
P-05275;Execução de título extrajudicial;Oficina Mecânica do Zé;TechBrasil S.A.
P-05276;Inventário e partilha;Ana Paula Lima;Construtora Nova Era Ltda.
P-05277;Inventário e partilha;Juliana Rocha;Ana Paula Lima
P-05278;Ações hipotecárias;Estado de Santa Aurora;João da Silva
P-05279;Execução Cível;TechBrasil S.A.;Estado de Santa Aurora
P-05280;Trabalhista;Instituto Nacional de Energia Renovável;Maria Oliveira
P-05281;Execução de título extrajudicial;Estado de Santa Aurora;TechBrasil S.A.
P-05282;Execução de alimentos;Ricardo Almeida;Fernanda Costa
P-05283;Extinção de condomínio;Estado de Santa Aurora;AgroVale Ltda.
P-05284;Execução Cível;Instituto Nacional de Energia Renovável;Prefeitura Municipal de Nova Esperança
P-05285;Ações hipotecárias;TechBrasil S.A.;Construtora Nova Era Ltda.
P-05286;Execução de alimentos;Instituto Nacional de Energia Renovável;Oficina Mecânica do Zé
P-05287;Trabalhista;Juliana Rocha;Carlos Souza
P-05288;Ações hipotecárias;Carlos Souza;Ana Paula Lima
P-05289;Execução Cível;Prefeitura Municipal de Nova Esperança;Oficina Mecânica do Zé
P-05290;Execução Fiscal;Prefeitura Municipal de Nova Esperança;Carlos Souza
P-05291;Inventário e partilha;Instituto Nacional de Energia Renovável;Ana Paula Lima
P-05292;Execução de título extrajudicial;Construtora Nova Era Ltda.;Prefeitura Municipal de Nova Esperança
P-05293;Trabalhista;Instituto Nacional de Energia Renovável;João da Silva
P-05294;Extinção de condomínio;Maria Oliveira;João da Silva
P-05295;Execução de título extrajudicial;Instituto Nacional de Energia Renovável;Instituto Nacional de Energia Renovável
P-05296;Busca e apreensão;Estado de Santa Aurora;Instituto Nacional de Energia Renovável
P-05297;Extinção de condomínio;Oficina Mecânica do Zé;Maria Oliveira
P-05298;Busca e apreensão;Instituto Nacional de Energia Renovável;Secretaria de Saúde de Santa Clara
P-05299;Trabalhista;Carlos Souza;Prefeitura Municipal de Nova Esperança
P-05300;Extinção de condomínio;Juliana Rocha;GlobalTech Corp.
P-05301;Execução Fiscal;Prefeitura Municipal de Nova Esperança;Oficina Mecânica do Zé
P-05302;Ações hipotecárias;Oficina Mecânica do Zé;Fernanda Costa
P-05303;Execução de título extrajudicial;Instituto Nacional de Energia Renovável;João da Silva
P-05304;Trabalhista;Ana Paula Lima;AgroVale Ltda.
P-05305;Inventário e partilha;Oficina Mecânica do Zé;Fernanda Costa
P-05306;Trabalhista;Estado de Santa Aurora;Ricardo Almeida
P-05307;Execução Cível;Ricardo Almeida;GlobalTech Corp.
P-05308;Execução de alimentos;GlobalTech Corp.;Fernanda Costa
P-05309;Inventário e partilha;GlobalTech Corp.;Fernanda Costa
P-05310;Execução de alimentos;Carlos Souza;Pedro Henrique Santos
P-05311;Execução de alimentos;Oficina Mecânica do Zé;Carlos Souza
P-05312;Inventário e partilha;TechBrasil S.A.;Ricardo Almeida
P-05313;Falência e Recuperação Judicial;Prefeitura Municipal de Nova Esperança;Pedro Henrique Santos
P-05314;Execução Cível;Ana Paula Lima;Oficina Mecânica do Zé
P-05315;Trabalhista;Construtora Nova Era Ltda.;AgroVale Ltda.
P-05316;Busca e apreensão;Estado de Santa Aurora;Ricardo Almeida
P-05317;Execução Cível;João da Silva;Juliana Rocha
P-05318;Falência e Recuperação Judicial;Instituto Nacional de Energia Renovável;Ricardo Almeida
P-05319;Falência e Recuperação Judicial;Secretaria de Saúde de Santa Clara;Maria Oliveira
P-05320;Extinção de condomínio;GlobalTech Corp.;Estado de Santa Aurora
P-05321;Execução Fiscal;Instituto Nacional de Energia Renovável;Instituto Nacional de Energia Renovável
P-05322;Execução Fiscal;Secretaria de Saúde de Santa Clara;Estado de Santa Aurora
P-05323;Execução Fiscal;Prefeitura Municipal de Nova Esperança;GlobalTech Corp.
P-05324;Falência e Recuperação Judicial;Prefeitura Municipal de Nova Esperança;Estado de Santa Aurora
P-05325;Execução Fiscal;Secretaria de Saúde de Santa Clara;AgroVale Ltda.
P-05326;Execução de título extrajudicial;Juliana Rocha;Fernanda Costa
P-05327;Inventário e partilha;Prefeitura Municipal de Nova Esperança;GlobalTech Corp.
P-05328;Extinção de condomínio;Juliana Rocha;Pedro Henrique Santos
P-05329;Execução Cível;Oficina Mecânica do Zé;João da Silva
P-05330;Execução Cível;Maria Oliveira;Estado de Santa Aurora
P-05331;Ações hipotecárias;Pedro Henrique Santos;Pedro Henrique Santos
P-05332;Execução Cível;GlobalTech Corp.;Construtora Nova Era Ltda.
P-05333;Execução Fiscal;Secretaria de Saúde de Santa Clara;Secretaria de Saúde de Santa Clara
P-05334;Execução Fiscal;Secretaria de Saúde de Santa Clara;João da Silva
P-05335;Inventário e partilha;Oficina Mecânica do Zé;GlobalTech Corp.
P-05336;Execução de alimentos;Pedro Henrique Santos;GlobalTech Corp.
P-05337;Execução de título extrajudicial;Oficina Mecânica do Zé;João da Silva
P-05338;Execução de alimentos;Carlos Souza;Estado de Santa Aurora
P-05339;Execução de alimentos;Instituto Nacional de Energia Renovável;Secretaria de Saúde de Santa Clara
P-05340;Busca e apreensão;Fernanda Costa;João da Silva
P-05341;Busca e apreensão;Construtora Nova Era Ltda.;Estado de Santa Aurora
P-05342;Execução Cível;Instituto Nacional de Energia Renovável;Juliana Rocha
P-05343;Trabalhista;AgroVale Ltda.;GlobalTech Corp.
P-05344;Falência e Recuperação Judicial;Instituto Nacional de Energia Renovável;Prefeitura Municipal de Nova Esperança
P-05345;Extinção de condomínio;Prefeitura Municipal de Nova Esperança;Construtora Nova Era Ltda.
P-05346;Ações hipotecárias;Pedro Henrique Santos;Prefeitura Municipal de Nova Esperança
P-05347;Execução Fiscal;Estado de Santa Aurora;TechBrasil S.A.
P-05348;Trabalhista;GlobalTech Corp.;GlobalTech Corp.
P-05349;Busca e apreensão;Pedro Henrique Santos;Carlos Souza
P-05350;Execução Cível;Pedro Henrique Santos;Ana Paula Lima
P-05351;Extinção de condomínio;Oficina Mecânica do Zé;Prefeitura Municipal de Nova Esperança
P-05352;Execução Fiscal;Instituto Nacional de Energia Renovável;João da Silva
P-05353;Extinção de condomínio;Secretaria de Saúde de Santa Clara;Estado de Santa Aurora
P-05354;Trabalhista;Construtora Nova Era Ltda.;Estado de Santa Aurora
P-05355;Trabalhista;Maria Oliveira;Fernanda Costa
P-05356;Execução de alimentos;Construtora Nova Era Ltda.;Construtora Nova Era Ltda.
P-05357;Execução de alimentos;Prefeitura Municipal de Nova Esperança;Ana Paula Lima
P-05358;Inventário e partilha;Ana Paula Lima;Oficina Mecânica do Zé
P-05359;Execução de alimentos;Fernanda Costa;Estado de Santa Aurora
P-05360;Execução de título extrajudicial;Ana Paula Lima;AgroVale Ltda.
P-05361;Execução de alimentos;GlobalTech Corp.;Ana Paula Lima
P-05362;Execução Fiscal;Prefeitura Municipal de Nova Esperança;Secretaria de Saúde de Santa Clara
P-05363;Falência e Recuperação Judicial;Secretaria de Saúde de Santa Clara;Estado de Santa Aurora
P-05364;Execução Cível;Secretaria de Saúde de Santa Clara;Estado de Santa Aurora
P-05365;Ações hipotecárias;AgroVale Ltda.;Instituto Nacional de Energia Renovável
P-05366;Execução de título extrajudicial;AgroVale Ltda.;Juliana Rocha
P-05367;Ações hipotecárias;Ricardo Almeida;AgroVale Ltda.
P-05368;Falência e Recuperação Judicial;Prefeitura Municipal de Nova Esperança;Secretaria de Saúde de Santa Clara
P-05369;Execução de alimentos;Instituto Nacional de Energia Renovável;Prefeitura Municipal de Nova Esperança
P-05370;Execução de alimentos;Maria Oliveira;Instituto Nacional de Energia Renovável
P-05371;Execução de alimentos;Maria Oliveira;Pedro Henrique Santos
P-05372;Inventário e partilha;Ricardo Almeida;Carlos Souza
P-05373;Extinção de condomínio;Pedro Henrique Santos;AgroVale Ltda.
P-05374;Execução de alimentos;Maria Oliveira;Carlos Souza
P-05375;Execução de título extrajudicial;AgroVale Ltda.;Construtora Nova Era Ltda.
P-05376;Busca e apreensão;TechBrasil S.A.;Pedro Henrique Santos
P-05377;Execução Cível;Secretaria de Saúde de Santa Clara;GlobalTech Corp.
P-05378;Falência e Recuperação Judicial;Secretaria de Saúde de Santa Clara;Instituto Nacional de Energia Renovável
P-05379;Busca e apreensão;Construtora Nova Era Ltda.;Fernanda Costa
P-05380;Inventário e partilha;Ricardo Almeida;AgroVale Ltda.
P-05381;Execução Fiscal;Prefeitura Municipal de Nova Esperança;Pedro Henrique Santos
P-05382;Falência e Recuperação Judicial;Instituto Nacional de Energia Renovável;AgroVale Ltda.
P-05383;Ações hipotecárias;Construtora Nova Era Ltda.;Carlos Souza
P-05384;Execução de alimentos;Secretaria de Saúde de Santa Clara;GlobalTech Corp.
P-05385;Trabalhista;Oficina Mecânica do Zé;GlobalTech Corp.
P-05386;Execução Fiscal;Instituto Nacional de Energia Renovável;Juliana Rocha
P-05387;Trabalhista;Ricardo Almeida;Ana Paula Lima
P-05388;Ações hipotecárias;Pedro Henrique Santos;Fernanda Costa
P-05389;Ações hipotecárias;TechBrasil S.A.;Secretaria de Saúde de Santa Clara
P-05390;Execução Cível;Maria Oliveira;Prefeitura Municipal de Nova Esperança
P-05391;Execução de título extrajudicial;Ana Paula Lima;Instituto Nacional de Energia Renovável
P-05392;Falência e Recuperação Judicial;Secretaria de Saúde de Santa Clara;Prefeitura Municipal de Nova Esperança
P-05393;Execução Fiscal;Secretaria de Saúde de Santa Clara;GlobalTech Corp.
P-05394;Execução Fiscal;Prefeitura Municipal de Nova Esperança;Ana Paula Lima
P-05395;Execução de título extrajudicial;Prefeitura Municipal de Nova Esperança;AgroVale Ltda.
P-05396;Extinção de condomínio;AgroVale Ltda.;Ana Paula Lima
P-05397;Ações hipotecárias;Ricardo Almeida;Ana Paula Lima
P-05398;Inventário e partilha;João da Silva;Oficina Mecânica do Zé
P-05399;Trabalhista;GlobalTech Corp.;GlobalTech Corp.
P-05400;Execução de título extrajudicial;GlobalTech Corp.;TechBrasil S.A.
P-05401;Inventário e partilha;Oficina Mecânica do Zé;Pedro Henrique Santos
P-05402;Ações hipotecárias;Maria Oliveira;Pedro Henrique Santos
P-05403;Execução Fiscal;Instituto Nacional de Energia Renovável;Ricardo Almeida
P-05404;Execução de título extrajudicial;Fernanda Costa;Construtora Nova Era Ltda.
P-05405;Falência e Recuperação Judicial;Estado de Santa Aurora;Oficina Mecânica do Zé
P-05406;Execução Fiscal;Secretaria de Saúde de Santa Clara;AgroVale Ltda.
P-05407;Falência e Recuperação Judicial;Secretaria de Saúde de Santa Clara;Ricardo Almeida
P-05408;Ações hipotecárias;Prefeitura Municipal de Nova Esperança;Prefeitura Municipal de Nova Esperança
P-05409;Execução Cível;Carlos Souza;Juliana Rocha
P-05410;Trabalhista;TechBrasil S.A.;Carlos Souza
P-05411;Ações hipotecárias;TechBrasil S.A.;Ana Paula Lima
P-05412;Execução de alimentos;Carlos Souza;AgroVale Ltda.
P-05413;Falência e Recuperação Judicial;Instituto Nacional de Energia Renovável;João da Silva
P-05414;Extinção de condomínio;Ricardo Almeida;Instituto Nacional de Energia Renovável
P-05415;Inventário e partilha;Pedro Henrique Santos;GlobalTech Corp.
P-05416;Busca e apreensão;Carlos Souza;Estado de Santa Aurora
P-05417;Inventário e partilha;TechBrasil S.A.;Instituto Nacional de Energia Renovável
P-05418;Execução Fiscal;Secretaria de Saúde de Santa Clara;AgroVale Ltda.
P-05419;Ações hipotecárias;Ana Paula Lima;TechBrasil S.A.
P-05420;Trabalhista;João da Silva;Oficina Mecânica do Zé
P-05421;Extinção de condomínio;Ana Paula Lima;Carlos Souza
P-05422;Execução de alimentos;Fernanda Costa;João da Silva
P-05423;Execução Cível;Ana Paula Lima;Juliana Rocha
P-05424;Execução Fiscal;Prefeitura Municipal de Nova Esperança;João da Silva
P-05425;Trabalhista;João da Silva;Ana Paula Lima
P-05426;Falência e Recuperação Judicial;Estado de Santa Aurora;Pedro Henrique Santos
P-05427;Execução Fiscal;Estado de Santa Aurora;Prefeitura Municipal de Nova Esperança
P-05428;Inventário e partilha;GlobalTech Corp.;Estado de Santa Aurora
P-05429;Inventário e partilha;Construtora Nova Era Ltda.;Secretaria de Saúde de Santa Clara
P-05430;Execução de alimentos;Carlos Souza;Ana Paula Lima
P-05431;Busca e apreensão;Estado de Santa Aurora;AgroVale Ltda.
P-05432;Ações hipotecárias;Maria Oliveira;Estado de Santa Aurora
P-05433;Trabalhista;Oficina Mecânica do Zé;João da Silva
P-05434;Execução de título extrajudicial;João da Silva;Prefeitura Municipal de Nova Esperança
P-05435;Ações hipotecárias;Oficina Mecânica do Zé;Ana Paula Lima
P-05436;Falência e Recuperação Judicial;Instituto Nacional de Energia Renovável;Prefeitura Municipal de Nova Esperança
P-05437;Execução Cível;Pedro Henrique Santos;Juliana Rocha
P-05438;Busca e apreensão;Instituto Nacional de Energia Renovável;Ana Paula Lima
P-05439;Execução de alimentos;Maria Oliveira;Carlos Souza
P-05440;Execução Fiscal;Estado de Santa Aurora;Instituto Nacional de Energia Renovável
P-05441;Busca e apreensão;Carlos Souza;Secretaria de Saúde de Santa Clara
P-05442;Execução Fiscal;Estado de Santa Aurora;Juliana Rocha
P-05443;Busca e apreensão;Fernanda Costa;Estado de Santa Aurora
P-05444;Execução Fiscal;Estado de Santa Aurora;Juliana Rocha
P-05445;Execução Cível;Juliana Rocha;Instituto Nacional de Energia Renovável
P-05446;Extinção de condomínio;Fernanda Costa;Maria Oliveira
P-05447;Trabalhista;João da Silva;Estado de Santa Aurora
P-05448;Execução Cível;Construtora Nova Era Ltda.;Ana Paula Lima
P-05449;Inventário e partilha;Construtora Nova Era Ltda.;AgroVale Ltda.
P-05450;Falência e Recuperação Judicial;Estado de Santa Aurora;Fernanda Costa
P-05451;Inventário e partilha;AgroVale Ltda.;TechBrasil S.A.
P-05452;Ações hipotecárias;Maria Oliveira;Instituto Nacional de Energia Renovável
P-05453;Execução de título extrajudicial;Secretaria de Saúde de Santa Clara;Instituto Nacional de Energia Renovável
P-05454;Extinção de condomínio;Construtora Nova Era Ltda.;Pedro Henrique Santos
P-05455;Inventário e partilha;João da Silva;Maria Oliveira
P-05456;Busca e apreensão;Ricardo Almeida;Maria Oliveira
P-05457;Execução Cível;Construtora Nova Era Ltda.;Secretaria de Saúde de Santa Clara
P-05458;Extinção de condomínio;Juliana Rocha;AgroVale Ltda.
P-05459;Busca e apreensão;TechBrasil S.A.;Ricardo Almeida
P-05460;Trabalhista;Oficina Mecânica do Zé;Oficina Mecânica do Zé
P-05461;Execução Fiscal;Estado de Santa Aurora;Ana Paula Lima
P-05462;Execução Cível;Fernanda Costa;Maria Oliveira
P-05463;Inventário e partilha;Maria Oliveira;Prefeitura Municipal de Nova Esperança
P-05464;Execução Fiscal;Prefeitura Municipal de Nova Esperança;Juliana Rocha
P-05465;Ações hipotecárias;AgroVale Ltda.;GlobalTech Corp.
P-05466;Execução de alimentos;GlobalTech Corp.;Instituto Nacional de Energia Renovável
P-05467;Busca e apreensão;Prefeitura Municipal de Nova Esperança;Prefeitura Municipal de Nova Esperança
P-05468;Falência e Recuperação Judicial;Estado de Santa Aurora;AgroVale Ltda.
P-05469;Execução Cível;Ana Paula Lima;AgroVale Ltda.
P-05470;Execução de alimentos;GlobalTech Corp.;Construtora Nova Era Ltda.
P-05471;Ações hipotecárias;Prefeitura Municipal de Nova Esperança;Carlos Souza
P-05472;Execução Fiscal;Instituto Nacional de Energia Renovável;Maria Oliveira
P-05473;Ações hipotecárias;Ana Paula Lima;GlobalTech Corp.
P-05474;Busca e apreensão;Ana Paula Lima;Construtora Nova Era Ltda.
P-05475;Execução Cível;Ana Paula Lima;Estado de Santa Aurora
P-05476;Execução de título extrajudicial;Juliana Rocha;João da Silva
P-05477;Falência e Recuperação Judicial;Secretaria de Saúde de Santa Clara;Ana Paula Lima
P-05478;Execução Cível;Ana Paula Lima;Fernanda Costa
P-05479;Extinção de condomínio;Instituto Nacional de Energia Renovável;TechBrasil S.A.
P-05480;Execução Cível;Carlos Souza;Instituto Nacional de Energia Renovável
P-05481;Extinção de condomínio;Instituto Nacional de Energia Renovável;Instituto Nacional de Energia Renovável
P-05482;Falência e Recuperação Judicial;Prefeitura Municipal de Nova Esperança;Maria Oliveira
P-05483;Extinção de condomínio;Construtora Nova Era Ltda.;Juliana Rocha
P-05484;Busca e apreensão;Estado de Santa Aurora;João da Silva
P-05485;Falência e Recuperação Judicial;Instituto Nacional de Energia Renovável;Instituto Nacional de Energia Renovável
P-05486;Ações hipotecárias;Fernanda Costa;Fernanda Costa
P-05487;Execução de alimentos;Carlos Souza;Maria Oliveira
P-05488;Inventário e partilha;Juliana Rocha;Carlos Souza
P-05489;Execução Fiscal;Secretaria de Saúde de Santa Clara;AgroVale Ltda.
P-05490;Execução Fiscal;Instituto Nacional de Energia Renovável;Ana Paula Lima
P-05491;Execução de título extrajudicial;Secretaria de Saúde de Santa Clara;João da Silva
P-05492;Extinção de condomínio;Estado de Santa Aurora;Construtora Nova Era Ltda.
P-05493;Execução Cível;Prefeitura Municipal de Nova Esperança;Pedro Henrique Santos
P-05494;Execução Fiscal;Estado de Santa Aurora;Ricardo Almeida
P-05495;Trabalhista;Estado de Santa Aurora;TechBrasil S.A.
P-05496;Busca e apreensão;Ana Paula Lima;TechBrasil S.A.
P-05497;Busca e apreensão;Secretaria de Saúde de Santa Clara;Fernanda Costa
P-05498;Ações hipotecárias;Construtora Nova Era Ltda.;TechBrasil S.A.
P-05499;Ações hipotecárias;Oficina Mecânica do Zé;Oficina Mecânica do Zé
P-05500;Execução de alimentos;Ricardo Almeida;João da Silva
P-05501;Trabalhista;Ricardo Almeida;Pedro Henrique Santos
P-05502;Extinção de condomínio;João da Silva;Construtora Nova Era Ltda.
P-05503;Extinção de condomínio;Juliana Rocha;Instituto Nacional de Energia Renovável
P-05504;Execução de título extrajudicial;Ana Paula Lima;Secretaria de Saúde de Santa Clara
P-05505;Trabalhista;Estado de Santa Aurora;João da Silva
P-05506;Inventário e partilha;João da Silva;Oficina Mecânica do Zé
P-05507;Inventário e partilha;Prefeitura Municipal de Nova Esperança;Estado de Santa Aurora
P-05508;Execução de alimentos;Carlos Souza;Maria Oliveira
P-05509;Falência e Recuperação Judicial;Secretaria de Saúde de Santa Clara;João da Silva
P-05510;Execução de alimentos;Prefeitura Municipal de Nova Esperança;TechBrasil S.A.
P-05511;Execução Cível;Pedro Henrique Santos;TechBrasil S.A.
P-05512;Execução de alimentos;Ricardo Almeida;Juliana Rocha
P-05513;Extinção de condomínio;GlobalTech Corp.;Instituto Nacional de Energia Renovável
P-05514;Execução Fiscal;Estado de Santa Aurora;Instituto Nacional de Energia Renovável
P-05515;Execução Fiscal;Prefeitura Municipal de Nova Esperança;Instituto Nacional de Energia Renovável
P-05516;Busca e apreensão;Oficina Mecânica do Zé;Secretaria de Saúde de Santa Clara
P-05517;Execução Fiscal;Instituto Nacional de Energia Renovável;Instituto Nacional de Energia Renovável
P-05518;Execução de alimentos;Pedro Henrique Santos;TechBrasil S.A.
P-05519;Execução de alimentos;Fernanda Costa;Estado de Santa Aurora
P-05520;Execução Fiscal;Prefeitura Municipal de Nova Esperança;TechBrasil S.A.
P-05521;Extinção de condomínio;Estado de Santa Aurora;Secretaria de Saúde de Santa Clara
P-05522;Busca e apreensão;Prefeitura Municipal de Nova Esperança;GlobalTech Corp.
P-05523;Inventário e partilha;Carlos Souza;Prefeitura Municipal de Nova Esperança
P-05524;Execução de alimentos;Prefeitura Municipal de Nova Esperança;João da Silva
P-05525;Falência e Recuperação Judicial;Estado de Santa Aurora;Juliana Rocha
P-05526;Execução de título extrajudicial;Ana Paula Lima;TechBrasil S.A.
P-05527;Execução Cível;Construtora Nova Era Ltda.;Prefeitura Municipal de Nova Esperança
P-05528;Trabalhista;Construtora Nova Era Ltda.;Juliana Rocha
P-05529;Busca e apreensão;Fernanda Costa;Carlos Souza
P-05530;Execução Fiscal;Secretaria de Saúde de Santa Clara;João da Silva
P-05531;Busca e apreensão;Construtora Nova Era Ltda.;Secretaria de Saúde de Santa Clara
P-05532;Falência e Recuperação Judicial;Prefeitura Municipal de Nova Esperança;AgroVale Ltda.
P-05533;Ações hipotecárias;Prefeitura Municipal de Nova Esperança;Prefeitura Municipal de Nova Esperança
P-05534;Falência e Recuperação Judicial;Prefeitura Municipal de Nova Esperança;Pedro Henrique Santos
P-05535;Extinção de condomínio;Ricardo Almeida;Juliana Rocha
P-05536;Execução Fiscal;Prefeitura Municipal de Nova Esperança;Ricardo Almeida
P-05537;Inventário e partilha;Juliana Rocha;Instituto Nacional de Energia Renovável
P-05538;Falência e Recuperação Judicial;Prefeitura Municipal de Nova Esperança;Estado de Santa Aurora
P-05539;Execução Fiscal;Secretaria de Saúde de Santa Clara;Maria Oliveira
P-05540;Execução Fiscal;Estado de Santa Aurora;Prefeitura Municipal de Nova Esperança
P-05541;Inventário e partilha;TechBrasil S.A.;Prefeitura Municipal de Nova Esperança
P-05542;Extinção de condomínio;Prefeitura Municipal de Nova Esperança;GlobalTech Corp.
P-05543;Execução Fiscal;Estado de Santa Aurora;TechBrasil S.A.
P-05544;Inventário e partilha;Oficina Mecânica do Zé;Estado de Santa Aurora
P-05545;Ações hipotecárias;TechBrasil S.A.;Pedro Henrique Santos
P-05546;Execução Fiscal;Estado de Santa Aurora;João da Silva
P-05547;Busca e apreensão;TechBrasil S.A.;Prefeitura Municipal de Nova Esperança
P-05548;Extinção de condomínio;GlobalTech Corp.;Oficina Mecânica do Zé
P-05549;Execução de título extrajudicial;Oficina Mecânica do Zé;Fernanda Costa
P-05550;Inventário e partilha;Maria Oliveira;Carlos Souza
P-05551;Trabalhista;Oficina Mecânica do Zé;Estado de Santa Aurora
P-05552;Extinção de condomínio;Maria Oliveira;Oficina Mecânica do Zé
P-05553;Inventário e partilha;Secretaria de Saúde de Santa Clara;Carlos Souza
P-05554;Falência e Recuperação Judicial;Secretaria de Saúde de Santa Clara;João da Silva
P-05555;Inventário e partilha;Ana Paula Lima;Construtora Nova Era Ltda.
P-05556;Execução de alimentos;Ricardo Almeida;TechBrasil S.A.
P-05557;Inventário e partilha;TechBrasil S.A.;Maria Oliveira
P-05558;Trabalhista;GlobalTech Corp.;Carlos Souza
P-05559;Execução Cível;Maria Oliveira;Ana Paula Lima
P-05560;Busca e apreensão;Instituto Nacional de Energia Renovável;Oficina Mecânica do Zé
P-05561;Inventário e partilha;Instituto Nacional de Energia Renovável;AgroVale Ltda.
P-05562;Falência e Recuperação Judicial;Secretaria de Saúde de Santa Clara;Juliana Rocha
P-05563;Extinção de condomínio;Ricardo Almeida;João da Silva
P-05564;Falência e Recuperação Judicial;Prefeitura Municipal de Nova Esperança;Pedro Henrique Santos
P-05565;Ações hipotecárias;Ana Paula Lima;GlobalTech Corp.
P-05566;Execução de título extrajudicial;João da Silva;Maria Oliveira
P-05567;Falência e Recuperação Judicial;Estado de Santa Aurora;Carlos Souza
P-05568;Ações hipotecárias;Secretaria de Saúde de Santa Clara;Pedro Henrique Santos
P-05569;Execução de título extrajudicial;Estado de Santa Aurora;Carlos Souza
P-05570;Ações hipotecárias;AgroVale Ltda.;Ana Paula Lima
P-05571;Inventário e partilha;Pedro Henrique Santos;Oficina Mecânica do Zé
P-05572;Execução Cível;Ana Paula Lima;Oficina Mecânica do Zé
P-05573;Execução de título extrajudicial;Prefeitura Municipal de Nova Esperança;Maria Oliveira
P-05574;Falência e Recuperação Judicial;Estado de Santa Aurora;Carlos Souza
P-05575;Extinção de condomínio;GlobalTech Corp.;Juliana Rocha
P-05576;Trabalhista;Instituto Nacional de Energia Renovável;João da Silva
P-05577;Falência e Recuperação Judicial;Secretaria de Saúde de Santa Clara;Instituto Nacional de Energia Renovável
P-05578;Extinção de condomínio;AgroVale Ltda.;Prefeitura Municipal de Nova Esperança
P-05579;Execução de título extrajudicial;Instituto Nacional de Energia Renovável;Fernanda Costa
P-05580;Execução Fiscal;Prefeitura Municipal de Nova Esperança;João da Silva
P-05581;Execução Cível;João da Silva;TechBrasil S.A.
P-05582;Execução de alimentos;Ricardo Almeida;Carlos Souza
P-05583;Falência e Recuperação Judicial;Secretaria de Saúde de Santa Clara;Secretaria de Saúde de Santa Clara
P-05584;Extinção de condomínio;Juliana Rocha;Juliana Rocha
P-05585;Execução Fiscal;Prefeitura Municipal de Nova Esperança;Carlos Souza
P-05586;Busca e apreensão;Estado de Santa Aurora;João da Silva
P-05587;Extinção de condomínio;Juliana Rocha;Estado de Santa Aurora
P-05588;Execução Cível;Ricardo Almeida;Secretaria de Saúde de Santa Clara
P-05589;Trabalhista;Fernanda Costa;Instituto Nacional de Energia Renovável
P-05590;Execução de alimentos;GlobalTech Corp.;Prefeitura Municipal de Nova Esperança
P-05591;Execução Fiscal;Prefeitura Municipal de Nova Esperança;Construtora Nova Era Ltda.
P-05592;Execução Cível;GlobalTech Corp.;GlobalTech Corp.
P-05593;Busca e apreensão;Prefeitura Municipal de Nova Esperança;Pedro Henrique Santos
P-05594;Execução Cível;Instituto Nacional de Energia Renovável;Juliana Rocha
P-05595;Execução de título extrajudicial;Estado de Santa Aurora;Instituto Nacional de Energia Renovável
P-05596;Falência e Recuperação Judicial;Prefeitura Municipal de Nova Esperança;Maria Oliveira
P-05597;Execução Fiscal;Prefeitura Municipal de Nova Esperança;Juliana Rocha
P-05598;Trabalhista;Instituto Nacional de Energia Renovável;Juliana Rocha
P-05599;Execução de alimentos;TechBrasil S.A.;GlobalTech Corp.
P-05600;Execução Cível;Ricardo Almeida;Estado de Santa Aurora
P-05601;Extinção de condomínio;Ricardo Almeida;João da Silva
P-05602;Falência e Recuperação Judicial;Estado de Santa Aurora;TechBrasil S.A.
P-05603;Ações hipotecárias;Pedro Henrique Santos;Instituto Nacional de Energia Renovável
P-05604;Execução de título extrajudicial;Ricardo Almeida;Secretaria de Saúde de Santa Clara
P-05605;Execução de título extrajudicial;Ricardo Almeida;Estado de Santa Aurora
P-05606;Execução de título extrajudicial;Ana Paula Lima;Pedro Henrique Santos
P-05607;Trabalhista;TechBrasil S.A.;Juliana Rocha
P-05608;Ações hipotecárias;Maria Oliveira;Pedro Henrique Santos
P-05609;Execução Cível;Secretaria de Saúde de Santa Clara;AgroVale Ltda.
P-05610;Ações hipotecárias;Ana Paula Lima;Pedro Henrique Santos
P-05611;Ações hipotecárias;Pedro Henrique Santos;Prefeitura Municipal de Nova Esperança
P-05612;Execução de alimentos;João da Silva;GlobalTech Corp.
P-05613;Ações hipotecárias;Prefeitura Municipal de Nova Esperança;TechBrasil S.A.
P-05614;Extinção de condomínio;Ricardo Almeida;Ana Paula Lima
P-05615;Falência e Recuperação Judicial;Prefeitura Municipal de Nova Esperança;Secretaria de Saúde de Santa Clara
P-05616;Execução Fiscal;Prefeitura Municipal de Nova Esperança;Maria Oliveira
P-05617;Execução Fiscal;Prefeitura Municipal de Nova Esperança;Ricardo Almeida
P-05618;Inventário e partilha;Estado de Santa Aurora;Instituto Nacional de Energia Renovável
P-05619;Execução de título extrajudicial;Estado de Santa Aurora;Fernanda Costa
P-05620;Extinção de condomínio;João da Silva;Fernanda Costa
P-05621;Extinção de condomínio;Estado de Santa Aurora;Ricardo Almeida
P-05622;Inventário e partilha;GlobalTech Corp.;Secretaria de Saúde de Santa Clara
P-05623;Trabalhista;Maria Oliveira;Oficina Mecânica do Zé
P-05624;Execução Cível;Fernanda Costa;Fernanda Costa
P-05625;Extinção de condomínio;AgroVale Ltda.;TechBrasil S.A.
P-05626;Execução de alimentos;João da Silva;TechBrasil S.A.
P-05627;Execução Fiscal;Secretaria de Saúde de Santa Clara;Pedro Henrique Santos
P-05628;Inventário e partilha;Instituto Nacional de Energia Renovável;Construtora Nova Era Ltda.
P-05629;Trabalhista;GlobalTech Corp.;Estado de Santa Aurora
P-05630;Trabalhista;Maria Oliveira;Estado de Santa Aurora
P-05631;Execução Cível;Maria Oliveira;Ricardo Almeida
P-05632;Ações hipotecárias;Secretaria de Saúde de Santa Clara;Instituto Nacional de Energia Renovável
P-05633;Execução Cível;GlobalTech Corp.;Estado de Santa Aurora
P-05634;Execução de alimentos;Pedro Henrique Santos;Carlos Souza
P-05635;Execução de título extrajudicial;Instituto Nacional de Energia Renovável;Instituto Nacional de Energia Renovável
P-05636;Falência e Recuperação Judicial;Estado de Santa Aurora;Ricardo Almeida
P-05637;Execução Fiscal;Instituto Nacional de Energia Renovável;Juliana Rocha
P-05638;Ações hipotecárias;Ana Paula Lima;Ricardo Almeida
P-05639;Ações hipotecárias;Ana Paula Lima;Carlos Souza
P-05640;Extinção de condomínio;TechBrasil S.A.;Fernanda Costa
P-05641;Execução de alimentos;AgroVale Ltda.;Pedro Henrique Santos
P-05642;Execução Cível;Estado de Santa Aurora;AgroVale Ltda.
P-05643;Execução de alimentos;Pedro Henrique Santos;Instituto Nacional de Energia Renovável
P-05644;Inventário e partilha;Maria Oliveira;Instituto Nacional de Energia Renovável
P-05645;Inventário e partilha;Construtora Nova Era Ltda.;Estado de Santa Aurora
P-05646;Execução de alimentos;Prefeitura Municipal de Nova Esperança;Maria Oliveira
P-05647;Trabalhista;Instituto Nacional de Energia Renovável;Ana Paula Lima
P-05648;Extinção de condomínio;Construtora Nova Era Ltda.;Pedro Henrique Santos
P-05649;Falência e Recuperação Judicial;Instituto Nacional de Energia Renovável;Juliana Rocha
P-05650;Falência e Recuperação Judicial;Estado de Santa Aurora;João da Silva
P-05651;Busca e apreensão;TechBrasil S.A.;Instituto Nacional de Energia Renovável
P-05652;Extinção de condomínio;Fernanda Costa;Secretaria de Saúde de Santa Clara
P-05653;Execução Fiscal;Estado de Santa Aurora;Oficina Mecânica do Zé
P-05654;Execução Cível;Pedro Henrique Santos;Prefeitura Municipal de Nova Esperança
P-05655;Trabalhista;Ricardo Almeida;Prefeitura Municipal de Nova Esperança
P-05656;Execução Fiscal;Secretaria de Saúde de Santa Clara;João da Silva
P-05657;Trabalhista;Oficina Mecânica do Zé;TechBrasil S.A.
P-05658;Ações hipotecárias;TechBrasil S.A.;Prefeitura Municipal de Nova Esperança
P-05659;Inventário e partilha;Instituto Nacional de Energia Renovável;Prefeitura Municipal de Nova Esperança
P-05660;Extinção de condomínio;João da Silva;Carlos Souza
P-05661;Falência e Recuperação Judicial;Secretaria de Saúde de Santa Clara;AgroVale Ltda.
P-05662;Execução de alimentos;Juliana Rocha;Ana Paula Lima
P-05663;Extinção de condomínio;AgroVale Ltda.;Juliana Rocha
P-05664;Execução Cível;Maria Oliveira;Estado de Santa Aurora
P-05665;Busca e apreensão;Prefeitura Municipal de Nova Esperança;Carlos Souza
P-05666;Inventário e partilha;GlobalTech Corp.;Secretaria de Saúde de Santa Clara
P-05667;Falência e Recuperação Judicial;Estado de Santa Aurora;Instituto Nacional de Energia Renovável
P-05668;Extinção de condomínio;TechBrasil S.A.;Oficina Mecânica do Zé
P-05669;Execução Cível;Maria Oliveira;AgroVale Ltda.
P-05670;Trabalhista;TechBrasil S.A.;Pedro Henrique Santos
P-05671;Inventário e partilha;João da Silva;Fernanda Costa
P-05672;Ações hipotecárias;Juliana Rocha;João da Silva
P-05673;Extinção de condomínio;Prefeitura Municipal de Nova Esperança;AgroVale Ltda.
P-05674;Execução Fiscal;Instituto Nacional de Energia Renovável;Ricardo Almeida
P-05675;Trabalhista;Pedro Henrique Santos;Fernanda Costa
P-05676;Ações hipotecárias;GlobalTech Corp.;Juliana Rocha
P-05677;Extinção de condomínio;Ricardo Almeida;Juliana Rocha
P-05678;Ações hipotecárias;João da Silva;Construtora Nova Era Ltda.
P-05679;Execução de título extrajudicial;GlobalTech Corp.;Ricardo Almeida
P-05680;Ações hipotecárias;TechBrasil S.A.;Fernanda Costa
P-05681;Falência e Recuperação Judicial;Estado de Santa Aurora;Carlos Souza
P-05682;Execução de alimentos;Oficina Mecânica do Zé;Maria Oliveira
P-05683;Busca e apreensão;Ricardo Almeida;Pedro Henrique Santos
P-05684;Extinção de condomínio;Instituto Nacional de Energia Renovável;AgroVale Ltda.
P-05685;Falência e Recuperação Judicial;Secretaria de Saúde de Santa Clara;Secretaria de Saúde de Santa Clara
P-05686;Execução Fiscal;Prefeitura Municipal de Nova Esperança;Secretaria de Saúde de Santa Clara
P-05687;Execução de alimentos;Juliana Rocha;Oficina Mecânica do Zé
P-05688;Execução de título extrajudicial;Construtora Nova Era Ltda.;Fernanda Costa
P-05689;Busca e apreensão;Maria Oliveira;TechBrasil S.A.
P-05690;Execução de título extrajudicial;Ricardo Almeida;TechBrasil S.A.
P-05691;Execução de alimentos;Juliana Rocha;Oficina Mecânica do Zé
P-05692;Busca e apreensão;Construtora Nova Era Ltda.;TechBrasil S.A.
P-05693;Ações hipotecárias;Maria Oliveira;Construtora Nova Era Ltda.
P-05694;Inventário e partilha;Ana Paula Lima;TechBrasil S.A.
P-05695;Falência e Recuperação Judicial;Instituto Nacional de Energia Renovável;Estado de Santa Aurora
P-05696;Execução de alimentos;GlobalTech Corp.;Pedro Henrique Santos
P-05697;Trabalhista;Instituto Nacional de Energia Renovável;João da Silva
P-05698;Execução de título extrajudicial;Prefeitura Municipal de Nova Esperança;GlobalTech Corp.
P-05699;Execução de alimentos;Instituto Nacional de Energia Renovável;Ana Paula Lima
P-05700;Execução Fiscal;Estado de Santa Aurora;Construtora Nova Era Ltda.
P-05701;Execução Fiscal;Instituto Nacional de Energia Renovável;Oficina Mecânica do Zé
P-05702;Ações hipotecárias;Ricardo Almeida;Fernanda Costa
P-05703;Execução Cível;Oficina Mecânica do Zé;Secretaria de Saúde de Santa Clara
P-05704;Execução de título extrajudicial;Secretaria de Saúde de Santa Clara;Pedro Henrique Santos
P-05705;Execução de alimentos;GlobalTech Corp.;Prefeitura Municipal de Nova Esperança
P-05706;Busca e apreensão;Instituto Nacional de Energia Renovável;Oficina Mecânica do Zé
P-05707;Execução de alimentos;Secretaria de Saúde de Santa Clara;GlobalTech Corp.
P-05708;Busca e apreensão;Ana Paula Lima;Pedro Henrique Santos
P-05709;Falência e Recuperação Judicial;Secretaria de Saúde de Santa Clara;Instituto Nacional de Energia Renovável
P-05710;Busca e apreensão;Carlos Souza;Ana Paula Lima
P-05711;Execução de alimentos;Juliana Rocha;Fernanda Costa
P-05712;Execução Fiscal;Instituto Nacional de Energia Renovável;TechBrasil S.A.
P-05713;Execução Cível;Juliana Rocha;Fernanda Costa
P-05714;Execução de alimentos;Juliana Rocha;Prefeitura Municipal de Nova Esperança
P-05715;Execução Cível;Construtora Nova Era Ltda.;Secretaria de Saúde de Santa Clara
P-05716;Inventário e partilha;Prefeitura Municipal de Nova Esperança;AgroVale Ltda.
P-05717;Execução Fiscal;Prefeitura Municipal de Nova Esperança;AgroVale Ltda.
P-05718;Inventário e partilha;Juliana Rocha;Maria Oliveira
P-05719;Execução Cível;Pedro Henrique Santos;Ricardo Almeida
P-05720;Trabalhista;Ana Paula Lima;João da Silva
P-05721;Busca e apreensão;Secretaria de Saúde de Santa Clara;Secretaria de Saúde de Santa Clara
P-05722;Execução Cível;Juliana Rocha;Construtora Nova Era Ltda.
P-05723;Ações hipotecárias;GlobalTech Corp.;Instituto Nacional de Energia Renovável
P-05724;Trabalhista;Carlos Souza;Pedro Henrique Santos
P-05725;Inventário e partilha;Ricardo Almeida;Ana Paula Lima
P-05726;Falência e Recuperação Judicial;Estado de Santa Aurora;TechBrasil S.A.
P-05727;Falência e Recuperação Judicial;Secretaria de Saúde de Santa Clara;Ricardo Almeida
P-05728;Ações hipotecárias;Secretaria de Saúde de Santa Clara;Ricardo Almeida
P-05729;Ações hipotecárias;Fernanda Costa;Pedro Henrique Santos
P-05730;Execução Fiscal;Instituto Nacional de Energia Renovável;Prefeitura Municipal de Nova Esperança
P-05731;Falência e Recuperação Judicial;Instituto Nacional de Energia Renovável;Secretaria de Saúde de Santa Clara
P-05732;Execução de título extrajudicial;Pedro Henrique Santos;Pedro Henrique Santos
P-05733;Ações hipotecárias;Carlos Souza;João da Silva
P-05734;Execução de alimentos;Estado de Santa Aurora;Fernanda Costa
P-05735;Inventário e partilha;João da Silva;TechBrasil S.A.
P-05736;Execução Cível;Ana Paula Lima;Ricardo Almeida
P-05737;Inventário e partilha;Ana Paula Lima;Juliana Rocha
P-05738;Inventário e partilha;Carlos Souza;Fernanda Costa
P-05739;Falência e Recuperação Judicial;Estado de Santa Aurora;Oficina Mecânica do Zé
P-05740;Execução de título extrajudicial;Ana Paula Lima;GlobalTech Corp.
P-05741;Inventário e partilha;Pedro Henrique Santos;Estado de Santa Aurora
P-05742;Inventário e partilha;João da Silva;Secretaria de Saúde de Santa Clara
P-05743;Execução de alimentos;Oficina Mecânica do Zé;Prefeitura Municipal de Nova Esperança
P-05744;Inventário e partilha;GlobalTech Corp.;Instituto Nacional de Energia Renovável
P-05745;Execução de título extrajudicial;Pedro Henrique Santos;Estado de Santa Aurora
P-05746;Execução de título extrajudicial;Oficina Mecânica do Zé;Secretaria de Saúde de Santa Clara
P-05747;Execução Cível;Ricardo Almeida;AgroVale Ltda.
P-05748;Falência e Recuperação Judicial;Secretaria de Saúde de Santa Clara;Secretaria de Saúde de Santa Clara
P-05749;Execução de título extrajudicial;GlobalTech Corp.;Instituto Nacional de Energia Renovável
P-05750;Execução de alimentos;João da Silva;Secretaria de Saúde de Santa Clara
P-05751;Inventário e partilha;Oficina Mecânica do Zé;João da Silva
P-05752;Extinção de condomínio;Carlos Souza;Oficina Mecânica do Zé
P-05753;Falência e Recuperação Judicial;Estado de Santa Aurora;TechBrasil S.A.
P-05754;Execução de alimentos;Ricardo Almeida;Instituto Nacional de Energia Renovável
P-05755;Execução de título extrajudicial;Secretaria de Saúde de Santa Clara;Instituto Nacional de Energia Renovável
P-05756;Inventário e partilha;João da Silva;Carlos Souza
P-05757;Ações hipotecárias;Maria Oliveira;Instituto Nacional de Energia Renovável
P-05758;Falência e Recuperação Judicial;Estado de Santa Aurora;João da Silva
P-05759;Execução de alimentos;Maria Oliveira;Fernanda Costa
P-05760;Execução de título extrajudicial;GlobalTech Corp.;Ricardo Almeida
P-05761;Falência e Recuperação Judicial;Estado de Santa Aurora;Maria Oliveira
P-05762;Trabalhista;GlobalTech Corp.;Prefeitura Municipal de Nova Esperança
P-05763;Execução de título extrajudicial;Oficina Mecânica do Zé;AgroVale Ltda.
P-05764;Ações hipotecárias;AgroVale Ltda.;Prefeitura Municipal de Nova Esperança
P-05765;Extinção de condomínio;Ana Paula Lima;Fernanda Costa
P-05766;Busca e apreensão;Construtora Nova Era Ltda.;Construtora Nova Era Ltda.
P-05767;Execução de alimentos;AgroVale Ltda.;Juliana Rocha
P-05768;Trabalhista;Ana Paula Lima;Pedro Henrique Santos
P-05769;Falência e Recuperação Judicial;Prefeitura Municipal de Nova Esperança;Construtora Nova Era Ltda.
P-05770;Extinção de condomínio;Carlos Souza;TechBrasil S.A.
P-05771;Trabalhista;Maria Oliveira;João da Silva
P-05772;Execução de alimentos;Instituto Nacional de Energia Renovável;TechBrasil S.A.
P-05773;Extinção de condomínio;Prefeitura Municipal de Nova Esperança;Secretaria de Saúde de Santa Clara
P-05774;Busca e apreensão;Juliana Rocha;Estado de Santa Aurora
P-05775;Busca e apreensão;Carlos Souza;Secretaria de Saúde de Santa Clara
P-05776;Extinção de condomínio;Oficina Mecânica do Zé;Oficina Mecânica do Zé
P-05777;Trabalhista;AgroVale Ltda.;Maria Oliveira
P-05778;Busca e apreensão;Carlos Souza;AgroVale Ltda.
P-05779;Execução Fiscal;Secretaria de Saúde de Santa Clara;Ana Paula Lima
P-05780;Execução de título extrajudicial;GlobalTech Corp.;Prefeitura Municipal de Nova Esperança
P-05781;Execução Fiscal;Instituto Nacional de Energia Renovável;Oficina Mecânica do Zé
P-05782;Inventário e partilha;Maria Oliveira;João da Silva
P-05783;Falência e Recuperação Judicial;Prefeitura Municipal de Nova Esperança;Oficina Mecânica do Zé
P-05784;Execução de título extrajudicial;AgroVale Ltda.;Juliana Rocha
P-05785;Extinção de condomínio;Secretaria de Saúde de Santa Clara;Instituto Nacional de Energia Renovável
P-05786;Execução Fiscal;Prefeitura Municipal de Nova Esperança;Ana Paula Lima
P-05787;Trabalhista;Maria Oliveira;Secretaria de Saúde de Santa Clara
P-05788;Execução de título extrajudicial;Instituto Nacional de Energia Renovável;Oficina Mecânica do Zé
P-05789;Execução de alimentos;Oficina Mecânica do Zé;Maria Oliveira
P-05790;Trabalhista;Ricardo Almeida;Instituto Nacional de Energia Renovável
P-05791;Execução Cível;GlobalTech Corp.;Maria Oliveira
P-05792;Ações hipotecárias;Ricardo Almeida;Construtora Nova Era Ltda.
P-05793;Falência e Recuperação Judicial;Prefeitura Municipal de Nova Esperança;Fernanda Costa
P-05794;Execução Fiscal;Instituto Nacional de Energia Renovável;Estado de Santa Aurora
P-05795;Execução de alimentos;GlobalTech Corp.;Juliana Rocha
P-05796;Ações hipotecárias;Oficina Mecânica do Zé;Ricardo Almeida
P-05797;Trabalhista;Pedro Henrique Santos;Maria Oliveira
P-05798;Execução de título extrajudicial;GlobalTech Corp.;GlobalTech Corp.
P-05799;Trabalhista;AgroVale Ltda.;Secretaria de Saúde de Santa Clara
P-05800;Inventário e partilha;Prefeitura Municipal de Nova Esperança;Construtora Nova Era Ltda.
P-05801;Inventário e partilha;Estado de Santa Aurora;João da Silva
P-05802;Inventário e partilha;Ricardo Almeida;Ricardo Almeida
P-05803;Trabalhista;Secretaria de Saúde de Santa Clara;GlobalTech Corp.
P-05804;Execução Cível;João da Silva;Pedro Henrique Santos
P-05805;Execução de alimentos;AgroVale Ltda.;Fernanda Costa
P-05806;Extinção de condomínio;GlobalTech Corp.;Juliana Rocha
P-05807;Extinção de condomínio;Carlos Souza;Fernanda Costa
P-05808;Inventário e partilha;Prefeitura Municipal de Nova Esperança;Instituto Nacional de Energia Renovável
P-05809;Trabalhista;Prefeitura Municipal de Nova Esperança;Pedro Henrique Santos
P-05810;Execução Cível;Ricardo Almeida;Ricardo Almeida
P-05811;Execução de título extrajudicial;Maria Oliveira;Fernanda Costa
P-05812;Ações hipotecárias;Fernanda Costa;Ana Paula Lima
P-05813;Execução de alimentos;Instituto Nacional de Energia Renovável;Estado de Santa Aurora
P-05814;Extinção de condomínio;Juliana Rocha;Construtora Nova Era Ltda.
P-05815;Busca e apreensão;Construtora Nova Era Ltda.;Construtora Nova Era Ltda.
P-05816;Execução de título extrajudicial;Prefeitura Municipal de Nova Esperança;TechBrasil S.A.
P-05817;Falência e Recuperação Judicial;Instituto Nacional de Energia Renovável;Instituto Nacional de Energia Renovável
P-05818;Falência e Recuperação Judicial;Secretaria de Saúde de Santa Clara;Estado de Santa Aurora
P-05819;Trabalhista;João da Silva;Fernanda Costa
P-05820;Execução de título extrajudicial;Oficina Mecânica do Zé;Estado de Santa Aurora
P-05821;Execução Cível;Carlos Souza;Instituto Nacional de Energia Renovável
P-05822;Inventário e partilha;Instituto Nacional de Energia Renovável;João da Silva
P-05823;Extinção de condomínio;Estado de Santa Aurora;Juliana Rocha
P-05824;Busca e apreensão;Construtora Nova Era Ltda.;Maria Oliveira
P-05825;Busca e apreensão;Secretaria de Saúde de Santa Clara;Ana Paula Lima
P-05826;Falência e Recuperação Judicial;Estado de Santa Aurora;Carlos Souza
P-05827;Trabalhista;Ana Paula Lima;Estado de Santa Aurora
P-05828;Falência e Recuperação Judicial;Instituto Nacional de Energia Renovável;Ricardo Almeida
P-05829;Execução de alimentos;Secretaria de Saúde de Santa Clara;Instituto Nacional de Energia Renovável
P-05830;Execução de título extrajudicial;TechBrasil S.A.;Juliana Rocha
P-05831;Ações hipotecárias;Carlos Souza;Secretaria de Saúde de Santa Clara
P-05832;Execução de título extrajudicial;João da Silva;Ricardo Almeida
P-05833;Trabalhista;Maria Oliveira;TechBrasil S.A.
P-05834;Execução Fiscal;Secretaria de Saúde de Santa Clara;Fernanda Costa
P-05835;Execução Cível;Fernanda Costa;TechBrasil S.A.
P-05836;Execução Cível;Ana Paula Lima;Carlos Souza
P-05837;Ações hipotecárias;Juliana Rocha;Ricardo Almeida
P-05838;Execução Fiscal;Secretaria de Saúde de Santa Clara;Carlos Souza
P-05839;Execução de alimentos;Carlos Souza;Ana Paula Lima
P-05840;Extinção de condomínio;João da Silva;Ana Paula Lima
P-05841;Falência e Recuperação Judicial;Secretaria de Saúde de Santa Clara;João da Silva
P-05842;Execução de alimentos;Prefeitura Municipal de Nova Esperança;Pedro Henrique Santos
P-05843;Inventário e partilha;GlobalTech Corp.;Construtora Nova Era Ltda.
P-05844;Extinção de condomínio;Ana Paula Lima;Carlos Souza
P-05845;Execução Fiscal;Secretaria de Saúde de Santa Clara;João da Silva
P-05846;Trabalhista;Ricardo Almeida;Instituto Nacional de Energia Renovável
P-05847;Execução Cível;AgroVale Ltda.;Carlos Souza
P-05848;Busca e apreensão;Estado de Santa Aurora;Ana Paula Lima
P-05849;Busca e apreensão;Oficina Mecânica do Zé;Carlos Souza
P-05850;Trabalhista;Prefeitura Municipal de Nova Esperança;Instituto Nacional de Energia Renovável
P-05851;Falência e Recuperação Judicial;Prefeitura Municipal de Nova Esperança;Ana Paula Lima
P-05852;Falência e Recuperação Judicial;Estado de Santa Aurora;Instituto Nacional de Energia Renovável
P-05853;Execução Cível;GlobalTech Corp.;Pedro Henrique Santos
P-05854;Execução Cível;Pedro Henrique Santos;João da Silva
P-05855;Execução de título extrajudicial;GlobalTech Corp.;Instituto Nacional de Energia Renovável
P-05856;Busca e apreensão;Pedro Henrique Santos;TechBrasil S.A.
P-05857;Trabalhista;Fernanda Costa;GlobalTech Corp.
P-05858;Ações hipotecárias;Pedro Henrique Santos;TechBrasil S.A.
P-05859;Execução de alimentos;Prefeitura Municipal de Nova Esperança;João da Silva
P-05860;Inventário e partilha;TechBrasil S.A.;Estado de Santa Aurora
P-05861;Extinção de condomínio;Carlos Souza;AgroVale Ltda.
P-05862;Execução de alimentos;Secretaria de Saúde de Santa Clara;João da Silva
P-05863;Trabalhista;Instituto Nacional de Energia Renovável;Instituto Nacional de Energia Renovável
P-05864;Execução de título extrajudicial;GlobalTech Corp.;AgroVale Ltda.
P-05865;Execução Fiscal;Prefeitura Municipal de Nova Esperança;Construtora Nova Era Ltda.
P-05866;Falência e Recuperação Judicial;Secretaria de Saúde de Santa Clara;Construtora Nova Era Ltda.
P-05867;Inventário e partilha;Ricardo Almeida;Juliana Rocha
P-05868;Ações hipotecárias;Instituto Nacional de Energia Renovável;Fernanda Costa
P-05869;Execução Cível;Prefeitura Municipal de Nova Esperança;Juliana Rocha
P-05870;Execução Fiscal;Prefeitura Municipal de Nova Esperança;Ana Paula Lima
P-05871;Falência e Recuperação Judicial;Estado de Santa Aurora;GlobalTech Corp.
P-05872;Execução de título extrajudicial;Ana Paula Lima;Secretaria de Saúde de Santa Clara
P-05873;Busca e apreensão;Pedro Henrique Santos;Ricardo Almeida
P-05874;Busca e apreensão;Ricardo Almeida;Ana Paula Lima
P-05875;Extinção de condomínio;GlobalTech Corp.;GlobalTech Corp.
P-05876;Execução de título extrajudicial;GlobalTech Corp.;GlobalTech Corp.
P-05877;Inventário e partilha;Secretaria de Saúde de Santa Clara;João da Silva
P-05878;Ações hipotecárias;Carlos Souza;TechBrasil S.A.
P-05879;Execução Cível;Fernanda Costa;GlobalTech Corp.
P-05880;Inventário e partilha;Ana Paula Lima;Oficina Mecânica do Zé
P-05881;Execução Cível;Estado de Santa Aurora;Prefeitura Municipal de Nova Esperança
P-05882;Falência e Recuperação Judicial;Estado de Santa Aurora;Estado de Santa Aurora
P-05883;Execução Cível;João da Silva;Carlos Souza
P-05884;Execução de alimentos;Fernanda Costa;Carlos Souza
P-05885;Execução Fiscal;Prefeitura Municipal de Nova Esperança;Construtora Nova Era Ltda.
P-05886;Ações hipotecárias;Juliana Rocha;TechBrasil S.A.
P-05887;Extinção de condomínio;Pedro Henrique Santos;Juliana Rocha
P-05888;Execução de alimentos;Maria Oliveira;João da Silva
P-05889;Execução de alimentos;Pedro Henrique Santos;TechBrasil S.A.
P-05890;Trabalhista;GlobalTech Corp.;Maria Oliveira
P-05891;Ações hipotecárias;Ricardo Almeida;Fernanda Costa
P-05892;Trabalhista;Estado de Santa Aurora;Construtora Nova Era Ltda.
P-05893;Ações hipotecárias;Estado de Santa Aurora;Oficina Mecânica do Zé
P-05894;Extinção de condomínio;AgroVale Ltda.;Fernanda Costa
P-05895;Trabalhista;Oficina Mecânica do Zé;Construtora Nova Era Ltda.
P-05896;Execução Fiscal;Prefeitura Municipal de Nova Esperança;Ricardo Almeida
P-05897;Inventário e partilha;Maria Oliveira;Maria Oliveira
P-05898;Falência e Recuperação Judicial;Instituto Nacional de Energia Renovável;Instituto Nacional de Energia Renovável
P-05899;Execução de alimentos;João da Silva;João da Silva
P-05900;Execução de alimentos;Instituto Nacional de Energia Renovável;João da Silva
P-05901;Falência e Recuperação Judicial;Prefeitura Municipal de Nova Esperança;Pedro Henrique Santos
P-05902;Busca e apreensão;AgroVale Ltda.;TechBrasil S.A.
P-05903;Trabalhista;GlobalTech Corp.;Estado de Santa Aurora
P-05904;Busca e apreensão;GlobalTech Corp.;Fernanda Costa
P-05905;Execução de alimentos;Prefeitura Municipal de Nova Esperança;AgroVale Ltda.
P-05906;Trabalhista;Prefeitura Municipal de Nova Esperança;Juliana Rocha
P-05907;Execução de título extrajudicial;Secretaria de Saúde de Santa Clara;Ricardo Almeida
P-05908;Execução de título extrajudicial;Ricardo Almeida;Ana Paula Lima
P-05909;Inventário e partilha;Fernanda Costa;AgroVale Ltda.
P-05910;Execução Fiscal;Prefeitura Municipal de Nova Esperança;Pedro Henrique Santos
P-05911;Falência e Recuperação Judicial;Estado de Santa Aurora;AgroVale Ltda.
P-05912;Trabalhista;Carlos Souza;Juliana Rocha
P-05913;Falência e Recuperação Judicial;Instituto Nacional de Energia Renovável;TechBrasil S.A.
P-05914;Execução Fiscal;Instituto Nacional de Energia Renovável;Prefeitura Municipal de Nova Esperança
P-05915;Execução de alimentos;João da Silva;AgroVale Ltda.
P-05916;Execução de alimentos;Estado de Santa Aurora;Construtora Nova Era Ltda.
P-05917;Execução Cível;GlobalTech Corp.;Carlos Souza
P-05918;Execução Cível;TechBrasil S.A.;Secretaria de Saúde de Santa Clara
P-05919;Trabalhista;Carlos Souza;Pedro Henrique Santos
P-05920;Execução de título extrajudicial;Construtora Nova Era Ltda.;Juliana Rocha
P-05921;Ações hipotecárias;Construtora Nova Era Ltda.;Secretaria de Saúde de Santa Clara
P-05922;Falência e Recuperação Judicial;Prefeitura Municipal de Nova Esperança;Pedro Henrique Santos
P-05923;Inventário e partilha;Carlos Souza;Pedro Henrique Santos
P-05924;Trabalhista;Ana Paula Lima;AgroVale Ltda.
P-05925;Ações hipotecárias;Pedro Henrique Santos;Pedro Henrique Santos
P-05926;Busca e apreensão;Maria Oliveira;Pedro Henrique Santos
P-05927;Execução Fiscal;Secretaria de Saúde de Santa Clara;AgroVale Ltda.
P-05928;Execução Fiscal;Instituto Nacional de Energia Renovável;Secretaria de Saúde de Santa Clara
P-05929;Execução de alimentos;Oficina Mecânica do Zé;TechBrasil S.A.
P-05930;Busca e apreensão;Secretaria de Saúde de Santa Clara;GlobalTech Corp.
P-05931;Ações hipotecárias;João da Silva;Secretaria de Saúde de Santa Clara
P-05932;Execução de título extrajudicial;Prefeitura Municipal de Nova Esperança;Estado de Santa Aurora
P-05933;Inventário e partilha;Instituto Nacional de Energia Renovável;Instituto Nacional de Energia Renovável
P-05934;Ações hipotecárias;Ricardo Almeida;GlobalTech Corp.
P-05935;Falência e Recuperação Judicial;Instituto Nacional de Energia Renovável;João da Silva
P-05936;Extinção de condomínio;Oficina Mecânica do Zé;João da Silva
P-05937;Execução de título extrajudicial;Carlos Souza;Construtora Nova Era Ltda.
P-05938;Execução de alimentos;Fernanda Costa;Maria Oliveira
P-05939;Execução de alimentos;Maria Oliveira;TechBrasil S.A.
P-05940;Execução Cível;Construtora Nova Era Ltda.;Fernanda Costa
P-05941;Extinção de condomínio;Pedro Henrique Santos;Construtora Nova Era Ltda.
P-05942;Falência e Recuperação Judicial;Prefeitura Municipal de Nova Esperança;Carlos Souza
P-05943;Busca e apreensão;Ricardo Almeida;Secretaria de Saúde de Santa Clara
P-05944;Busca e apreensão;João da Silva;Secretaria de Saúde de Santa Clara
P-05945;Busca e apreensão;Estado de Santa Aurora;Ana Paula Lima
P-05946;Trabalhista;Prefeitura Municipal de Nova Esperança;Construtora Nova Era Ltda.
P-05947;Inventário e partilha;Prefeitura Municipal de Nova Esperança;Maria Oliveira
P-05948;Extinção de condomínio;Ricardo Almeida;Pedro Henrique Santos
P-05949;Execução Cível;Ricardo Almeida;GlobalTech Corp.
P-05950;Busca e apreensão;Instituto Nacional de Energia Renovável;Prefeitura Municipal de Nova Esperança
P-05951;Trabalhista;Maria Oliveira;Maria Oliveira
P-05952;Inventário e partilha;Ricardo Almeida;Ricardo Almeida
P-05953;Trabalhista;TechBrasil S.A.;Pedro Henrique Santos
P-05954;Inventário e partilha;GlobalTech Corp.;Estado de Santa Aurora
P-05955;Execução de título extrajudicial;Ana Paula Lima;Ana Paula Lima
P-05956;Execução de alimentos;Maria Oliveira;Carlos Souza
P-05957;Extinção de condomínio;Oficina Mecânica do Zé;Pedro Henrique Santos
P-05958;Execução Cível;GlobalTech Corp.;Construtora Nova Era Ltda.
P-05959;Trabalhista;Secretaria de Saúde de Santa Clara;Ricardo Almeida
P-05960;Execução de título extrajudicial;Construtora Nova Era Ltda.;Ricardo Almeida
P-05961;Ações hipotecárias;Fernanda Costa;Ricardo Almeida
P-05962;Execução Cível;GlobalTech Corp.;Oficina Mecânica do Zé
P-05963;Ações hipotecárias;TechBrasil S.A.;Construtora Nova Era Ltda.
P-05964;Ações hipotecárias;Pedro Henrique Santos;Ricardo Almeida
P-05965;Ações hipotecárias;Pedro Henrique Santos;Juliana Rocha
P-05966;Inventário e partilha;Ricardo Almeida;GlobalTech Corp.
P-05967;Falência e Recuperação Judicial;Instituto Nacional de Energia Renovável;Oficina Mecânica do Zé
P-05968;Busca e apreensão;Carlos Souza;Ana Paula Lima
P-05969;Busca e apreensão;João da Silva;Instituto Nacional de Energia Renovável
P-05970;Falência e Recuperação Judicial;Prefeitura Municipal de Nova Esperança;AgroVale Ltda.
P-05971;Execução de título extrajudicial;Estado de Santa Aurora;Ana Paula Lima
P-05972;Extinção de condomínio;Maria Oliveira;TechBrasil S.A.
P-05973;Execução de alimentos;Instituto Nacional de Energia Renovável;Fernanda Costa
P-05974;Ações hipotecárias;João da Silva;Instituto Nacional de Energia Renovável
P-05975;Busca e apreensão;Instituto Nacional de Energia Renovável;Carlos Souza
P-05976;Execução Fiscal;Secretaria de Saúde de Santa Clara;GlobalTech Corp.
P-05977;Ações hipotecárias;Carlos Souza;Ana Paula Lima
P-05978;Busca e apreensão;Maria Oliveira;Construtora Nova Era Ltda.
P-05979;Execução de alimentos;Ricardo Almeida;Secretaria de Saúde de Santa Clara
P-05980;Ações hipotecárias;TechBrasil S.A.;AgroVale Ltda.
P-05981;Ações hipotecárias;Ana Paula Lima;Instituto Nacional de Energia Renovável
P-05982;Inventário e partilha;Ana Paula Lima;AgroVale Ltda.
P-05983;Execução de título extrajudicial;AgroVale Ltda.;Juliana Rocha
P-05984;Trabalhista;Estado de Santa Aurora;Ana Paula Lima
P-05985;Execução de alimentos;Carlos Souza;AgroVale Ltda.
P-05986;Busca e apreensão;Estado de Santa Aurora;Carlos Souza
P-05987;Execução de alimentos;Juliana Rocha;Ricardo Almeida
P-05988;Falência e Recuperação Judicial;Estado de Santa Aurora;Construtora Nova Era Ltda.
P-05989;Execução de título extrajudicial;Ana Paula Lima;Instituto Nacional de Energia Renovável
P-05990;Execução Cível;Ricardo Almeida;GlobalTech Corp.
P-05991;Busca e apreensão;Fernanda Costa;Ricardo Almeida
P-05992;Trabalhista;Instituto Nacional de Energia Renovável;Ana Paula Lima
P-05993;Falência e Recuperação Judicial;Prefeitura Municipal de Nova Esperança;AgroVale Ltda.
P-05994;Ações hipotecárias;Instituto Nacional de Energia Renovável;Carlos Souza
P-05995;Execução de alimentos;Juliana Rocha;Prefeitura Municipal de Nova Esperança
P-05996;Trabalhista;Oficina Mecânica do Zé;Secretaria de Saúde de Santa Clara
P-05997;Execução de alimentos;Prefeitura Municipal de Nova Esperança;Secretaria de Saúde de Santa Clara
P-05998;Execução de título extrajudicial;Fernanda Costa;Fernanda Costa
P-05999;Execução Fiscal;Prefeitura Municipal de Nova Esperança;Prefeitura Municipal de Nova Esperança
P-06000;Execução Cível;João da Silva;Ana Paula Lima
P-06001;Execução Cível;Juliana Rocha;AgroVale Ltda.
P-06002;Busca e apreensão;Construtora Nova Era Ltda.;Estado de Santa Aurora
P-06003;Extinção de condomínio;Oficina Mecânica do Zé;Carlos Souza
P-06004;Execução de alimentos;Secretaria de Saúde de Santa Clara;Juliana Rocha
P-06005;Execução de título extrajudicial;GlobalTech Corp.;Instituto Nacional de Energia Renovável
P-06006;Trabalhista;GlobalTech Corp.;João da Silva
P-06007;Execução de título extrajudicial;Maria Oliveira;TechBrasil S.A.
P-06008;Inventário e partilha;Ana Paula Lima;João da Silva
P-06009;Falência e Recuperação Judicial;Prefeitura Municipal de Nova Esperança;TechBrasil S.A.
P-06010;Execução Fiscal;Estado de Santa Aurora;Oficina Mecânica do Zé
P-06011;Busca e apreensão;Pedro Henrique Santos;AgroVale Ltda.
P-06012;Execução Cível;Carlos Souza;Ricardo Almeida
P-06013;Execução Cível;Oficina Mecânica do Zé;Juliana Rocha
P-06014;Trabalhista;AgroVale Ltda.;Instituto Nacional de Energia Renovável
P-06015;Falência e Recuperação Judicial;Prefeitura Municipal de Nova Esperança;Maria Oliveira
P-06016;Busca e apreensão;Secretaria de Saúde de Santa Clara;Secretaria de Saúde de Santa Clara
P-06017;Execução Fiscal;Instituto Nacional de Energia Renovável;Construtora Nova Era Ltda.
P-06018;Execução Cível;TechBrasil S.A.;AgroVale Ltda.
P-06019;Execução de alimentos;Carlos Souza;Instituto Nacional de Energia Renovável
P-06020;Extinção de condomínio;Secretaria de Saúde de Santa Clara;Prefeitura Municipal de Nova Esperança
P-06021;Execução de alimentos;Ana Paula Lima;Secretaria de Saúde de Santa Clara
P-06022;Inventário e partilha;Construtora Nova Era Ltda.;Ana Paula Lima
P-06023;Execução Cível;Ana Paula Lima;TechBrasil S.A.
P-06024;Falência e Recuperação Judicial;Prefeitura Municipal de Nova Esperança;Instituto Nacional de Energia Renovável
P-06025;Inventário e partilha;Instituto Nacional de Energia Renovável;Carlos Souza
P-06026;Trabalhista;Construtora Nova Era Ltda.;Carlos Souza
P-06027;Trabalhista;Oficina Mecânica do Zé;Secretaria de Saúde de Santa Clara
P-06028;Inventário e partilha;Estado de Santa Aurora;Juliana Rocha
P-06029;Busca e apreensão;Secretaria de Saúde de Santa Clara;Estado de Santa Aurora
P-06030;Trabalhista;GlobalTech Corp.;Construtora Nova Era Ltda.
P-06031;Extinção de condomínio;Ricardo Almeida;GlobalTech Corp.
P-06032;Falência e Recuperação Judicial;Estado de Santa Aurora;AgroVale Ltda.
P-06033;Ações hipotecárias;Construtora Nova Era Ltda.;TechBrasil S.A.
P-06034;Ações hipotecárias;Oficina Mecânica do Zé;Ricardo Almeida
P-06035;Trabalhista;GlobalTech Corp.;Ricardo Almeida
P-06036;Execução Cível;Construtora Nova Era Ltda.;Secretaria de Saúde de Santa Clara
P-06037;Busca e apreensão;Prefeitura Municipal de Nova Esperança;Secretaria de Saúde de Santa Clara
P-06038;Ações hipotecárias;Ricardo Almeida;Carlos Souza
P-06039;Extinção de condomínio;Oficina Mecânica do Zé;Maria Oliveira
P-06040;Busca e apreensão;João da Silva;TechBrasil S.A.
P-06041;Extinção de condomínio;Fernanda Costa;Pedro Henrique Santos
P-06042;Ações hipotecárias;Estado de Santa Aurora;Secretaria de Saúde de Santa Clara
P-06043;Falência e Recuperação Judicial;Prefeitura Municipal de Nova Esperança;GlobalTech Corp.
P-06044;Execução Cível;AgroVale Ltda.;Estado de Santa Aurora
P-06045;Busca e apreensão;Prefeitura Municipal de Nova Esperança;Pedro Henrique Santos
P-06046;Busca e apreensão;Secretaria de Saúde de Santa Clara;Carlos Souza
P-06047;Trabalhista;Oficina Mecânica do Zé;Carlos Souza
P-06048;Ações hipotecárias;Carlos Souza;Ana Paula Lima
P-06049;Falência e Recuperação Judicial;Instituto Nacional de Energia Renovável;Secretaria de Saúde de Santa Clara
P-06050;Trabalhista;Ana Paula Lima;Pedro Henrique Santos
P-06051;Ações hipotecárias;AgroVale Ltda.;Ricardo Almeida
P-06052;Execução de alimentos;TechBrasil S.A.;GlobalTech Corp.
P-06053;Execução de título extrajudicial;Construtora Nova Era Ltda.;Secretaria de Saúde de Santa Clara
P-06054;Execução Cível;Pedro Henrique Santos;Fernanda Costa
P-06055;Trabalhista;GlobalTech Corp.;Pedro Henrique Santos
P-06056;Execução Fiscal;Instituto Nacional de Energia Renovável;AgroVale Ltda.
P-06057;Extinção de condomínio;Instituto Nacional de Energia Renovável;João da Silva
P-06058;Execução de alimentos;Juliana Rocha;Oficina Mecânica do Zé
P-06059;Busca e apreensão;Construtora Nova Era Ltda.;Estado de Santa Aurora
P-06060;Execução Cível;GlobalTech Corp.;GlobalTech Corp.
P-06061;Extinção de condomínio;Fernanda Costa;TechBrasil S.A.
P-06062;Falência e Recuperação Judicial;Instituto Nacional de Energia Renovável;Instituto Nacional de Energia Renovável
P-06063;Ações hipotecárias;João da Silva;Instituto Nacional de Energia Renovável
P-06064;Busca e apreensão;Construtora Nova Era Ltda.;Maria Oliveira
P-06065;Execução Cível;Ricardo Almeida;Instituto Nacional de Energia Renovável
P-06066;Execução de título extrajudicial;AgroVale Ltda.;GlobalTech Corp.
P-06067;Busca e apreensão;Juliana Rocha;Ana Paula Lima
P-06068;Execução Cível;TechBrasil S.A.;Estado de Santa Aurora
P-06069;Extinção de condomínio;Ana Paula Lima;Prefeitura Municipal de Nova Esperança
P-06070;Ações hipotecárias;AgroVale Ltda.;AgroVale Ltda.
P-06071;Trabalhista;Instituto Nacional de Energia Renovável;João da Silva
P-06072;Execução Fiscal;Estado de Santa Aurora;Construtora Nova Era Ltda.
P-06073;Ações hipotecárias;Maria Oliveira;Estado de Santa Aurora
P-06074;Execução Fiscal;Estado de Santa Aurora;TechBrasil S.A.
P-06075;Busca e apreensão;TechBrasil S.A.;João da Silva
P-06076;Execução Fiscal;Estado de Santa Aurora;Ana Paula Lima
P-06077;Extinção de condomínio;Construtora Nova Era Ltda.;Instituto Nacional de Energia Renovável
P-06078;Execução Cível;TechBrasil S.A.;Secretaria de Saúde de Santa Clara
P-06079;Execução de título extrajudicial;Secretaria de Saúde de Santa Clara;Estado de Santa Aurora
P-06080;Execução Cível;Fernanda Costa;GlobalTech Corp.
P-06081;Falência e Recuperação Judicial;Prefeitura Municipal de Nova Esperança;TechBrasil S.A.
P-06082;Inventário e partilha;Carlos Souza;Pedro Henrique Santos
P-06083;Falência e Recuperação Judicial;Instituto Nacional de Energia Renovável;Juliana Rocha
P-06084;Inventário e partilha;Juliana Rocha;Fernanda Costa
P-06085;Execução Cível;Juliana Rocha;Fernanda Costa
P-06086;Busca e apreensão;Ricardo Almeida;Pedro Henrique Santos
P-06087;Ações hipotecárias;Estado de Santa Aurora;Instituto Nacional de Energia Renovável
P-06088;Ações hipotecárias;Ricardo Almeida;Pedro Henrique Santos
P-06089;Busca e apreensão;GlobalTech Corp.;Oficina Mecânica do Zé
P-06090;Extinção de condomínio;Secretaria de Saúde de Santa Clara;Instituto Nacional de Energia Renovável
P-06091;Trabalhista;Prefeitura Municipal de Nova Esperança;Carlos Souza
P-06092;Busca e apreensão;Maria Oliveira;Secretaria de Saúde de Santa Clara
P-06093;Execução Fiscal;Instituto Nacional de Energia Renovável;Fernanda Costa
P-06094;Extinção de condomínio;Carlos Souza;TechBrasil S.A.
P-06095;Ações hipotecárias;Oficina Mecânica do Zé;Estado de Santa Aurora
P-06096;Trabalhista;AgroVale Ltda.;TechBrasil S.A.
P-06097;Execução de alimentos;AgroVale Ltda.;AgroVale Ltda.
P-06098;Execução de alimentos;Juliana Rocha;Fernanda Costa
P-06099;Ações hipotecárias;Secretaria de Saúde de Santa Clara;Oficina Mecânica do Zé
P-06100;Ações hipotecárias;Maria Oliveira;Construtora Nova Era Ltda.
P-06101;Extinção de condomínio;Juliana Rocha;AgroVale Ltda.
P-06102;Execução de título extrajudicial;Juliana Rocha;TechBrasil S.A.
P-06103;Busca e apreensão;Secretaria de Saúde de Santa Clara;Estado de Santa Aurora
P-06104;Ações hipotecárias;Secretaria de Saúde de Santa Clara;Ricardo Almeida
P-06105;Execução de título extrajudicial;Construtora Nova Era Ltda.;AgroVale Ltda.
P-06106;Inventário e partilha;Fernanda Costa;Construtora Nova Era Ltda.
P-06107;Busca e apreensão;Oficina Mecânica do Zé;Estado de Santa Aurora
P-06108;Trabalhista;GlobalTech Corp.;Ricardo Almeida
P-06109;Execução Fiscal;Estado de Santa Aurora;Ana Paula Lima
P-06110;Trabalhista;Estado de Santa Aurora;TechBrasil S.A.
P-06111;Falência e Recuperação Judicial;Prefeitura Municipal de Nova Esperança;Carlos Souza
P-06112;Extinção de condomínio;Maria Oliveira;Secretaria de Saúde de Santa Clara
P-06113;Execução Fiscal;Estado de Santa Aurora;GlobalTech Corp.
P-06114;Execução Cível;Juliana Rocha;Maria Oliveira
P-06115;Execução de título extrajudicial;Construtora Nova Era Ltda.;GlobalTech Corp.
P-06116;Execução Cível;Pedro Henrique Santos;João da Silva
P-06117;Ações hipotecárias;Estado de Santa Aurora;Maria Oliveira
P-06118;Inventário e partilha;Secretaria de Saúde de Santa Clara;Ana Paula Lima
P-06119;Falência e Recuperação Judicial;Secretaria de Saúde de Santa Clara;Instituto Nacional de Energia Renovável
P-06120;Extinção de condomínio;Fernanda Costa;Estado de Santa Aurora
P-06121;Execução Cível;Ana Paula Lima;GlobalTech Corp.
P-06122;Falência e Recuperação Judicial;Prefeitura Municipal de Nova Esperança;AgroVale Ltda.
P-06123;Extinção de condomínio;Estado de Santa Aurora;Pedro Henrique Santos
P-06124;Execução de título extrajudicial;Juliana Rocha;Pedro Henrique Santos
P-06125;Execução de título extrajudicial;AgroVale Ltda.;Fernanda Costa
P-06126;Ações hipotecárias;Maria Oliveira;Pedro Henrique Santos
P-06127;Busca e apreensão;AgroVale Ltda.;TechBrasil S.A.
P-06128;Execução de alimentos;Secretaria de Saúde de Santa Clara;Carlos Souza
P-06129;Ações hipotecárias;GlobalTech Corp.;Fernanda Costa
P-06130;Extinção de condomínio;Prefeitura Municipal de Nova Esperança;Carlos Souza
P-06131;Extinção de condomínio;GlobalTech Corp.;Juliana Rocha
P-06132;Execução Cível;Instituto Nacional de Energia Renovável;Secretaria de Saúde de Santa Clara
P-06133;Execução de título extrajudicial;GlobalTech Corp.;Fernanda Costa
P-06134;Execução Fiscal;Estado de Santa Aurora;Ana Paula Lima
P-06135;Ações hipotecárias;Oficina Mecânica do Zé;Oficina Mecânica do Zé
P-06136;Trabalhista;Maria Oliveira;Oficina Mecânica do Zé
P-06137;Falência e Recuperação Judicial;Prefeitura Municipal de Nova Esperança;Juliana Rocha
P-06138;Busca e apreensão;Prefeitura Municipal de Nova Esperança;Construtora Nova Era Ltda.
P-06139;Execução Fiscal;Instituto Nacional de Energia Renovável;GlobalTech Corp.
P-06140;Execução Fiscal;Estado de Santa Aurora;TechBrasil S.A.
P-06141;Ações hipotecárias;Prefeitura Municipal de Nova Esperança;Fernanda Costa
P-06142;Inventário e partilha;TechBrasil S.A.;Ana Paula Lima
P-06143;Execução de título extrajudicial;GlobalTech Corp.;Instituto Nacional de Energia Renovável
P-06144;Extinção de condomínio;Secretaria de Saúde de Santa Clara;João da Silva
P-06145;Inventário e partilha;Juliana Rocha;Ricardo Almeida
P-06146;Execução Fiscal;Prefeitura Municipal de Nova Esperança;TechBrasil S.A.
P-06147;Execução de título extrajudicial;João da Silva;Estado de Santa Aurora
P-06148;Busca e apreensão;Prefeitura Municipal de Nova Esperança;Ana Paula Lima
P-06149;Ações hipotecárias;Ricardo Almeida;João da Silva
P-06150;Ações hipotecárias;João da Silva;Construtora Nova Era Ltda.
P-06151;Ações hipotecárias;GlobalTech Corp.;TechBrasil S.A.
P-06152;Falência e Recuperação Judicial;Secretaria de Saúde de Santa Clara;Instituto Nacional de Energia Renovável
P-06153;Execução de título extrajudicial;Juliana Rocha;Ricardo Almeida
P-06154;Extinção de condomínio;Maria Oliveira;Carlos Souza
P-06155;Execução de título extrajudicial;Prefeitura Municipal de Nova Esperança;AgroVale Ltda.
P-06156;Ações hipotecárias;Maria Oliveira;Juliana Rocha
P-06157;Ações hipotecárias;Fernanda Costa;Fernanda Costa
P-06158;Extinção de condomínio;Juliana Rocha;Juliana Rocha
P-06159;Execução Fiscal;Instituto Nacional de Energia Renovável;Prefeitura Municipal de Nova Esperança
P-06160;Execução de alimentos;Secretaria de Saúde de Santa Clara;Oficina Mecânica do Zé
P-06161;Extinção de condomínio;TechBrasil S.A.;Oficina Mecânica do Zé
P-06162;Trabalhista;Estado de Santa Aurora;Pedro Henrique Santos
P-06163;Trabalhista;Estado de Santa Aurora;GlobalTech Corp.
P-06164;Execução Cível;Carlos Souza;AgroVale Ltda.
P-06165;Ações hipotecárias;TechBrasil S.A.;João da Silva
P-06166;Busca e apreensão;Carlos Souza;Construtora Nova Era Ltda.
P-06167;Execução Fiscal;Secretaria de Saúde de Santa Clara;GlobalTech Corp.
P-06168;Falência e Recuperação Judicial;Estado de Santa Aurora;Juliana Rocha
P-06169;Inventário e partilha;TechBrasil S.A.;Maria Oliveira
P-06170;Execução de alimentos;Juliana Rocha;TechBrasil S.A.
P-06171;Execução de alimentos;Carlos Souza;Secretaria de Saúde de Santa Clara
P-06172;Inventário e partilha;Instituto Nacional de Energia Renovável;Ricardo Almeida
P-06173;Ações hipotecárias;Carlos Souza;Prefeitura Municipal de Nova Esperança
P-06174;Extinção de condomínio;João da Silva;Ricardo Almeida
P-06175;Falência e Recuperação Judicial;Instituto Nacional de Energia Renovável;Ricardo Almeida
P-06176;Falência e Recuperação Judicial;Estado de Santa Aurora;Pedro Henrique Santos
P-06177;Execução de título extrajudicial;Pedro Henrique Santos;Fernanda Costa
P-06178;Busca e apreensão;Juliana Rocha;AgroVale Ltda.
P-06179;Execução Fiscal;Instituto Nacional de Energia Renovável;Construtora Nova Era Ltda.
P-06180;Execução de título extrajudicial;Carlos Souza;Oficina Mecânica do Zé
P-06181;Execução Cível;Oficina Mecânica do Zé;Construtora Nova Era Ltda.
P-06182;Trabalhista;João da Silva;Oficina Mecânica do Zé
P-06183;Execução de título extrajudicial;Instituto Nacional de Energia Renovável;Ricardo Almeida
P-06184;Inventário e partilha;Maria Oliveira;GlobalTech Corp.
P-06185;Execução Cível;Ricardo Almeida;Juliana Rocha
P-06186;Busca e apreensão;Estado de Santa Aurora;Juliana Rocha
P-06187;Execução Fiscal;Estado de Santa Aurora;Juliana Rocha
P-06188;Trabalhista;GlobalTech Corp.;Pedro Henrique Santos
P-06189;Execução Fiscal;Instituto Nacional de Energia Renovável;Construtora Nova Era Ltda.
P-06190;Ações hipotecárias;Carlos Souza;Juliana Rocha
P-06191;Inventário e partilha;Fernanda Costa;Oficina Mecânica do Zé
P-06192;Execução Cível;Instituto Nacional de Energia Renovável;GlobalTech Corp.
P-06193;Execução de alimentos;Maria Oliveira;Estado de Santa Aurora
P-06194;Trabalhista;Ana Paula Lima;João da Silva
P-06195;Falência e Recuperação Judicial;Prefeitura Municipal de Nova Esperança;Instituto Nacional de Energia Renovável
P-06196;Execução de alimentos;Juliana Rocha;Ana Paula Lima
P-06197;Execução de alimentos;Juliana Rocha;João da Silva
P-06198;Execução de alimentos;Estado de Santa Aurora;TechBrasil S.A.
P-06199;Execução de título extrajudicial;Instituto Nacional de Energia Renovável;AgroVale Ltda.
P-06200;Execução Fiscal;Secretaria de Saúde de Santa Clara;Carlos Souza
P-06201;Inventário e partilha;Construtora Nova Era Ltda.;João da Silva
P-06202;Inventário e partilha;Construtora Nova Era Ltda.;Fernanda Costa
P-06203;Falência e Recuperação Judicial;Prefeitura Municipal de Nova Esperança;Pedro Henrique Santos
P-06204;Busca e apreensão;Fernanda Costa;Oficina Mecânica do Zé
P-06205;Inventário e partilha;Oficina Mecânica do Zé;Secretaria de Saúde de Santa Clara
P-06206;Execução Fiscal;Secretaria de Saúde de Santa Clara;Estado de Santa Aurora
P-06207;Execução Cível;Ricardo Almeida;Carlos Souza
P-06208;Trabalhista;João da Silva;Juliana Rocha
P-06209;Execução de título extrajudicial;Prefeitura Municipal de Nova Esperança;AgroVale Ltda.
P-06210;Execução Cível;Construtora Nova Era Ltda.;Juliana Rocha
P-06211;Execução Fiscal;Estado de Santa Aurora;Construtora Nova Era Ltda.
P-06212;Execução Cível;AgroVale Ltda.;Carlos Souza
P-06213;Busca e apreensão;João da Silva;Ricardo Almeida
P-06214;Execução Fiscal;Instituto Nacional de Energia Renovável;Oficina Mecânica do Zé
P-06215;Falência e Recuperação Judicial;Estado de Santa Aurora;Ana Paula Lima
P-06216;Extinção de condomínio;Carlos Souza;Juliana Rocha
P-06217;Busca e apreensão;Oficina Mecânica do Zé;AgroVale Ltda.
P-06218;Ações hipotecárias;AgroVale Ltda.;Construtora Nova Era Ltda.
P-06219;Execução de alimentos;Fernanda Costa;TechBrasil S.A.
P-06220;Trabalhista;Maria Oliveira;Construtora Nova Era Ltda.
P-06221;Ações hipotecárias;Ana Paula Lima;AgroVale Ltda.
P-06222;Inventário e partilha;Construtora Nova Era Ltda.;Estado de Santa Aurora
P-06223;Ações hipotecárias;Carlos Souza;Pedro Henrique Santos
P-06224;Falência e Recuperação Judicial;Prefeitura Municipal de Nova Esperança;GlobalTech Corp.
P-06225;Ações hipotecárias;Ana Paula Lima;Secretaria de Saúde de Santa Clara
P-06226;Inventário e partilha;Construtora Nova Era Ltda.;AgroVale Ltda.
P-06227;Execução Cível;Pedro Henrique Santos;Ana Paula Lima
P-06228;Execução de alimentos;Ana Paula Lima;Oficina Mecânica do Zé
P-06229;Execução de alimentos;Juliana Rocha;Maria Oliveira
P-06230;Ações hipotecárias;Secretaria de Saúde de Santa Clara;Estado de Santa Aurora
P-06231;Execução Fiscal;Prefeitura Municipal de Nova Esperança;Prefeitura Municipal de Nova Esperança
P-06232;Trabalhista;Fernanda Costa;Instituto Nacional de Energia Renovável
P-06233;Ações hipotecárias;João da Silva;Secretaria de Saúde de Santa Clara
P-06234;Falência e Recuperação Judicial;Estado de Santa Aurora;AgroVale Ltda.
P-06235;Execução Cível;Ana Paula Lima;Juliana Rocha
P-06236;Extinção de condomínio;TechBrasil S.A.;Ricardo Almeida
P-06237;Falência e Recuperação Judicial;Estado de Santa Aurora;Instituto Nacional de Energia Renovável
P-06238;Execução Cível;Secretaria de Saúde de Santa Clara;GlobalTech Corp.
P-06239;Trabalhista;Prefeitura Municipal de Nova Esperança;Pedro Henrique Santos
P-06240;Extinção de condomínio;Ana Paula Lima;Maria Oliveira
P-06241;Execução de alimentos;Estado de Santa Aurora;GlobalTech Corp.
P-06242;Busca e apreensão;AgroVale Ltda.;Construtora Nova Era Ltda.
P-06243;Inventário e partilha;Ana Paula Lima;Carlos Souza
P-06244;Ações hipotecárias;Ricardo Almeida;Fernanda Costa
P-06245;Inventário e partilha;TechBrasil S.A.;GlobalTech Corp.
P-06246;Ações hipotecárias;Maria Oliveira;João da Silva
P-06247;Extinção de condomínio;Construtora Nova Era Ltda.;Prefeitura Municipal de Nova Esperança
P-06248;Busca e apreensão;Estado de Santa Aurora;Maria Oliveira
P-06249;Execução de título extrajudicial;Maria Oliveira;Pedro Henrique Santos
P-06250;Execução Cível;TechBrasil S.A.;Maria Oliveira
P-06251;Execução Fiscal;Secretaria de Saúde de Santa Clara;Oficina Mecânica do Zé
P-06252;Trabalhista;Maria Oliveira;Instituto Nacional de Energia Renovável
P-06253;Trabalhista;Construtora Nova Era Ltda.;Carlos Souza
P-06254;Execução de título extrajudicial;Pedro Henrique Santos;Secretaria de Saúde de Santa Clara
P-06255;Ações hipotecárias;AgroVale Ltda.;Carlos Souza
P-06256;Inventário e partilha;Construtora Nova Era Ltda.;João da Silva
P-06257;Extinção de condomínio;Fernanda Costa;Prefeitura Municipal de Nova Esperança
P-06258;Ações hipotecárias;Maria Oliveira;Construtora Nova Era Ltda.
P-06259;Inventário e partilha;Oficina Mecânica do Zé;Instituto Nacional de Energia Renovável
P-06260;Busca e apreensão;Oficina Mecânica do Zé;Prefeitura Municipal de Nova Esperança
P-06261;Execução de título extrajudicial;Ana Paula Lima;Juliana Rocha
P-06262;Falência e Recuperação Judicial;Prefeitura Municipal de Nova Esperança;Construtora Nova Era Ltda.
P-06263;Inventário e partilha;Oficina Mecânica do Zé;Fernanda Costa
P-06264;Execução Cível;GlobalTech Corp.;Construtora Nova Era Ltda.
P-06265;Trabalhista;Prefeitura Municipal de Nova Esperança;TechBrasil S.A.
P-06266;Inventário e partilha;Estado de Santa Aurora;Secretaria de Saúde de Santa Clara
P-06267;Execução de título extrajudicial;Secretaria de Saúde de Santa Clara;Prefeitura Municipal de Nova Esperança
P-06268;Inventário e partilha;Instituto Nacional de Energia Renovável;Carlos Souza
P-06269;Inventário e partilha;TechBrasil S.A.;GlobalTech Corp.
P-06270;Busca e apreensão;Fernanda Costa;Juliana Rocha
P-06271;Trabalhista;Oficina Mecânica do Zé;Oficina Mecânica do Zé
P-06272;Execução Cível;GlobalTech Corp.;Ricardo Almeida
P-06273;Trabalhista;Pedro Henrique Santos;Ana Paula Lima
P-06274;Ações hipotecárias;Instituto Nacional de Energia Renovável;Pedro Henrique Santos
P-06275;Execução Fiscal;Secretaria de Saúde de Santa Clara;Maria Oliveira
P-06276;Extinção de condomínio;AgroVale Ltda.;Estado de Santa Aurora
P-06277;Busca e apreensão;Maria Oliveira;Construtora Nova Era Ltda.
P-06278;Ações hipotecárias;GlobalTech Corp.;Prefeitura Municipal de Nova Esperança
P-06279;Ações hipotecárias;Maria Oliveira;AgroVale Ltda.
P-06280;Falência e Recuperação Judicial;Instituto Nacional de Energia Renovável;Instituto Nacional de Energia Renovável
P-06281;Ações hipotecárias;Carlos Souza;Oficina Mecânica do Zé
P-06282;Busca e apreensão;Prefeitura Municipal de Nova Esperança;Ana Paula Lima
P-06283;Trabalhista;Instituto Nacional de Energia Renovável;Estado de Santa Aurora
P-06284;Execução Fiscal;Secretaria de Saúde de Santa Clara;João da Silva
P-06285;Execução de alimentos;Construtora Nova Era Ltda.;Ana Paula Lima
P-06286;Extinção de condomínio;Maria Oliveira;Ana Paula Lima
P-06287;Trabalhista;Secretaria de Saúde de Santa Clara;GlobalTech Corp.
P-06288;Busca e apreensão;Fernanda Costa;Prefeitura Municipal de Nova Esperança
P-06289;Execução de título extrajudicial;TechBrasil S.A.;Secretaria de Saúde de Santa Clara
P-06290;Trabalhista;Instituto Nacional de Energia Renovável;GlobalTech Corp.
P-06291;Inventário e partilha;GlobalTech Corp.;João da Silva
P-06292;Extinção de condomínio;Ana Paula Lima;Maria Oliveira
P-06293;Busca e apreensão;João da Silva;Oficina Mecânica do Zé
P-06294;Execução de alimentos;Pedro Henrique Santos;Ricardo Almeida
P-06295;Execução Fiscal;Prefeitura Municipal de Nova Esperança;Instituto Nacional de Energia Renovável
P-06296;Execução de título extrajudicial;Oficina Mecânica do Zé;Ana Paula Lima
P-06297;Busca e apreensão;Prefeitura Municipal de Nova Esperança;Carlos Souza
P-06298;Execução Cível;Juliana Rocha;Pedro Henrique Santos
P-06299;Trabalhista;João da Silva;Pedro Henrique Santos
P-06300;Trabalhista;Ana Paula Lima;Fernanda Costa
P-06301;Inventário e partilha;Oficina Mecânica do Zé;Carlos Souza
P-06302;Execução de alimentos;Ricardo Almeida;GlobalTech Corp.
P-06303;Trabalhista;Pedro Henrique Santos;Oficina Mecânica do Zé
P-06304;Busca e apreensão;AgroVale Ltda.;Secretaria de Saúde de Santa Clara
P-06305;Falência e Recuperação Judicial;Secretaria de Saúde de Santa Clara;Construtora Nova Era Ltda.
P-06306;Execução Fiscal;Instituto Nacional de Energia Renovável;Carlos Souza
P-06307;Execução Fiscal;Prefeitura Municipal de Nova Esperança;Construtora Nova Era Ltda.
P-06308;Ações hipotecárias;Estado de Santa Aurora;Construtora Nova Era Ltda.
P-06309;Busca e apreensão;Fernanda Costa;Secretaria de Saúde de Santa Clara
P-06310;Execução Fiscal;Instituto Nacional de Energia Renovável;Fernanda Costa
P-06311;Execução Cível;Estado de Santa Aurora;GlobalTech Corp.
P-06312;Execução Fiscal;Estado de Santa Aurora;GlobalTech Corp.
P-06313;Execução Fiscal;Prefeitura Municipal de Nova Esperança;TechBrasil S.A.
P-06314;Ações hipotecárias;Ricardo Almeida;Estado de Santa Aurora
P-06315;Execução Fiscal;Estado de Santa Aurora;Maria Oliveira
P-06316;Execução de título extrajudicial;Construtora Nova Era Ltda.;João da Silva
P-06317;Busca e apreensão;Estado de Santa Aurora;Pedro Henrique Santos
P-06318;Trabalhista;Instituto Nacional de Energia Renovável;Prefeitura Municipal de Nova Esperança
P-06319;Execução Fiscal;Estado de Santa Aurora;João da Silva
P-06320;Falência e Recuperação Judicial;Prefeitura Municipal de Nova Esperança;Prefeitura Municipal de Nova Esperança
P-06321;Falência e Recuperação Judicial;Instituto Nacional de Energia Renovável;TechBrasil S.A.
P-06322;Ações hipotecárias;Instituto Nacional de Energia Renovável;Carlos Souza
P-06323;Execução de alimentos;TechBrasil S.A.;GlobalTech Corp.
P-06324;Trabalhista;Juliana Rocha;Oficina Mecânica do Zé
P-06325;Ações hipotecárias;Fernanda Costa;AgroVale Ltda.
P-06326;Execução de título extrajudicial;TechBrasil S.A.;Ana Paula Lima
P-06327;Execução Fiscal;Prefeitura Municipal de Nova Esperança;Juliana Rocha
P-06328;Inventário e partilha;Maria Oliveira;AgroVale Ltda.
P-06329;Busca e apreensão;Ricardo Almeida;GlobalTech Corp.
P-06330;Execução Cível;TechBrasil S.A.;Ricardo Almeida
P-06331;Inventário e partilha;Juliana Rocha;TechBrasil S.A.
P-06332;Execução Fiscal;Secretaria de Saúde de Santa Clara;Carlos Souza
P-06333;Busca e apreensão;TechBrasil S.A.;TechBrasil S.A.
P-06334;Extinção de condomínio;João da Silva;Juliana Rocha
P-06335;Busca e apreensão;Estado de Santa Aurora;Maria Oliveira
P-06336;Execução de alimentos;Ricardo Almeida;Secretaria de Saúde de Santa Clara
P-06337;Busca e apreensão;Juliana Rocha;Construtora Nova Era Ltda.
P-06338;Inventário e partilha;Instituto Nacional de Energia Renovável;João da Silva
P-06339;Ações hipotecárias;Secretaria de Saúde de Santa Clara;Pedro Henrique Santos
P-06340;Execução de título extrajudicial;Ana Paula Lima;Fernanda Costa
P-06341;Execução de alimentos;Maria Oliveira;Carlos Souza
P-06342;Falência e Recuperação Judicial;Instituto Nacional de Energia Renovável;Fernanda Costa
P-06343;Execução Fiscal;Secretaria de Saúde de Santa Clara;TechBrasil S.A.
P-06344;Execução de alimentos;Carlos Souza;Instituto Nacional de Energia Renovável
P-06345;Inventário e partilha;GlobalTech Corp.;Oficina Mecânica do Zé
P-06346;Trabalhista;Carlos Souza;Prefeitura Municipal de Nova Esperança
P-06347;Extinção de condomínio;GlobalTech Corp.;Instituto Nacional de Energia Renovável
P-06348;Busca e apreensão;GlobalTech Corp.;TechBrasil S.A.
P-06349;Extinção de condomínio;Instituto Nacional de Energia Renovável;Maria Oliveira
P-06350;Execução de alimentos;Pedro Henrique Santos;Maria Oliveira
P-06351;Execução Cível;Instituto Nacional de Energia Renovável;Ricardo Almeida
P-06352;Ações hipotecárias;Ana Paula Lima;Estado de Santa Aurora
P-06353;Execução de alimentos;Juliana Rocha;TechBrasil S.A.
P-06354;Busca e apreensão;Fernanda Costa;Secretaria de Saúde de Santa Clara
P-06355;Execução Fiscal;Estado de Santa Aurora;TechBrasil S.A.
P-06356;Execução de alimentos;Fernanda Costa;Oficina Mecânica do Zé
P-06357;Execução Fiscal;Prefeitura Municipal de Nova Esperança;Estado de Santa Aurora
P-06358;Falência e Recuperação Judicial;Instituto Nacional de Energia Renovável;Oficina Mecânica do Zé
P-06359;Execução de título extrajudicial;Oficina Mecânica do Zé;Prefeitura Municipal de Nova Esperança
P-06360;Falência e Recuperação Judicial;Secretaria de Saúde de Santa Clara;Estado de Santa Aurora
P-06361;Ações hipotecárias;Oficina Mecânica do Zé;Carlos Souza
P-06362;Execução Cível;Fernanda Costa;TechBrasil S.A.
P-06363;Ações hipotecárias;Estado de Santa Aurora;Carlos Souza
P-06364;Inventário e partilha;Prefeitura Municipal de Nova Esperança;Juliana Rocha
P-06365;Busca e apreensão;TechBrasil S.A.;Oficina Mecânica do Zé
P-06366;Extinção de condomínio;AgroVale Ltda.;Fernanda Costa
P-06367;Execução Fiscal;Estado de Santa Aurora;Pedro Henrique Santos
P-06368;Inventário e partilha;Oficina Mecânica do Zé;Fernanda Costa
P-06369;Execução de alimentos;Estado de Santa Aurora;AgroVale Ltda.
P-06370;Trabalhista;Secretaria de Saúde de Santa Clara;Oficina Mecânica do Zé
P-06371;Execução de título extrajudicial;GlobalTech Corp.;Juliana Rocha
P-06372;Busca e apreensão;Ricardo Almeida;GlobalTech Corp.
P-06373;Execução Fiscal;Instituto Nacional de Energia Renovável;Fernanda Costa
P-06374;Trabalhista;Ana Paula Lima;Construtora Nova Era Ltda.
P-06375;Ações hipotecárias;Fernanda Costa;Pedro Henrique Santos
P-06376;Busca e apreensão;Prefeitura Municipal de Nova Esperança;Pedro Henrique Santos
P-06377;Ações hipotecárias;Secretaria de Saúde de Santa Clara;João da Silva
P-06378;Inventário e partilha;João da Silva;Oficina Mecânica do Zé
P-06379;Execução de alimentos;Maria Oliveira;Instituto Nacional de Energia Renovável
P-06380;Inventário e partilha;Fernanda Costa;Construtora Nova Era Ltda.
P-06381;Execução de título extrajudicial;Juliana Rocha;Carlos Souza
P-06382;Trabalhista;Juliana Rocha;Instituto Nacional de Energia Renovável
P-06383;Execução Fiscal;Instituto Nacional de Energia Renovável;Carlos Souza
P-06384;Falência e Recuperação Judicial;Prefeitura Municipal de Nova Esperança;Pedro Henrique Santos
P-06385;Extinção de condomínio;GlobalTech Corp.;Carlos Souza
P-06386;Inventário e partilha;Carlos Souza;Ana Paula Lima
P-06387;Inventário e partilha;Prefeitura Municipal de Nova Esperança;Oficina Mecânica do Zé
P-06388;Falência e Recuperação Judicial;Estado de Santa Aurora;Secretaria de Saúde de Santa Clara
P-06389;Trabalhista;Secretaria de Saúde de Santa Clara;TechBrasil S.A.
P-06390;Falência e Recuperação Judicial;Secretaria de Saúde de Santa Clara;João da Silva
P-06391;Busca e apreensão;Pedro Henrique Santos;Fernanda Costa
P-06392;Execução de título extrajudicial;Ana Paula Lima;Maria Oliveira
P-06393;Execução de alimentos;Fernanda Costa;GlobalTech Corp.
P-06394;Execução Cível;GlobalTech Corp.;Fernanda Costa
P-06395;Execução Fiscal;Estado de Santa Aurora;AgroVale Ltda.
P-06396;Trabalhista;Construtora Nova Era Ltda.;Pedro Henrique Santos
P-06397;Execução de alimentos;Pedro Henrique Santos;AgroVale Ltda.
P-06398;Execução de título extrajudicial;Prefeitura Municipal de Nova Esperança;Estado de Santa Aurora
P-06399;Ações hipotecárias;TechBrasil S.A.;Maria Oliveira
P-06400;Extinção de condomínio;Maria Oliveira;Secretaria de Saúde de Santa Clara
P-06401;Busca e apreensão;Estado de Santa Aurora;Oficina Mecânica do Zé
P-06402;Falência e Recuperação Judicial;Instituto Nacional de Energia Renovável;Instituto Nacional de Energia Renovável
P-06403;Extinção de condomínio;Estado de Santa Aurora;Ricardo Almeida
P-06404;Execução Fiscal;Prefeitura Municipal de Nova Esperança;Estado de Santa Aurora
P-06405;Execução Cível;Instituto Nacional de Energia Renovável;João da Silva
P-06406;Execução Fiscal;Estado de Santa Aurora;Instituto Nacional de Energia Renovável
P-06407;Extinção de condomínio;Ricardo Almeida;Ana Paula Lima
P-06408;Ações hipotecárias;Juliana Rocha;Fernanda Costa
P-06409;Busca e apreensão;Fernanda Costa;Oficina Mecânica do Zé
P-06410;Execução de título extrajudicial;TechBrasil S.A.;Ricardo Almeida
P-06411;Execução Cível;Maria Oliveira;Oficina Mecânica do Zé
P-06412;Extinção de condomínio;Prefeitura Municipal de Nova Esperança;Juliana Rocha
P-06413;Execução de título extrajudicial;Prefeitura Municipal de Nova Esperança;Maria Oliveira
P-06414;Busca e apreensão;Instituto Nacional de Energia Renovável;João da Silva
P-06415;Execução de título extrajudicial;Oficina Mecânica do Zé;Prefeitura Municipal de Nova Esperança
P-06416;Inventário e partilha;Carlos Souza;AgroVale Ltda.
P-06417;Falência e Recuperação Judicial;Estado de Santa Aurora;GlobalTech Corp.
P-06418;Execução de título extrajudicial;Prefeitura Municipal de Nova Esperança;TechBrasil S.A.
P-06419;Execução Cível;AgroVale Ltda.;Prefeitura Municipal de Nova Esperança
P-06420;Execução de alimentos;Instituto Nacional de Energia Renovável;Construtora Nova Era Ltda.
P-06421;Extinção de condomínio;AgroVale Ltda.;Oficina Mecânica do Zé
P-06422;Execução de título extrajudicial;Juliana Rocha;Fernanda Costa
P-06423;Inventário e partilha;Prefeitura Municipal de Nova Esperança;Prefeitura Municipal de Nova Esperança
P-06424;Extinção de condomínio;Juliana Rocha;AgroVale Ltda.
P-06425;Busca e apreensão;Construtora Nova Era Ltda.;AgroVale Ltda.
P-06426;Execução Fiscal;Prefeitura Municipal de Nova Esperança;Maria Oliveira
P-06427;Inventário e partilha;Estado de Santa Aurora;Pedro Henrique Santos
P-06428;Execução Cível;Instituto Nacional de Energia Renovável;Ana Paula Lima
P-06429;Extinção de condomínio;Construtora Nova Era Ltda.;Carlos Souza
P-06430;Execução de alimentos;Juliana Rocha;Prefeitura Municipal de Nova Esperança
P-06431;Execução Cível;Oficina Mecânica do Zé;Prefeitura Municipal de Nova Esperança
P-06432;Falência e Recuperação Judicial;Instituto Nacional de Energia Renovável;João da Silva
P-06433;Execução Cível;Prefeitura Municipal de Nova Esperança;Estado de Santa Aurora
P-06434;Execução Cível;GlobalTech Corp.;Instituto Nacional de Energia Renovável
P-06435;Execução Cível;Secretaria de Saúde de Santa Clara;Maria Oliveira
P-06436;Extinção de condomínio;Ricardo Almeida;Construtora Nova Era Ltda.
P-06437;Execução de alimentos;Ana Paula Lima;Carlos Souza
P-06438;Falência e Recuperação Judicial;Estado de Santa Aurora;TechBrasil S.A.
P-06439;Inventário e partilha;Ricardo Almeida;AgroVale Ltda.
P-06440;Execução Cível;Juliana Rocha;Maria Oliveira
P-06441;Execução de título extrajudicial;Ricardo Almeida;TechBrasil S.A.
P-06442;Execução de alimentos;Secretaria de Saúde de Santa Clara;Juliana Rocha
P-06443;Execução de título extrajudicial;Juliana Rocha;Maria Oliveira
P-06444;Inventário e partilha;Carlos Souza;Fernanda Costa
P-06445;Busca e apreensão;GlobalTech Corp.;Secretaria de Saúde de Santa Clara
P-06446;Busca e apreensão;Ana Paula Lima;Construtora Nova Era Ltda.
P-06447;Falência e Recuperação Judicial;Secretaria de Saúde de Santa Clara;Secretaria de Saúde de Santa Clara
P-06448;Trabalhista;Construtora Nova Era Ltda.;Estado de Santa Aurora
P-06449;Falência e Recuperação Judicial;Secretaria de Saúde de Santa Clara;Carlos Souza
P-06450;Busca e apreensão;Oficina Mecânica do Zé;Construtora Nova Era Ltda.
P-06451;Busca e apreensão;Juliana Rocha;Ana Paula Lima
P-06452;Inventário e partilha;João da Silva;Construtora Nova Era Ltda.
P-06453;Execução de alimentos;Ricardo Almeida;Maria Oliveira
P-06454;Execução Fiscal;Estado de Santa Aurora;Maria Oliveira
P-06455;Extinção de condomínio;Juliana Rocha;Maria Oliveira
P-06456;Execução Fiscal;Instituto Nacional de Energia Renovável;Ricardo Almeida
P-06457;Execução Fiscal;Prefeitura Municipal de Nova Esperança;João da Silva
P-06458;Trabalhista;Prefeitura Municipal de Nova Esperança;Oficina Mecânica do Zé
P-06459;Inventário e partilha;Ana Paula Lima;Ricardo Almeida
P-06460;Ações hipotecárias;Ana Paula Lima;AgroVale Ltda.
P-06461;Execução de título extrajudicial;Instituto Nacional de Energia Renovável;Secretaria de Saúde de Santa Clara
P-06462;Trabalhista;AgroVale Ltda.;Prefeitura Municipal de Nova Esperança
P-06463;Execução de alimentos;Estado de Santa Aurora;GlobalTech Corp.
P-06464;Ações hipotecárias;Oficina Mecânica do Zé;Juliana Rocha
P-06465;Execução Fiscal;Estado de Santa Aurora;Secretaria de Saúde de Santa Clara
P-06466;Execução de alimentos;Fernanda Costa;Secretaria de Saúde de Santa Clara
P-06467;Ações hipotecárias;Pedro Henrique Santos;Juliana Rocha
P-06468;Execução Fiscal;Prefeitura Municipal de Nova Esperança;Ana Paula Lima
P-06469;Execução de título extrajudicial;Fernanda Costa;Estado de Santa Aurora
P-06470;Execução Cível;Carlos Souza;Prefeitura Municipal de Nova Esperança
P-06471;Inventário e partilha;Secretaria de Saúde de Santa Clara;Pedro Henrique Santos
P-06472;Falência e Recuperação Judicial;Estado de Santa Aurora;Estado de Santa Aurora
P-06473;Execução de título extrajudicial;Maria Oliveira;Ricardo Almeida
P-06474;Execução de alimentos;TechBrasil S.A.;Prefeitura Municipal de Nova Esperança
P-06475;Busca e apreensão;Oficina Mecânica do Zé;Construtora Nova Era Ltda.
P-06476;Busca e apreensão;Oficina Mecânica do Zé;Prefeitura Municipal de Nova Esperança
P-06477;Execução de título extrajudicial;Construtora Nova Era Ltda.;TechBrasil S.A.
P-06478;Ações hipotecárias;Estado de Santa Aurora;GlobalTech Corp.
P-06479;Trabalhista;Maria Oliveira;Instituto Nacional de Energia Renovável
P-06480;Falência e Recuperação Judicial;Secretaria de Saúde de Santa Clara;Instituto Nacional de Energia Renovável
P-06481;Execução de título extrajudicial;Juliana Rocha;Maria Oliveira
P-06482;Busca e apreensão;TechBrasil S.A.;Prefeitura Municipal de Nova Esperança
P-06483;Falência e Recuperação Judicial;Prefeitura Municipal de Nova Esperança;Pedro Henrique Santos
P-06484;Busca e apreensão;Ricardo Almeida;Ricardo Almeida
P-06485;Execução Fiscal;Secretaria de Saúde de Santa Clara;Fernanda Costa
P-06486;Execução de alimentos;Estado de Santa Aurora;Maria Oliveira
P-06487;Inventário e partilha;TechBrasil S.A.;TechBrasil S.A.
P-06488;Execução Cível;João da Silva;Ana Paula Lima
P-06489;Trabalhista;Maria Oliveira;João da Silva
P-06490;Execução Fiscal;Secretaria de Saúde de Santa Clara;Ana Paula Lima
P-06491;Trabalhista;Juliana Rocha;Secretaria de Saúde de Santa Clara
P-06492;Busca e apreensão;Juliana Rocha;Carlos Souza
P-06493;Busca e apreensão;TechBrasil S.A.;Carlos Souza
P-06494;Execução de alimentos;Fernanda Costa;Estado de Santa Aurora
P-06495;Execução de título extrajudicial;Estado de Santa Aurora;AgroVale Ltda.
P-06496;Trabalhista;Oficina Mecânica do Zé;AgroVale Ltda.
P-06497;Execução Fiscal;Estado de Santa Aurora;Instituto Nacional de Energia Renovável
P-06498;Busca e apreensão;Ricardo Almeida;AgroVale Ltda.
P-06499;Trabalhista;Pedro Henrique Santos;Secretaria de Saúde de Santa Clara
P-06500;Extinção de condomínio;Ricardo Almeida;Pedro Henrique Santos
P-06501;Extinção de condomínio;Instituto Nacional de Energia Renovável;Pedro Henrique Santos
P-06502;Trabalhista;Ana Paula Lima;Prefeitura Municipal de Nova Esperança
P-06503;Execução de título extrajudicial;GlobalTech Corp.;Juliana Rocha
P-06504;Execução de alimentos;GlobalTech Corp.;Juliana Rocha
P-06505;Ações hipotecárias;Fernanda Costa;Construtora Nova Era Ltda.
P-06506;Inventário e partilha;Ana Paula Lima;Maria Oliveira
P-06507;Execução de alimentos;Oficina Mecânica do Zé;TechBrasil S.A.
P-06508;Execução Fiscal;Secretaria de Saúde de Santa Clara;Fernanda Costa
P-06509;Execução de título extrajudicial;Ricardo Almeida;João da Silva
P-06510;Falência e Recuperação Judicial;Estado de Santa Aurora;Prefeitura Municipal de Nova Esperança
P-06511;Execução Fiscal;Secretaria de Saúde de Santa Clara;Estado de Santa Aurora
P-06512;Execução Cível;Ricardo Almeida;Fernanda Costa
P-06513;Execução de alimentos;AgroVale Ltda.;Estado de Santa Aurora
P-06514;Trabalhista;Maria Oliveira;Pedro Henrique Santos
P-06515;Ações hipotecárias;AgroVale Ltda.;Oficina Mecânica do Zé
P-06516;Ações hipotecárias;João da Silva;Estado de Santa Aurora
P-06517;Trabalhista;Pedro Henrique Santos;GlobalTech Corp.
P-06518;Execução de título extrajudicial;Pedro Henrique Santos;Juliana Rocha
P-06519;Execução de alimentos;Secretaria de Saúde de Santa Clara;Carlos Souza
P-06520;Extinção de condomínio;Secretaria de Saúde de Santa Clara;Oficina Mecânica do Zé
P-06521;Falência e Recuperação Judicial;Instituto Nacional de Energia Renovável;Instituto Nacional de Energia Renovável
P-06522;Trabalhista;Ana Paula Lima;Pedro Henrique Santos
P-06523;Execução de alimentos;Instituto Nacional de Energia Renovável;Carlos Souza
P-06524;Execução Fiscal;Prefeitura Municipal de Nova Esperança;Estado de Santa Aurora
P-06525;Extinção de condomínio;Prefeitura Municipal de Nova Esperança;Instituto Nacional de Energia Renovável
P-06526;Execução de título extrajudicial;Pedro Henrique Santos;Estado de Santa Aurora
P-06527;Busca e apreensão;Ricardo Almeida;Carlos Souza
P-06528;Extinção de condomínio;Construtora Nova Era Ltda.;Fernanda Costa
P-06529;Execução de título extrajudicial;Instituto Nacional de Energia Renovável;Juliana Rocha
P-06530;Trabalhista;Carlos Souza;TechBrasil S.A.
P-06531;Extinção de condomínio;AgroVale Ltda.;Carlos Souza
P-06532;Inventário e partilha;Prefeitura Municipal de Nova Esperança;Oficina Mecânica do Zé
P-06533;Inventário e partilha;AgroVale Ltda.;Ricardo Almeida
P-06534;Busca e apreensão;Construtora Nova Era Ltda.;Estado de Santa Aurora
P-06535;Execução de título extrajudicial;Ana Paula Lima;Maria Oliveira
P-06536;Execução Cível;Ana Paula Lima;Maria Oliveira
P-06537;Trabalhista;Prefeitura Municipal de Nova Esperança;Secretaria de Saúde de Santa Clara
P-06538;Execução de alimentos;Oficina Mecânica do Zé;Ricardo Almeida
P-06539;Extinção de condomínio;Ricardo Almeida;TechBrasil S.A.
P-06540;Execução Cível;Juliana Rocha;Ricardo Almeida
P-06541;Extinção de condomínio;TechBrasil S.A.;Ana Paula Lima
P-06542;Inventário e partilha;AgroVale Ltda.;Fernanda Costa
P-06543;Execução de alimentos;GlobalTech Corp.;Pedro Henrique Santos
P-06544;Inventário e partilha;Ana Paula Lima;Ricardo Almeida
P-06545;Execução de título extrajudicial;AgroVale Ltda.;Pedro Henrique Santos
P-06546;Execução Fiscal;Secretaria de Saúde de Santa Clara;Carlos Souza
P-06547;Busca e apreensão;TechBrasil S.A.;Construtora Nova Era Ltda.
P-06548;Ações hipotecárias;Fernanda Costa;AgroVale Ltda.
P-06549;Ações hipotecárias;João da Silva;Ana Paula Lima
P-06550;Execução de alimentos;Secretaria de Saúde de Santa Clara;Pedro Henrique Santos
P-06551;Execução de título extrajudicial;Construtora Nova Era Ltda.;Carlos Souza
P-06552;Trabalhista;Ricardo Almeida;Juliana Rocha
P-06553;Extinção de condomínio;AgroVale Ltda.;GlobalTech Corp.
P-06554;Falência e Recuperação Judicial;Prefeitura Municipal de Nova Esperança;Instituto Nacional de Energia Renovável
P-06555;Extinção de condomínio;Ricardo Almeida;Pedro Henrique Santos
P-06556;Inventário e partilha;João da Silva;João da Silva
P-06557;Falência e Recuperação Judicial;Secretaria de Saúde de Santa Clara;João da Silva
P-06558;Execução Fiscal;Prefeitura Municipal de Nova Esperança;Carlos Souza
P-06559;Trabalhista;Prefeitura Municipal de Nova Esperança;Maria Oliveira
P-06560;Ações hipotecárias;Pedro Henrique Santos;Estado de Santa Aurora
P-06561;Busca e apreensão;GlobalTech Corp.;Construtora Nova Era Ltda.
P-06562;Inventário e partilha;TechBrasil S.A.;AgroVale Ltda.
P-06563;Extinção de condomínio;Ricardo Almeida;Fernanda Costa
P-06564;Execução de alimentos;Ricardo Almeida;Construtora Nova Era Ltda.
P-06565;Execução Cível;Oficina Mecânica do Zé;Pedro Henrique Santos
P-06566;Execução Fiscal;Instituto Nacional de Energia Renovável;Secretaria de Saúde de Santa Clara
P-06567;Inventário e partilha;Carlos Souza;Secretaria de Saúde de Santa Clara
P-06568;Execução de título extrajudicial;Ana Paula Lima;GlobalTech Corp.
P-06569;Execução de título extrajudicial;Maria Oliveira;Pedro Henrique Santos
P-06570;Execução Fiscal;Estado de Santa Aurora;Ana Paula Lima
P-06571;Busca e apreensão;Estado de Santa Aurora;Construtora Nova Era Ltda.
P-06572;Execução Cível;João da Silva;Ana Paula Lima
P-06573;Busca e apreensão;Prefeitura Municipal de Nova Esperança;João da Silva
P-06574;Execução de alimentos;AgroVale Ltda.;Estado de Santa Aurora
P-06575;Execução Fiscal;Secretaria de Saúde de Santa Clara;GlobalTech Corp.
P-06576;Ações hipotecárias;Fernanda Costa;Carlos Souza
P-06577;Busca e apreensão;Fernanda Costa;Maria Oliveira
P-06578;Execução Cível;Ana Paula Lima;Carlos Souza
P-06579;Falência e Recuperação Judicial;Secretaria de Saúde de Santa Clara;Juliana Rocha
P-06580;Inventário e partilha;Construtora Nova Era Ltda.;Ricardo Almeida
P-06581;Inventário e partilha;TechBrasil S.A.;Oficina Mecânica do Zé
P-06582;Falência e Recuperação Judicial;Instituto Nacional de Energia Renovável;Prefeitura Municipal de Nova Esperança
P-06583;Inventário e partilha;Instituto Nacional de Energia Renovável;Construtora Nova Era Ltda.
P-06584;Execução de título extrajudicial;Carlos Souza;Juliana Rocha
P-06585;Busca e apreensão;Instituto Nacional de Energia Renovável;Secretaria de Saúde de Santa Clara
P-06586;Busca e apreensão;Juliana Rocha;GlobalTech Corp.
P-06587;Extinção de condomínio;Secretaria de Saúde de Santa Clara;Prefeitura Municipal de Nova Esperança
P-06588;Execução Cível;Estado de Santa Aurora;Instituto Nacional de Energia Renovável
P-06589;Execução Cível;Ricardo Almeida;Prefeitura Municipal de Nova Esperança
P-06590;Execução de alimentos;João da Silva;Estado de Santa Aurora
P-06591;Falência e Recuperação Judicial;Instituto Nacional de Energia Renovável;Instituto Nacional de Energia Renovável
P-06592;Inventário e partilha;Juliana Rocha;Pedro Henrique Santos
P-06593;Execução Fiscal;Estado de Santa Aurora;Ricardo Almeida
P-06594;Trabalhista;TechBrasil S.A.;Carlos Souza
P-06595;Execução Fiscal;Prefeitura Municipal de Nova Esperança;João da Silva
P-06596;Execução Fiscal;Secretaria de Saúde de Santa Clara;Oficina Mecânica do Zé
P-06597;Execução Fiscal;Prefeitura Municipal de Nova Esperança;Ricardo Almeida
P-06598;Execução de título extrajudicial;Estado de Santa Aurora;Estado de Santa Aurora
P-06599;Inventário e partilha;Ana Paula Lima;Fernanda Costa
P-06600;Ações hipotecárias;João da Silva;GlobalTech Corp.
P-06601;Falência e Recuperação Judicial;Secretaria de Saúde de Santa Clara;TechBrasil S.A.
P-06602;Execução Cível;AgroVale Ltda.;Instituto Nacional de Energia Renovável
P-06603;Extinção de condomínio;Ana Paula Lima;Ana Paula Lima
P-06604;Execução Fiscal;Secretaria de Saúde de Santa Clara;Prefeitura Municipal de Nova Esperança
P-06605;Execução Fiscal;Estado de Santa Aurora;AgroVale Ltda.
P-06606;Execução de título extrajudicial;João da Silva;Prefeitura Municipal de Nova Esperança
P-06607;Busca e apreensão;Carlos Souza;Estado de Santa Aurora
P-06608;Execução de título extrajudicial;GlobalTech Corp.;GlobalTech Corp.
P-06609;Busca e apreensão;Ana Paula Lima;Carlos Souza
P-06610;Execução Cível;Secretaria de Saúde de Santa Clara;Pedro Henrique Santos
P-06611;Falência e Recuperação Judicial;Secretaria de Saúde de Santa Clara;Carlos Souza
P-06612;Busca e apreensão;Pedro Henrique Santos;Fernanda Costa
P-06613;Execução de título extrajudicial;João da Silva;TechBrasil S.A.
P-06614;Execução de alimentos;TechBrasil S.A.;Construtora Nova Era Ltda.
P-06615;Falência e Recuperação Judicial;Prefeitura Municipal de Nova Esperança;Juliana Rocha
P-06616;Ações hipotecárias;Secretaria de Saúde de Santa Clara;Ricardo Almeida
P-06617;Extinção de condomínio;Pedro Henrique Santos;GlobalTech Corp.
P-06618;Ações hipotecárias;GlobalTech Corp.;GlobalTech Corp.
P-06619;Execução Cível;Prefeitura Municipal de Nova Esperança;Fernanda Costa
P-06620;Extinção de condomínio;Maria Oliveira;Prefeitura Municipal de Nova Esperança
P-06621;Busca e apreensão;Carlos Souza;Fernanda Costa
P-06622;Execução de título extrajudicial;TechBrasil S.A.;Construtora Nova Era Ltda.
P-06623;Execução de alimentos;Prefeitura Municipal de Nova Esperança;Ana Paula Lima
P-06624;Execução Cível;Maria Oliveira;Pedro Henrique Santos
P-06625;Inventário e partilha;João da Silva;Juliana Rocha
P-06626;Extinção de condomínio;Fernanda Costa;Prefeitura Municipal de Nova Esperança
P-06627;Inventário e partilha;Pedro Henrique Santos;João da Silva
P-06628;Execução Cível;Estado de Santa Aurora;Fernanda Costa
P-06629;Trabalhista;Construtora Nova Era Ltda.;Carlos Souza
P-06630;Ações hipotecárias;TechBrasil S.A.;Juliana Rocha
P-06631;Inventário e partilha;Ana Paula Lima;Estado de Santa Aurora
P-06632;Inventário e partilha;Construtora Nova Era Ltda.;Juliana Rocha
P-06633;Execução de título extrajudicial;João da Silva;Fernanda Costa
P-06634;Execução Fiscal;Secretaria de Saúde de Santa Clara;Estado de Santa Aurora
P-06635;Execução Fiscal;Prefeitura Municipal de Nova Esperança;Prefeitura Municipal de Nova Esperança
P-06636;Ações hipotecárias;TechBrasil S.A.;TechBrasil S.A.
P-06637;Trabalhista;GlobalTech Corp.;AgroVale Ltda.
P-06638;Execução de alimentos;GlobalTech Corp.;Secretaria de Saúde de Santa Clara
P-06639;Falência e Recuperação Judicial;Secretaria de Saúde de Santa Clara;TechBrasil S.A.
P-06640;Execução Cível;Pedro Henrique Santos;Construtora Nova Era Ltda.
P-06641;Inventário e partilha;Juliana Rocha;Ana Paula Lima
P-06642;Execução de alimentos;Estado de Santa Aurora;Juliana Rocha
P-06643;Execução de alimentos;Oficina Mecânica do Zé;Secretaria de Saúde de Santa Clara
P-06644;Execução Cível;João da Silva;Oficina Mecânica do Zé
P-06645;Execução de título extrajudicial;Fernanda Costa;Prefeitura Municipal de Nova Esperança
P-06646;Ações hipotecárias;GlobalTech Corp.;TechBrasil S.A.
P-06647;Execução Fiscal;Instituto Nacional de Energia Renovável;Estado de Santa Aurora
P-06648;Trabalhista;AgroVale Ltda.;Secretaria de Saúde de Santa Clara
P-06649;Inventário e partilha;AgroVale Ltda.;Pedro Henrique Santos
P-06650;Execução de alimentos;GlobalTech Corp.;Instituto Nacional de Energia Renovável
P-06651;Extinção de condomínio;AgroVale Ltda.;Oficina Mecânica do Zé
P-06652;Inventário e partilha;Pedro Henrique Santos;Estado de Santa Aurora
P-06653;Execução Fiscal;Prefeitura Municipal de Nova Esperança;Oficina Mecânica do Zé
P-06654;Busca e apreensão;GlobalTech Corp.;Oficina Mecânica do Zé
P-06655;Extinção de condomínio;Oficina Mecânica do Zé;João da Silva
P-06656;Execução de alimentos;Ricardo Almeida;Secretaria de Saúde de Santa Clara
P-06657;Execução Cível;AgroVale Ltda.;Ricardo Almeida
P-06658;Execução Cível;Instituto Nacional de Energia Renovável;Prefeitura Municipal de Nova Esperança
P-06659;Execução de título extrajudicial;Pedro Henrique Santos;Oficina Mecânica do Zé
P-06660;Execução Cível;Carlos Souza;Maria Oliveira
P-06661;Execução Cível;TechBrasil S.A.;GlobalTech Corp.
P-06662;Trabalhista;Instituto Nacional de Energia Renovável;Maria Oliveira
P-06663;Ações hipotecárias;AgroVale Ltda.;Pedro Henrique Santos
P-06664;Falência e Recuperação Judicial;Secretaria de Saúde de Santa Clara;Juliana Rocha
P-06665;Execução de alimentos;Juliana Rocha;Juliana Rocha
P-06666;Falência e Recuperação Judicial;Secretaria de Saúde de Santa Clara;Ricardo Almeida
P-06667;Execução Fiscal;Prefeitura Municipal de Nova Esperança;Juliana Rocha
P-06668;Inventário e partilha;Pedro Henrique Santos;Estado de Santa Aurora
P-06669;Extinção de condomínio;Juliana Rocha;Maria Oliveira
P-06670;Execução de título extrajudicial;João da Silva;Construtora Nova Era Ltda.
P-06671;Ações hipotecárias;Fernanda Costa;Carlos Souza
P-06672;Inventário e partilha;GlobalTech Corp.;Prefeitura Municipal de Nova Esperança
P-06673;Ações hipotecárias;Juliana Rocha;GlobalTech Corp.
P-06674;Execução de título extrajudicial;Ricardo Almeida;Prefeitura Municipal de Nova Esperança
P-06675;Ações hipotecárias;Estado de Santa Aurora;Ana Paula Lima
P-06676;Extinção de condomínio;Pedro Henrique Santos;Ana Paula Lima
P-06677;Execução Fiscal;Instituto Nacional de Energia Renovável;GlobalTech Corp.
P-06678;Extinção de condomínio;Fernanda Costa;GlobalTech Corp.
P-06679;Execução de alimentos;Prefeitura Municipal de Nova Esperança;TechBrasil S.A.
P-06680;Trabalhista;Ana Paula Lima;Carlos Souza
P-06681;Execução Fiscal;Instituto Nacional de Energia Renovável;Secretaria de Saúde de Santa Clara
P-06682;Falência e Recuperação Judicial;Prefeitura Municipal de Nova Esperança;Instituto Nacional de Energia Renovável
P-06683;Falência e Recuperação Judicial;Secretaria de Saúde de Santa Clara;Juliana Rocha
P-06684;Execução de título extrajudicial;Carlos Souza;TechBrasil S.A.
P-06685;Falência e Recuperação Judicial;Prefeitura Municipal de Nova Esperança;Ricardo Almeida
P-06686;Trabalhista;Carlos Souza;João da Silva
P-06687;Execução Fiscal;Prefeitura Municipal de Nova Esperança;Ricardo Almeida
P-06688;Extinção de condomínio;Oficina Mecânica do Zé;Secretaria de Saúde de Santa Clara
P-06689;Trabalhista;Construtora Nova Era Ltda.;Prefeitura Municipal de Nova Esperança
P-06690;Execução de título extrajudicial;Carlos Souza;Ana Paula Lima
P-06691;Trabalhista;TechBrasil S.A.;Oficina Mecânica do Zé
P-06692;Trabalhista;Instituto Nacional de Energia Renovável;Oficina Mecânica do Zé
P-06693;Falência e Recuperação Judicial;Secretaria de Saúde de Santa Clara;Fernanda Costa
P-06694;Extinção de condomínio;Oficina Mecânica do Zé;Ricardo Almeida
P-06695;Execução de título extrajudicial;Ana Paula Lima;GlobalTech Corp.
P-06696;Extinção de condomínio;Maria Oliveira;AgroVale Ltda.
P-06697;Execução de título extrajudicial;João da Silva;GlobalTech Corp.
P-06698;Ações hipotecárias;Ricardo Almeida;Juliana Rocha
P-06699;Execução Cível;TechBrasil S.A.;Instituto Nacional de Energia Renovável
P-06700;Execução Cível;Ana Paula Lima;Construtora Nova Era Ltda.
P-06701;Extinção de condomínio;Pedro Henrique Santos;Construtora Nova Era Ltda.
P-06702;Execução Fiscal;Secretaria de Saúde de Santa Clara;Fernanda Costa
P-06703;Extinção de condomínio;Secretaria de Saúde de Santa Clara;Secretaria de Saúde de Santa Clara
P-06704;Execução de título extrajudicial;João da Silva;Pedro Henrique Santos
P-06705;Inventário e partilha;Prefeitura Municipal de Nova Esperança;Prefeitura Municipal de Nova Esperança
P-06706;Execução Cível;Carlos Souza;Pedro Henrique Santos
P-06707;Inventário e partilha;Carlos Souza;Carlos Souza
P-06708;Execução Cível;Juliana Rocha;Carlos Souza
P-06709;Busca e apreensão;Estado de Santa Aurora;Construtora Nova Era Ltda.
P-06710;Busca e apreensão;Fernanda Costa;Construtora Nova Era Ltda.
P-06711;Ações hipotecárias;Prefeitura Municipal de Nova Esperança;Carlos Souza
P-06712;Execução de alimentos;TechBrasil S.A.;Ricardo Almeida
P-06713;Falência e Recuperação Judicial;Instituto Nacional de Energia Renovável;Ricardo Almeida
P-06714;Trabalhista;João da Silva;Fernanda Costa
P-06715;Inventário e partilha;Fernanda Costa;Fernanda Costa
P-06716;Trabalhista;Maria Oliveira;Fernanda Costa
P-06717;Busca e apreensão;Construtora Nova Era Ltda.;Maria Oliveira
P-06718;Inventário e partilha;AgroVale Ltda.;Prefeitura Municipal de Nova Esperança
P-06719;Execução de título extrajudicial;Juliana Rocha;Juliana Rocha
P-06720;Inventário e partilha;Oficina Mecânica do Zé;Carlos Souza
P-06721;Execução Fiscal;Prefeitura Municipal de Nova Esperança;Maria Oliveira
P-06722;Busca e apreensão;AgroVale Ltda.;João da Silva
P-06723;Falência e Recuperação Judicial;Prefeitura Municipal de Nova Esperança;Ana Paula Lima
P-06724;Extinção de condomínio;TechBrasil S.A.;AgroVale Ltda.
P-06725;Extinção de condomínio;TechBrasil S.A.;TechBrasil S.A.
P-06726;Inventário e partilha;Prefeitura Municipal de Nova Esperança;Prefeitura Municipal de Nova Esperança
P-06727;Extinção de condomínio;Secretaria de Saúde de Santa Clara;Prefeitura Municipal de Nova Esperança
P-06728;Inventário e partilha;Prefeitura Municipal de Nova Esperança;Construtora Nova Era Ltda.
P-06729;Extinção de condomínio;Carlos Souza;Construtora Nova Era Ltda.
P-06730;Execução Fiscal;Instituto Nacional de Energia Renovável;Fernanda Costa
P-06731;Inventário e partilha;Oficina Mecânica do Zé;GlobalTech Corp.
P-06732;Execução de título extrajudicial;Ricardo Almeida;AgroVale Ltda.
P-06733;Execução de título extrajudicial;Ana Paula Lima;Construtora Nova Era Ltda.
P-06734;Ações hipotecárias;Prefeitura Municipal de Nova Esperança;Instituto Nacional de Energia Renovável
P-06735;Execução de título extrajudicial;GlobalTech Corp.;Ana Paula Lima
P-06736;Ações hipotecárias;GlobalTech Corp.;Ricardo Almeida
P-06737;Extinção de condomínio;Instituto Nacional de Energia Renovável;Instituto Nacional de Energia Renovável
P-06738;Extinção de condomínio;Construtora Nova Era Ltda.;Carlos Souza
P-06739;Execução de alimentos;Estado de Santa Aurora;Fernanda Costa
P-06740;Execução Cível;AgroVale Ltda.;João da Silva
P-06741;Execução de alimentos;Ana Paula Lima;Prefeitura Municipal de Nova Esperança
P-06742;Execução Cível;GlobalTech Corp.;Instituto Nacional de Energia Renovável
P-06743;Busca e apreensão;Secretaria de Saúde de Santa Clara;Carlos Souza
P-06744;Extinção de condomínio;AgroVale Ltda.;Pedro Henrique Santos
P-06745;Extinção de condomínio;GlobalTech Corp.;Juliana Rocha
P-06746;Execução Cível;Fernanda Costa;Juliana Rocha
P-06747;Execução de título extrajudicial;AgroVale Ltda.;Ricardo Almeida
P-06748;Trabalhista;Ana Paula Lima;Prefeitura Municipal de Nova Esperança
P-06749;Inventário e partilha;AgroVale Ltda.;GlobalTech Corp.
P-06750;Inventário e partilha;Carlos Souza;Construtora Nova Era Ltda.
P-06751;Falência e Recuperação Judicial;Instituto Nacional de Energia Renovável;Pedro Henrique Santos
P-06752;Inventário e partilha;Construtora Nova Era Ltda.;TechBrasil S.A.
P-06753;Extinção de condomínio;TechBrasil S.A.;TechBrasil S.A.
P-06754;Execução de alimentos;Estado de Santa Aurora;Oficina Mecânica do Zé
P-06755;Inventário e partilha;João da Silva;Oficina Mecânica do Zé
P-06756;Execução Cível;AgroVale Ltda.;Prefeitura Municipal de Nova Esperança
P-06757;Falência e Recuperação Judicial;Prefeitura Municipal de Nova Esperança;Pedro Henrique Santos
P-06758;Extinção de condomínio;Juliana Rocha;Maria Oliveira
P-06759;Inventário e partilha;Maria Oliveira;Juliana Rocha
P-06760;Inventário e partilha;Instituto Nacional de Energia Renovável;Estado de Santa Aurora
P-06761;Busca e apreensão;Fernanda Costa;Maria Oliveira
P-06762;Execução de alimentos;TechBrasil S.A.;AgroVale Ltda.
P-06763;Inventário e partilha;GlobalTech Corp.;Ana Paula Lima
P-06764;Busca e apreensão;João da Silva;João da Silva
P-06765;Execução de título extrajudicial;Ricardo Almeida;Oficina Mecânica do Zé
P-06766;Ações hipotecárias;Instituto Nacional de Energia Renovável;João da Silva
P-06767;Trabalhista;TechBrasil S.A.;Juliana Rocha
P-06768;Inventário e partilha;TechBrasil S.A.;TechBrasil S.A.
P-06769;Busca e apreensão;Juliana Rocha;Prefeitura Municipal de Nova Esperança
P-06770;Execução Fiscal;Secretaria de Saúde de Santa Clara;Pedro Henrique Santos
P-06771;Execução Cível;Secretaria de Saúde de Santa Clara;Construtora Nova Era Ltda.
P-06772;Execução Fiscal;Estado de Santa Aurora;AgroVale Ltda.
P-06773;Execução de alimentos;Secretaria de Saúde de Santa Clara;AgroVale Ltda.
P-06774;Ações hipotecárias;Instituto Nacional de Energia Renovável;Maria Oliveira
P-06775;Falência e Recuperação Judicial;Prefeitura Municipal de Nova Esperança;Prefeitura Municipal de Nova Esperança
P-06776;Execução Cível;João da Silva;TechBrasil S.A.
P-06777;Execução Cível;Juliana Rocha;AgroVale Ltda.
P-06778;Execução de alimentos;Secretaria de Saúde de Santa Clara;Pedro Henrique Santos
P-06779;Extinção de condomínio;Prefeitura Municipal de Nova Esperança;Instituto Nacional de Energia Renovável
P-06780;Execução de título extrajudicial;Secretaria de Saúde de Santa Clara;GlobalTech Corp.
P-06781;Execução de título extrajudicial;Ricardo Almeida;Juliana Rocha
P-06782;Extinção de condomínio;Construtora Nova Era Ltda.;AgroVale Ltda.
P-06783;Execução de alimentos;Carlos Souza;Fernanda Costa
P-06784;Busca e apreensão;Ana Paula Lima;Prefeitura Municipal de Nova Esperança
P-06785;Inventário e partilha;Oficina Mecânica do Zé;Prefeitura Municipal de Nova Esperança
P-06786;Falência e Recuperação Judicial;Estado de Santa Aurora;TechBrasil S.A.
P-06787;Execução Fiscal;Instituto Nacional de Energia Renovável;Maria Oliveira
P-06788;Extinção de condomínio;Secretaria de Saúde de Santa Clara;Ana Paula Lima
P-06789;Execução de alimentos;Secretaria de Saúde de Santa Clara;Estado de Santa Aurora
P-06790;Trabalhista;Carlos Souza;Construtora Nova Era Ltda.
P-06791;Inventário e partilha;João da Silva;Maria Oliveira
P-06792;Trabalhista;Fernanda Costa;Prefeitura Municipal de Nova Esperança
P-06793;Falência e Recuperação Judicial;Estado de Santa Aurora;AgroVale Ltda.
P-06794;Extinção de condomínio;Construtora Nova Era Ltda.;Secretaria de Saúde de Santa Clara
P-06795;Execução Fiscal;Prefeitura Municipal de Nova Esperança;Fernanda Costa
P-06796;Execução de alimentos;Secretaria de Saúde de Santa Clara;Oficina Mecânica do Zé
P-06797;Ações hipotecárias;Pedro Henrique Santos;Pedro Henrique Santos
P-06798;Busca e apreensão;Maria Oliveira;João da Silva
P-06799;Falência e Recuperação Judicial;Secretaria de Saúde de Santa Clara;Juliana Rocha
P-06800;Execução Fiscal;Prefeitura Municipal de Nova Esperança;Construtora Nova Era Ltda.
P-06801;Trabalhista;Maria Oliveira;João da Silva
P-06802;Execução de título extrajudicial;AgroVale Ltda.;Ricardo Almeida
P-06803;Execução de título extrajudicial;Prefeitura Municipal de Nova Esperança;TechBrasil S.A.
P-06804;Execução de alimentos;GlobalTech Corp.;Prefeitura Municipal de Nova Esperança
P-06805;Execução Fiscal;Prefeitura Municipal de Nova Esperança;TechBrasil S.A.
P-06806;Extinção de condomínio;Juliana Rocha;Secretaria de Saúde de Santa Clara
P-06807;Falência e Recuperação Judicial;Estado de Santa Aurora;Pedro Henrique Santos
P-06808;Busca e apreensão;TechBrasil S.A.;Secretaria de Saúde de Santa Clara
P-06809;Falência e Recuperação Judicial;Estado de Santa Aurora;Construtora Nova Era Ltda.
P-06810;Falência e Recuperação Judicial;Secretaria de Saúde de Santa Clara;Ricardo Almeida
P-06811;Execução Cível;Fernanda Costa;Construtora Nova Era Ltda.
P-06812;Ações hipotecárias;Oficina Mecânica do Zé;TechBrasil S.A.
P-06813;Trabalhista;Prefeitura Municipal de Nova Esperança;Instituto Nacional de Energia Renovável
P-06814;Execução de título extrajudicial;AgroVale Ltda.;Estado de Santa Aurora
P-06815;Inventário e partilha;João da Silva;Juliana Rocha
P-06816;Busca e apreensão;Ana Paula Lima;Prefeitura Municipal de Nova Esperança
P-06817;Execução Cível;Oficina Mecânica do Zé;Ana Paula Lima
P-06818;Busca e apreensão;GlobalTech Corp.;TechBrasil S.A.
P-06819;Busca e apreensão;Prefeitura Municipal de Nova Esperança;Oficina Mecânica do Zé
P-06820;Inventário e partilha;Ricardo Almeida;Construtora Nova Era Ltda.
P-06821;Busca e apreensão;Fernanda Costa;Fernanda Costa
P-06822;Execução Fiscal;Secretaria de Saúde de Santa Clara;TechBrasil S.A.
P-06823;Busca e apreensão;Juliana Rocha;Juliana Rocha
P-06824;Execução Cível;AgroVale Ltda.;João da Silva
P-06825;Ações hipotecárias;Ana Paula Lima;TechBrasil S.A.
P-06826;Execução Cível;Ricardo Almeida;Estado de Santa Aurora
P-06827;Inventário e partilha;Ana Paula Lima;Carlos Souza
P-06828;Execução de título extrajudicial;Ricardo Almeida;AgroVale Ltda.
P-06829;Execução de título extrajudicial;Estado de Santa Aurora;Pedro Henrique Santos
P-06830;Falência e Recuperação Judicial;Instituto Nacional de Energia Renovável;Construtora Nova Era Ltda.
P-06831;Execução de alimentos;Instituto Nacional de Energia Renovável;Fernanda Costa
P-06832;Falência e Recuperação Judicial;Secretaria de Saúde de Santa Clara;João da Silva
P-06833;Falência e Recuperação Judicial;Estado de Santa Aurora;Maria Oliveira
P-06834;Execução Fiscal;Secretaria de Saúde de Santa Clara;TechBrasil S.A.
P-06835;Trabalhista;AgroVale Ltda.;Instituto Nacional de Energia Renovável
P-06836;Execução Cível;Instituto Nacional de Energia Renovável;GlobalTech Corp.
P-06837;Busca e apreensão;TechBrasil S.A.;Instituto Nacional de Energia Renovável
P-06838;Falência e Recuperação Judicial;Estado de Santa Aurora;Prefeitura Municipal de Nova Esperança
P-06839;Extinção de condomínio;Ricardo Almeida;Prefeitura Municipal de Nova Esperança
P-06840;Extinção de condomínio;TechBrasil S.A.;Ana Paula Lima
P-06841;Execução de título extrajudicial;Juliana Rocha;AgroVale Ltda.
P-06842;Inventário e partilha;Maria Oliveira;Instituto Nacional de Energia Renovável
P-06843;Execução Cível;Carlos Souza;Ricardo Almeida
P-06844;Trabalhista;AgroVale Ltda.;Pedro Henrique Santos
P-06845;Extinção de condomínio;Prefeitura Municipal de Nova Esperança;Ricardo Almeida
P-06846;Falência e Recuperação Judicial;Instituto Nacional de Energia Renovável;GlobalTech Corp.
P-06847;Execução de alimentos;João da Silva;Construtora Nova Era Ltda.
P-06848;Execução Cível;Ricardo Almeida;Fernanda Costa
P-06849;Extinção de condomínio;GlobalTech Corp.;Oficina Mecânica do Zé
P-06850;Execução Fiscal;Estado de Santa Aurora;TechBrasil S.A.
P-06851;Busca e apreensão;Prefeitura Municipal de Nova Esperança;Oficina Mecânica do Zé
P-06852;Trabalhista;Carlos Souza;Construtora Nova Era Ltda.
P-06853;Busca e apreensão;Prefeitura Municipal de Nova Esperança;GlobalTech Corp.
P-06854;Execução de alimentos;João da Silva;Fernanda Costa
P-06855;Inventário e partilha;Instituto Nacional de Energia Renovável;Estado de Santa Aurora
P-06856;Execução Cível;Juliana Rocha;Pedro Henrique Santos
P-06857;Execução Cível;Ricardo Almeida;GlobalTech Corp.
P-06858;Execução de alimentos;GlobalTech Corp.;João da Silva
P-06859;Execução Fiscal;Secretaria de Saúde de Santa Clara;Pedro Henrique Santos
P-06860;Falência e Recuperação Judicial;Estado de Santa Aurora;Pedro Henrique Santos
P-06861;Busca e apreensão;Construtora Nova Era Ltda.;Ricardo Almeida
P-06862;Inventário e partilha;Carlos Souza;Estado de Santa Aurora
P-06863;Execução de alimentos;Prefeitura Municipal de Nova Esperança;AgroVale Ltda.
P-06864;Ações hipotecárias;Pedro Henrique Santos;Estado de Santa Aurora
P-06865;Execução Fiscal;Prefeitura Municipal de Nova Esperança;Maria Oliveira
P-06866;Falência e Recuperação Judicial;Secretaria de Saúde de Santa Clara;GlobalTech Corp.
P-06867;Extinção de condomínio;GlobalTech Corp.;João da Silva
P-06868;Execução de título extrajudicial;AgroVale Ltda.;Fernanda Costa
P-06869;Execução Fiscal;Estado de Santa Aurora;Prefeitura Municipal de Nova Esperança
P-06870;Falência e Recuperação Judicial;Prefeitura Municipal de Nova Esperança;Instituto Nacional de Energia Renovável
P-06871;Busca e apreensão;Ana Paula Lima;Construtora Nova Era Ltda.
P-06872;Execução de alimentos;Ricardo Almeida;AgroVale Ltda.
P-06873;Execução de alimentos;João da Silva;Construtora Nova Era Ltda.
P-06874;Trabalhista;Construtora Nova Era Ltda.;Construtora Nova Era Ltda.
P-06875;Ações hipotecárias;Prefeitura Municipal de Nova Esperança;Ricardo Almeida
P-06876;Execução de título extrajudicial;GlobalTech Corp.;AgroVale Ltda.
P-06877;Falência e Recuperação Judicial;Secretaria de Saúde de Santa Clara;Maria Oliveira
P-06878;Execução de alimentos;Carlos Souza;Juliana Rocha
P-06879;Busca e apreensão;AgroVale Ltda.;Maria Oliveira
P-06880;Execução de alimentos;Pedro Henrique Santos;Maria Oliveira
P-06881;Execução Fiscal;Prefeitura Municipal de Nova Esperança;Instituto Nacional de Energia Renovável
P-06882;Ações hipotecárias;TechBrasil S.A.;Construtora Nova Era Ltda.
P-06883;Execução Cível;Prefeitura Municipal de Nova Esperança;Construtora Nova Era Ltda.
P-06884;Extinção de condomínio;Ricardo Almeida;Construtora Nova Era Ltda.
P-06885;Execução de título extrajudicial;Juliana Rocha;João da Silva
P-06886;Execução de título extrajudicial;TechBrasil S.A.;TechBrasil S.A.
P-06887;Execução Cível;Juliana Rocha;Fernanda Costa
P-06888;Inventário e partilha;Oficina Mecânica do Zé;Secretaria de Saúde de Santa Clara
P-06889;Execução Fiscal;Estado de Santa Aurora;Construtora Nova Era Ltda.
P-06890;Busca e apreensão;Juliana Rocha;GlobalTech Corp.
P-06891;Execução de título extrajudicial;Pedro Henrique Santos;GlobalTech Corp.
P-06892;Busca e apreensão;Maria Oliveira;Juliana Rocha
P-06893;Execução Fiscal;Instituto Nacional de Energia Renovável;Prefeitura Municipal de Nova Esperança
P-06894;Trabalhista;Instituto Nacional de Energia Renovável;Ana Paula Lima
P-06895;Execução Fiscal;Secretaria de Saúde de Santa Clara;Construtora Nova Era Ltda.
P-06896;Execução Cível;Ricardo Almeida;Juliana Rocha
P-06897;Execução de título extrajudicial;Instituto Nacional de Energia Renovável;Oficina Mecânica do Zé
P-06898;Busca e apreensão;Estado de Santa Aurora;AgroVale Ltda.
P-06899;Execução de título extrajudicial;Fernanda Costa;AgroVale Ltda.
P-06900;Execução Cível;Fernanda Costa;Juliana Rocha
P-06901;Inventário e partilha;João da Silva;Pedro Henrique Santos
P-06902;Busca e apreensão;Oficina Mecânica do Zé;TechBrasil S.A.
P-06903;Trabalhista;AgroVale Ltda.;Pedro Henrique Santos
P-06904;Execução de alimentos;Carlos Souza;Pedro Henrique Santos
P-06905;Execução Fiscal;Instituto Nacional de Energia Renovável;Carlos Souza
P-06906;Falência e Recuperação Judicial;Estado de Santa Aurora;Fernanda Costa
P-06907;Ações hipotecárias;GlobalTech Corp.;Prefeitura Municipal de Nova Esperança
P-06908;Busca e apreensão;Maria Oliveira;Secretaria de Saúde de Santa Clara
P-06909;Ações hipotecárias;Maria Oliveira;Pedro Henrique Santos
P-06910;Trabalhista;Construtora Nova Era Ltda.;Prefeitura Municipal de Nova Esperança
P-06911;Inventário e partilha;GlobalTech Corp.;Prefeitura Municipal de Nova Esperança
P-06912;Execução Fiscal;Secretaria de Saúde de Santa Clara;Prefeitura Municipal de Nova Esperança
P-06913;Execução de alimentos;Carlos Souza;Secretaria de Saúde de Santa Clara
P-06914;Execução de alimentos;GlobalTech Corp.;AgroVale Ltda.
P-06915;Falência e Recuperação Judicial;Estado de Santa Aurora;Ana Paula Lima
P-06916;Busca e apreensão;Prefeitura Municipal de Nova Esperança;Ana Paula Lima
P-06917;Execução de título extrajudicial;Juliana Rocha;Construtora Nova Era Ltda.
P-06918;Execução Fiscal;Estado de Santa Aurora;Fernanda Costa
P-06919;Trabalhista;Prefeitura Municipal de Nova Esperança;Juliana Rocha
P-06920;Execução Cível;Estado de Santa Aurora;Juliana Rocha
P-06921;Busca e apreensão;Estado de Santa Aurora;Ana Paula Lima
P-06922;Falência e Recuperação Judicial;Prefeitura Municipal de Nova Esperança;Ricardo Almeida
P-06923;Execução Cível;Pedro Henrique Santos;Instituto Nacional de Energia Renovável
P-06924;Busca e apreensão;Carlos Souza;Ricardo Almeida
P-06925;Ações hipotecárias;Juliana Rocha;Instituto Nacional de Energia Renovável
P-06926;Execução Cível;Secretaria de Saúde de Santa Clara;AgroVale Ltda.
P-06927;Execução Cível;Construtora Nova Era Ltda.;Ricardo Almeida
P-06928;Trabalhista;Secretaria de Saúde de Santa Clara;Juliana Rocha
P-06929;Busca e apreensão;Secretaria de Saúde de Santa Clara;Construtora Nova Era Ltda.
P-06930;Execução de alimentos;Secretaria de Saúde de Santa Clara;Prefeitura Municipal de Nova Esperança
P-06931;Trabalhista;Oficina Mecânica do Zé;AgroVale Ltda.
P-06932;Extinção de condomínio;Fernanda Costa;Prefeitura Municipal de Nova Esperança
P-06933;Busca e apreensão;TechBrasil S.A.;TechBrasil S.A.
P-06934;Execução de alimentos;Fernanda Costa;Carlos Souza
P-06935;Trabalhista;Ana Paula Lima;GlobalTech Corp.
P-06936;Trabalhista;Fernanda Costa;Prefeitura Municipal de Nova Esperança
P-06937;Ações hipotecárias;Secretaria de Saúde de Santa Clara;Secretaria de Saúde de Santa Clara
P-06938;Execução de título extrajudicial;AgroVale Ltda.;Pedro Henrique Santos
P-06939;Ações hipotecárias;Instituto Nacional de Energia Renovável;Juliana Rocha
P-06940;Ações hipotecárias;Prefeitura Municipal de Nova Esperança;Maria Oliveira
P-06941;Inventário e partilha;Instituto Nacional de Energia Renovável;Construtora Nova Era Ltda.
P-06942;Execução de alimentos;Oficina Mecânica do Zé;Ricardo Almeida
P-06943;Execução Fiscal;Instituto Nacional de Energia Renovável;Ana Paula Lima
P-06944;Execução Fiscal;Estado de Santa Aurora;TechBrasil S.A.
P-06945;Execução Fiscal;Instituto Nacional de Energia Renovável;João da Silva
P-06946;Execução Fiscal;Estado de Santa Aurora;Ricardo Almeida
P-06947;Ações hipotecárias;AgroVale Ltda.;Construtora Nova Era Ltda.
P-06948;Execução de título extrajudicial;Estado de Santa Aurora;Secretaria de Saúde de Santa Clara
P-06949;Busca e apreensão;Fernanda Costa;AgroVale Ltda.
P-06950;Trabalhista;Prefeitura Municipal de Nova Esperança;Estado de Santa Aurora
P-06951;Execução Fiscal;Prefeitura Municipal de Nova Esperança;Construtora Nova Era Ltda.
P-06952;Ações hipotecárias;TechBrasil S.A.;Construtora Nova Era Ltda.
P-06953;Inventário e partilha;Oficina Mecânica do Zé;Construtora Nova Era Ltda.
P-06954;Execução de título extrajudicial;TechBrasil S.A.;Maria Oliveira
P-06955;Execução Fiscal;Prefeitura Municipal de Nova Esperança;Carlos Souza
P-06956;Ações hipotecárias;Pedro Henrique Santos;Ricardo Almeida
P-06957;Trabalhista;Ana Paula Lima;Maria Oliveira
P-06958;Execução Cível;Juliana Rocha;Oficina Mecânica do Zé
P-06959;Inventário e partilha;Ricardo Almeida;Oficina Mecânica do Zé
P-06960;Execução Fiscal;Secretaria de Saúde de Santa Clara;GlobalTech Corp.
P-06961;Falência e Recuperação Judicial;Estado de Santa Aurora;AgroVale Ltda.
P-06962;Execução Cível;Carlos Souza;GlobalTech Corp.
P-06963;Falência e Recuperação Judicial;Estado de Santa Aurora;Juliana Rocha
P-06964;Trabalhista;Pedro Henrique Santos;Carlos Souza
P-06965;Ações hipotecárias;TechBrasil S.A.;Oficina Mecânica do Zé
P-06966;Extinção de condomínio;TechBrasil S.A.;Oficina Mecânica do Zé
P-06967;Execução de alimentos;Maria Oliveira;Prefeitura Municipal de Nova Esperança
P-06968;Ações hipotecárias;Ricardo Almeida;TechBrasil S.A.
P-06969;Ações hipotecárias;Juliana Rocha;Fernanda Costa
P-06970;Trabalhista;Instituto Nacional de Energia Renovável;Secretaria de Saúde de Santa Clara
P-06971;Inventário e partilha;Maria Oliveira;Juliana Rocha
P-06972;Execução de título extrajudicial;Carlos Souza;Maria Oliveira
P-06973;Execução Fiscal;Estado de Santa Aurora;Construtora Nova Era Ltda.
P-06974;Execução de título extrajudicial;Maria Oliveira;Estado de Santa Aurora
P-06975;Ações hipotecárias;Maria Oliveira;Estado de Santa Aurora
P-06976;Ações hipotecárias;Ricardo Almeida;Construtora Nova Era Ltda.
P-06977;Falência e Recuperação Judicial;Estado de Santa Aurora;TechBrasil S.A.
P-06978;Busca e apreensão;AgroVale Ltda.;Prefeitura Municipal de Nova Esperança
P-06979;Extinção de condomínio;Construtora Nova Era Ltda.;Secretaria de Saúde de Santa Clara
P-06980;Falência e Recuperação Judicial;Secretaria de Saúde de Santa Clara;TechBrasil S.A.
P-06981;Extinção de condomínio;Ana Paula Lima;GlobalTech Corp.
P-06982;Execução Fiscal;Instituto Nacional de Energia Renovável;TechBrasil S.A.
P-06983;Ações hipotecárias;Construtora Nova Era Ltda.;AgroVale Ltda.
P-06984;Execução de título extrajudicial;Pedro Henrique Santos;João da Silva
P-06985;Execução de alimentos;Instituto Nacional de Energia Renovável;Juliana Rocha
P-06986;Extinção de condomínio;Secretaria de Saúde de Santa Clara;Secretaria de Saúde de Santa Clara
P-06987;Ações hipotecárias;TechBrasil S.A.;Estado de Santa Aurora
P-06988;Inventário e partilha;AgroVale Ltda.;Fernanda Costa
P-06989;Inventário e partilha;Juliana Rocha;Instituto Nacional de Energia Renovável
P-06990;Extinção de condomínio;Estado de Santa Aurora;AgroVale Ltda.
P-06991;Ações hipotecárias;TechBrasil S.A.;AgroVale Ltda.
P-06992;Execução Fiscal;Instituto Nacional de Energia Renovável;GlobalTech Corp.
P-06993;Execução Fiscal;Estado de Santa Aurora;AgroVale Ltda.
P-06994;Falência e Recuperação Judicial;Instituto Nacional de Energia Renovável;Oficina Mecânica do Zé
P-06995;Execução Cível;João da Silva;Construtora Nova Era Ltda.
P-06996;Ações hipotecárias;TechBrasil S.A.;TechBrasil S.A.
P-06997;Execução Cível;TechBrasil S.A.;Instituto Nacional de Energia Renovável
P-06998;Busca e apreensão;GlobalTech Corp.;Construtora Nova Era Ltda.
P-06999;Falência e Recuperação Judicial;Prefeitura Municipal de Nova Esperança;TechBrasil S.A.
P-07000;Extinção de condomínio;Secretaria de Saúde de Santa Clara;TechBrasil S.A.
P-07001;Extinção de condomínio;TechBrasil S.A.;Estado de Santa Aurora
P-07002;Busca e apreensão;Juliana Rocha;Ricardo Almeida
P-07003;Extinção de condomínio;Carlos Souza;Pedro Henrique Santos
P-07004;Execução de alimentos;TechBrasil S.A.;Pedro Henrique Santos
P-07005;Extinção de condomínio;Pedro Henrique Santos;Prefeitura Municipal de Nova Esperança
P-07006;Execução Fiscal;Estado de Santa Aurora;Prefeitura Municipal de Nova Esperança
P-07007;Execução de alimentos;João da Silva;Oficina Mecânica do Zé
P-07008;Ações hipotecárias;AgroVale Ltda.;Ana Paula Lima
P-07009;Ações hipotecárias;Juliana Rocha;GlobalTech Corp.
P-07010;Execução de título extrajudicial;Maria Oliveira;Secretaria de Saúde de Santa Clara
P-07011;Falência e Recuperação Judicial;Secretaria de Saúde de Santa Clara;Instituto Nacional de Energia Renovável
P-07012;Execução de alimentos;Construtora Nova Era Ltda.;Instituto Nacional de Energia Renovável
P-07013;Trabalhista;Maria Oliveira;João da Silva
P-07014;Execução Fiscal;Estado de Santa Aurora;GlobalTech Corp.
P-07015;Execução Fiscal;Secretaria de Saúde de Santa Clara;Secretaria de Saúde de Santa Clara
P-07016;Execução Fiscal;Estado de Santa Aurora;GlobalTech Corp.
P-07017;Execução de título extrajudicial;Oficina Mecânica do Zé;Maria Oliveira
P-07018;Extinção de condomínio;Estado de Santa Aurora;TechBrasil S.A.
P-07019;Falência e Recuperação Judicial;Secretaria de Saúde de Santa Clara;Carlos Souza
P-07020;Ações hipotecárias;Construtora Nova Era Ltda.;AgroVale Ltda.
P-07021;Execução de título extrajudicial;TechBrasil S.A.;Instituto Nacional de Energia Renovável
P-07022;Trabalhista;Carlos Souza;João da Silva
P-07023;Ações hipotecárias;Prefeitura Municipal de Nova Esperança;Ricardo Almeida
P-07024;Ações hipotecárias;Ricardo Almeida;Juliana Rocha
P-07025;Extinção de condomínio;Fernanda Costa;Ana Paula Lima
P-07026;Ações hipotecárias;João da Silva;Maria Oliveira
P-07027;Ações hipotecárias;João da Silva;Prefeitura Municipal de Nova Esperança
P-07028;Execução Cível;Prefeitura Municipal de Nova Esperança;Carlos Souza
P-07029;Execução Cível;Fernanda Costa;João da Silva
P-07030;Ações hipotecárias;Pedro Henrique Santos;Carlos Souza
P-07031;Busca e apreensão;Pedro Henrique Santos;TechBrasil S.A.
P-07032;Ações hipotecárias;GlobalTech Corp.;AgroVale Ltda.
P-07033;Execução Fiscal;Estado de Santa Aurora;Pedro Henrique Santos
P-07034;Execução Fiscal;Prefeitura Municipal de Nova Esperança;João da Silva
P-07035;Inventário e partilha;Ana Paula Lima;Prefeitura Municipal de Nova Esperança
P-07036;Execução de título extrajudicial;Ricardo Almeida;GlobalTech Corp.
P-07037;Falência e Recuperação Judicial;Prefeitura Municipal de Nova Esperança;João da Silva
P-07038;Trabalhista;Pedro Henrique Santos;Pedro Henrique Santos
P-07039;Execução de título extrajudicial;Instituto Nacional de Energia Renovável;Prefeitura Municipal de Nova Esperança
P-07040;Execução de título extrajudicial;Secretaria de Saúde de Santa Clara;Juliana Rocha
P-07041;Inventário e partilha;Carlos Souza;Maria Oliveira
P-07042;Execução Fiscal;Prefeitura Municipal de Nova Esperança;Oficina Mecânica do Zé
P-07043;Inventário e partilha;João da Silva;Construtora Nova Era Ltda.
P-07044;Busca e apreensão;Pedro Henrique Santos;TechBrasil S.A.
P-07045;Execução Fiscal;Secretaria de Saúde de Santa Clara;Carlos Souza
P-07046;Trabalhista;Pedro Henrique Santos;Construtora Nova Era Ltda.
P-07047;Busca e apreensão;João da Silva;Prefeitura Municipal de Nova Esperança
P-07048;Trabalhista;Carlos Souza;TechBrasil S.A.
P-07049;Ações hipotecárias;AgroVale Ltda.;GlobalTech Corp.
P-07050;Trabalhista;João da Silva;João da Silva
P-07051;Execução Cível;Ana Paula Lima;Pedro Henrique Santos
P-07052;Execução de título extrajudicial;Pedro Henrique Santos;Pedro Henrique Santos
P-07053;Ações hipotecárias;Estado de Santa Aurora;Secretaria de Saúde de Santa Clara
P-07054;Falência e Recuperação Judicial;Estado de Santa Aurora;Ricardo Almeida
P-07055;Execução Cível;Carlos Souza;Instituto Nacional de Energia Renovável
P-07056;Falência e Recuperação Judicial;Prefeitura Municipal de Nova Esperança;Secretaria de Saúde de Santa Clara
P-07057;Trabalhista;Instituto Nacional de Energia Renovável;Juliana Rocha
P-07058;Trabalhista;Ana Paula Lima;João da Silva
P-07059;Execução de título extrajudicial;Construtora Nova Era Ltda.;Pedro Henrique Santos
P-07060;Execução de título extrajudicial;Oficina Mecânica do Zé;Fernanda Costa
P-07061;Execução Fiscal;Instituto Nacional de Energia Renovável;Fernanda Costa
P-07062;Execução de alimentos;João da Silva;Fernanda Costa
P-07063;Extinção de condomínio;João da Silva;Ricardo Almeida
P-07064;Execução Cível;Oficina Mecânica do Zé;Ricardo Almeida
P-07065;Trabalhista;Ricardo Almeida;TechBrasil S.A.
P-07066;Falência e Recuperação Judicial;Instituto Nacional de Energia Renovável;Estado de Santa Aurora
P-07067;Execução Fiscal;Prefeitura Municipal de Nova Esperança;Instituto Nacional de Energia Renovável
P-07068;Busca e apreensão;Estado de Santa Aurora;Ana Paula Lima
P-07069;Busca e apreensão;TechBrasil S.A.;Pedro Henrique Santos
P-07070;Falência e Recuperação Judicial;Prefeitura Municipal de Nova Esperança;Oficina Mecânica do Zé
P-07071;Execução Cível;Carlos Souza;João da Silva
P-07072;Execução Fiscal;Instituto Nacional de Energia Renovável;Oficina Mecânica do Zé
P-07073;Ações hipotecárias;Juliana Rocha;TechBrasil S.A.
P-07074;Falência e Recuperação Judicial;Prefeitura Municipal de Nova Esperança;Ricardo Almeida
P-07075;Execução Cível;Ana Paula Lima;Maria Oliveira
P-07076;Execução de título extrajudicial;Fernanda Costa;GlobalTech Corp.
P-07077;Ações hipotecárias;Carlos Souza;Pedro Henrique Santos
P-07078;Ações hipotecárias;TechBrasil S.A.;AgroVale Ltda.
P-07079;Busca e apreensão;Maria Oliveira;Ana Paula Lima
P-07080;Trabalhista;Juliana Rocha;Carlos Souza
P-07081;Execução Fiscal;Instituto Nacional de Energia Renovável;Fernanda Costa
P-07082;Execução de alimentos;Carlos Souza;Pedro Henrique Santos
P-07083;Trabalhista;Maria Oliveira;João da Silva
P-07084;Trabalhista;Oficina Mecânica do Zé;Ricardo Almeida
P-07085;Falência e Recuperação Judicial;Prefeitura Municipal de Nova Esperança;TechBrasil S.A.
P-07086;Execução de título extrajudicial;GlobalTech Corp.;AgroVale Ltda.
P-07087;Execução Cível;João da Silva;TechBrasil S.A.
P-07088;Execução Cível;Pedro Henrique Santos;Instituto Nacional de Energia Renovável
P-07089;Inventário e partilha;Ricardo Almeida;Instituto Nacional de Energia Renovável
P-07090;Trabalhista;GlobalTech Corp.;Instituto Nacional de Energia Renovável
P-07091;Execução de alimentos;Instituto Nacional de Energia Renovável;Pedro Henrique Santos
P-07092;Execução de alimentos;AgroVale Ltda.;Construtora Nova Era Ltda.
P-07093;Execução Fiscal;Prefeitura Municipal de Nova Esperança;Oficina Mecânica do Zé
P-07094;Trabalhista;Secretaria de Saúde de Santa Clara;Ana Paula Lima
P-07095;Ações hipotecárias;AgroVale Ltda.;Estado de Santa Aurora
P-07096;Execução Fiscal;Secretaria de Saúde de Santa Clara;João da Silva
P-07097;Execução Fiscal;Secretaria de Saúde de Santa Clara;Estado de Santa Aurora
P-07098;Inventário e partilha;Construtora Nova Era Ltda.;Instituto Nacional de Energia Renovável
P-07099;Execução Cível;Oficina Mecânica do Zé;Ricardo Almeida
P-07100;Execução Fiscal;Estado de Santa Aurora;João da Silva
P-07101;Execução Cível;Oficina Mecânica do Zé;Pedro Henrique Santos
P-07102;Extinção de condomínio;Juliana Rocha;TechBrasil S.A.
P-07103;Execução de título extrajudicial;AgroVale Ltda.;Juliana Rocha
P-07104;Busca e apreensão;Juliana Rocha;GlobalTech Corp.
P-07105;Execução de alimentos;Ricardo Almeida;AgroVale Ltda.
P-07106;Ações hipotecárias;Fernanda Costa;GlobalTech Corp.
P-07107;Falência e Recuperação Judicial;Secretaria de Saúde de Santa Clara;João da Silva
P-07108;Execução de título extrajudicial;GlobalTech Corp.;Pedro Henrique Santos
P-07109;Trabalhista;Carlos Souza;AgroVale Ltda.
P-07110;Execução Fiscal;Instituto Nacional de Energia Renovável;Prefeitura Municipal de Nova Esperança
P-07111;Execução de título extrajudicial;Ana Paula Lima;Fernanda Costa
P-07112;Trabalhista;Oficina Mecânica do Zé;Construtora Nova Era Ltda.
P-07113;Execução de alimentos;Ana Paula Lima;João da Silva
P-07114;Falência e Recuperação Judicial;Secretaria de Saúde de Santa Clara;João da Silva
P-07115;Execução de alimentos;Construtora Nova Era Ltda.;Construtora Nova Era Ltda.
P-07116;Ações hipotecárias;Construtora Nova Era Ltda.;GlobalTech Corp.
P-07117;Execução de título extrajudicial;Instituto Nacional de Energia Renovável;Instituto Nacional de Energia Renovável
P-07118;Trabalhista;AgroVale Ltda.;AgroVale Ltda.
P-07119;Extinção de condomínio;Estado de Santa Aurora;Construtora Nova Era Ltda.
P-07120;Execução de título extrajudicial;Juliana Rocha;GlobalTech Corp.
P-07121;Execução Fiscal;Instituto Nacional de Energia Renovável;GlobalTech Corp.
P-07122;Busca e apreensão;Instituto Nacional de Energia Renovável;João da Silva
P-07123;Falência e Recuperação Judicial;Secretaria de Saúde de Santa Clara;Pedro Henrique Santos
P-07124;Falência e Recuperação Judicial;Prefeitura Municipal de Nova Esperança;Maria Oliveira
P-07125;Execução Cível;Estado de Santa Aurora;Ana Paula Lima
P-07126;Falência e Recuperação Judicial;Instituto Nacional de Energia Renovável;Construtora Nova Era Ltda.
P-07127;Execução de alimentos;Oficina Mecânica do Zé;Carlos Souza
P-07128;Execução Cível;Ricardo Almeida;Pedro Henrique Santos
P-07129;Execução Cível;Secretaria de Saúde de Santa Clara;Secretaria de Saúde de Santa Clara
P-07130;Execução Cível;Prefeitura Municipal de Nova Esperança;TechBrasil S.A.
P-07131;Execução de título extrajudicial;Construtora Nova Era Ltda.;Ricardo Almeida
P-07132;Execução Fiscal;Prefeitura Municipal de Nova Esperança;Pedro Henrique Santos
P-07133;Trabalhista;Estado de Santa Aurora;Secretaria de Saúde de Santa Clara
P-07134;Falência e Recuperação Judicial;Prefeitura Municipal de Nova Esperança;Ricardo Almeida
P-07135;Falência e Recuperação Judicial;Prefeitura Municipal de Nova Esperança;Secretaria de Saúde de Santa Clara
P-07136;Execução de título extrajudicial;Prefeitura Municipal de Nova Esperança;Maria Oliveira
P-07137;Execução Cível;Ricardo Almeida;Secretaria de Saúde de Santa Clara
P-07138;Execução de título extrajudicial;Estado de Santa Aurora;Prefeitura Municipal de Nova Esperança
P-07139;Inventário e partilha;Construtora Nova Era Ltda.;Oficina Mecânica do Zé
P-07140;Inventário e partilha;Prefeitura Municipal de Nova Esperança;Carlos Souza
P-07141;Ações hipotecárias;TechBrasil S.A.;Fernanda Costa
P-07142;Execução Cível;Prefeitura Municipal de Nova Esperança;Estado de Santa Aurora
P-07143;Execução Cível;Instituto Nacional de Energia Renovável;Ricardo Almeida
P-07144;Extinção de condomínio;João da Silva;Oficina Mecânica do Zé
P-07145;Ações hipotecárias;Juliana Rocha;João da Silva
P-07146;Execução Fiscal;Prefeitura Municipal de Nova Esperança;Fernanda Costa
P-07147;Execução de título extrajudicial;Carlos Souza;TechBrasil S.A.
P-07148;Busca e apreensão;Oficina Mecânica do Zé;Construtora Nova Era Ltda.
P-07149;Ações hipotecárias;João da Silva;Carlos Souza
P-07150;Extinção de condomínio;Construtora Nova Era Ltda.;Estado de Santa Aurora
P-07151;Trabalhista;Instituto Nacional de Energia Renovável;Ana Paula Lima
P-07152;Execução Fiscal;Secretaria de Saúde de Santa Clara;Maria Oliveira
P-07153;Inventário e partilha;Construtora Nova Era Ltda.;Juliana Rocha
P-07154;Execução de título extrajudicial;Oficina Mecânica do Zé;Ricardo Almeida
P-07155;Falência e Recuperação Judicial;Secretaria de Saúde de Santa Clara;TechBrasil S.A.
P-07156;Execução de título extrajudicial;Maria Oliveira;Pedro Henrique Santos
P-07157;Execução de título extrajudicial;AgroVale Ltda.;Oficina Mecânica do Zé
P-07158;Extinção de condomínio;Juliana Rocha;Fernanda Costa
P-07159;Trabalhista;Oficina Mecânica do Zé;Construtora Nova Era Ltda.
P-07160;Execução Cível;Oficina Mecânica do Zé;João da Silva
P-07161;Execução Fiscal;Estado de Santa Aurora;Ana Paula Lima
P-07162;Falência e Recuperação Judicial;Estado de Santa Aurora;Instituto Nacional de Energia Renovável
P-07163;Trabalhista;Ana Paula Lima;Fernanda Costa
P-07164;Ações hipotecárias;Juliana Rocha;Pedro Henrique Santos
P-07165;Extinção de condomínio;Construtora Nova Era Ltda.;TechBrasil S.A.
P-07166;Execução Fiscal;Instituto Nacional de Energia Renovável;Ricardo Almeida
P-07167;Extinção de condomínio;Prefeitura Municipal de Nova Esperança;Maria Oliveira
P-07168;Ações hipotecárias;Maria Oliveira;Ana Paula Lima
P-07169;Falência e Recuperação Judicial;Prefeitura Municipal de Nova Esperança;Prefeitura Municipal de Nova Esperança
P-07170;Trabalhista;João da Silva;Oficina Mecânica do Zé
P-07171;Busca e apreensão;Carlos Souza;Fernanda Costa
P-07172;Trabalhista;Fernanda Costa;Secretaria de Saúde de Santa Clara
P-07173;Falência e Recuperação Judicial;Prefeitura Municipal de Nova Esperança;GlobalTech Corp.
P-07174;Execução de alimentos;Oficina Mecânica do Zé;GlobalTech Corp.
P-07175;Ações hipotecárias;Maria Oliveira;Secretaria de Saúde de Santa Clara
P-07176;Execução de título extrajudicial;Estado de Santa Aurora;Instituto Nacional de Energia Renovável
P-07177;Inventário e partilha;Oficina Mecânica do Zé;Fernanda Costa
P-07178;Execução de alimentos;Estado de Santa Aurora;Oficina Mecânica do Zé
P-07179;Execução Cível;Ricardo Almeida;Ana Paula Lima
P-07180;Execução Cível;AgroVale Ltda.;TechBrasil S.A.
P-07181;Inventário e partilha;Secretaria de Saúde de Santa Clara;Carlos Souza
P-07182;Falência e Recuperação Judicial;Instituto Nacional de Energia Renovável;TechBrasil S.A.
P-07183;Extinção de condomínio;Prefeitura Municipal de Nova Esperança;Carlos Souza
P-07184;Execução de alimentos;Oficina Mecânica do Zé;Carlos Souza
P-07185;Extinção de condomínio;Prefeitura Municipal de Nova Esperança;Ricardo Almeida
P-07186;Execução de título extrajudicial;Estado de Santa Aurora;Instituto Nacional de Energia Renovável
P-07187;Falência e Recuperação Judicial;Prefeitura Municipal de Nova Esperança;GlobalTech Corp.
P-07188;Execução de alimentos;Prefeitura Municipal de Nova Esperança;Maria Oliveira
P-07189;Execução Cível;Maria Oliveira;Construtora Nova Era Ltda.
P-07190;Falência e Recuperação Judicial;Prefeitura Municipal de Nova Esperança;AgroVale Ltda.
P-07191;Inventário e partilha;Ana Paula Lima;Pedro Henrique Santos
P-07192;Execução Fiscal;Instituto Nacional de Energia Renovável;Instituto Nacional de Energia Renovável
P-07193;Execução Fiscal;Secretaria de Saúde de Santa Clara;Maria Oliveira
P-07194;Ações hipotecárias;Ricardo Almeida;Secretaria de Saúde de Santa Clara
P-07195;Busca e apreensão;Construtora Nova Era Ltda.;João da Silva
P-07196;Execução Fiscal;Estado de Santa Aurora;Oficina Mecânica do Zé
P-07197;Execução de título extrajudicial;Fernanda Costa;TechBrasil S.A.
P-07198;Execução Cível;Juliana Rocha;Instituto Nacional de Energia Renovável
P-07199;Extinção de condomínio;Prefeitura Municipal de Nova Esperança;João da Silva
P-07200;Inventário e partilha;Carlos Souza;AgroVale Ltda.
P-07201;Inventário e partilha;AgroVale Ltda.;Fernanda Costa
P-07202;Busca e apreensão;João da Silva;Estado de Santa Aurora
P-07203;Execução Cível;Estado de Santa Aurora;Estado de Santa Aurora
P-07204;Execução Fiscal;Prefeitura Municipal de Nova Esperança;Secretaria de Saúde de Santa Clara
P-07205;Ações hipotecárias;Construtora Nova Era Ltda.;João da Silva
P-07206;Ações hipotecárias;João da Silva;Juliana Rocha
P-07207;Execução de alimentos;Ana Paula Lima;Pedro Henrique Santos
P-07208;Busca e apreensão;Oficina Mecânica do Zé;Maria Oliveira
P-07209;Busca e apreensão;Fernanda Costa;Construtora Nova Era Ltda.
P-07210;Ações hipotecárias;Ana Paula Lima;Pedro Henrique Santos
P-07211;Busca e apreensão;GlobalTech Corp.;Carlos Souza
P-07212;Extinção de condomínio;Ana Paula Lima;Instituto Nacional de Energia Renovável
P-07213;Ações hipotecárias;GlobalTech Corp.;Construtora Nova Era Ltda.
P-07214;Execução de título extrajudicial;Instituto Nacional de Energia Renovável;Prefeitura Municipal de Nova Esperança
P-07215;Falência e Recuperação Judicial;Estado de Santa Aurora;Secretaria de Saúde de Santa Clara
P-07216;Extinção de condomínio;Estado de Santa Aurora;TechBrasil S.A.
P-07217;Trabalhista;Construtora Nova Era Ltda.;Construtora Nova Era Ltda.
P-07218;Execução de título extrajudicial;Ana Paula Lima;João da Silva
P-07219;Execução de alimentos;AgroVale Ltda.;Oficina Mecânica do Zé
P-07220;Execução de título extrajudicial;Construtora Nova Era Ltda.;Instituto Nacional de Energia Renovável
P-07221;Falência e Recuperação Judicial;Estado de Santa Aurora;Ana Paula Lima
P-07222;Inventário e partilha;GlobalTech Corp.;Carlos Souza
P-07223;Inventário e partilha;Instituto Nacional de Energia Renovável;Juliana Rocha
P-07224;Inventário e partilha;Secretaria de Saúde de Santa Clara;Prefeitura Municipal de Nova Esperança
P-07225;Inventário e partilha;Fernanda Costa;AgroVale Ltda.
P-07226;Extinção de condomínio;AgroVale Ltda.;Construtora Nova Era Ltda.
P-07227;Falência e Recuperação Judicial;Secretaria de Saúde de Santa Clara;Fernanda Costa
P-07228;Falência e Recuperação Judicial;Estado de Santa Aurora;Prefeitura Municipal de Nova Esperança
P-07229;Execução Fiscal;Prefeitura Municipal de Nova Esperança;Secretaria de Saúde de Santa Clara
P-07230;Busca e apreensão;Ana Paula Lima;Instituto Nacional de Energia Renovável
P-07231;Execução de título extrajudicial;Prefeitura Municipal de Nova Esperança;Maria Oliveira
P-07232;Busca e apreensão;Pedro Henrique Santos;Ana Paula Lima
P-07233;Execução de alimentos;Ana Paula Lima;Ricardo Almeida
P-07234;Execução de título extrajudicial;Oficina Mecânica do Zé;Juliana Rocha
P-07235;Trabalhista;Oficina Mecânica do Zé;GlobalTech Corp.
P-07236;Execução de alimentos;AgroVale Ltda.;TechBrasil S.A.
P-07237;Ações hipotecárias;Fernanda Costa;Ana Paula Lima
P-07238;Execução de título extrajudicial;Estado de Santa Aurora;Ana Paula Lima
P-07239;Execução Fiscal;Estado de Santa Aurora;AgroVale Ltda.
P-07240;Busca e apreensão;Oficina Mecânica do Zé;Pedro Henrique Santos
P-07241;Execução de título extrajudicial;Oficina Mecânica do Zé;Juliana Rocha
P-07242;Execução Cível;Fernanda Costa;Instituto Nacional de Energia Renovável
P-07243;Execução Fiscal;Prefeitura Municipal de Nova Esperança;Construtora Nova Era Ltda.
P-07244;Busca e apreensão;João da Silva;Oficina Mecânica do Zé
P-07245;Execução Cível;Fernanda Costa;Estado de Santa Aurora
P-07246;Falência e Recuperação Judicial;Prefeitura Municipal de Nova Esperança;Oficina Mecânica do Zé
P-07247;Execução de título extrajudicial;Pedro Henrique Santos;GlobalTech Corp.
P-07248;Execução de título extrajudicial;TechBrasil S.A.;Juliana Rocha
P-07249;Busca e apreensão;GlobalTech Corp.;Prefeitura Municipal de Nova Esperança
P-07250;Execução de alimentos;Construtora Nova Era Ltda.;Fernanda Costa
P-07251;Extinção de condomínio;Instituto Nacional de Energia Renovável;Juliana Rocha
P-07252;Trabalhista;Juliana Rocha;Juliana Rocha
P-07253;Inventário e partilha;Secretaria de Saúde de Santa Clara;GlobalTech Corp.
P-07254;Trabalhista;Carlos Souza;Maria Oliveira
P-07255;Execução Fiscal;Prefeitura Municipal de Nova Esperança;Pedro Henrique Santos
P-07256;Execução de alimentos;AgroVale Ltda.;TechBrasil S.A.
P-07257;Execução Fiscal;Estado de Santa Aurora;AgroVale Ltda.
P-07258;Execução de alimentos;Juliana Rocha;GlobalTech Corp.
P-07259;Extinção de condomínio;Instituto Nacional de Energia Renovável;Maria Oliveira
P-07260;Ações hipotecárias;Oficina Mecânica do Zé;Construtora Nova Era Ltda.
P-07261;Inventário e partilha;Carlos Souza;Juliana Rocha
P-07262;Execução Cível;Prefeitura Municipal de Nova Esperança;Instituto Nacional de Energia Renovável
P-07263;Inventário e partilha;Ricardo Almeida;Fernanda Costa
P-07264;Inventário e partilha;Construtora Nova Era Ltda.;Oficina Mecânica do Zé
P-07265;Busca e apreensão;AgroVale Ltda.;Juliana Rocha
P-07266;Falência e Recuperação Judicial;Estado de Santa Aurora;Oficina Mecânica do Zé
P-07267;Execução Fiscal;Prefeitura Municipal de Nova Esperança;Carlos Souza
P-07268;Extinção de condomínio;GlobalTech Corp.;Juliana Rocha
P-07269;Trabalhista;AgroVale Ltda.;AgroVale Ltda.
P-07270;Execução de título extrajudicial;Fernanda Costa;Ana Paula Lima
P-07271;Execução Fiscal;Instituto Nacional de Energia Renovável;GlobalTech Corp.
P-07272;Execução de título extrajudicial;GlobalTech Corp.;Prefeitura Municipal de Nova Esperança
P-07273;Execução de alimentos;Fernanda Costa;Estado de Santa Aurora
P-07274;Falência e Recuperação Judicial;Estado de Santa Aurora;GlobalTech Corp.
P-07275;Execução de alimentos;Fernanda Costa;Maria Oliveira
P-07276;Inventário e partilha;Estado de Santa Aurora;Secretaria de Saúde de Santa Clara
P-07277;Execução de alimentos;Pedro Henrique Santos;Prefeitura Municipal de Nova Esperança
P-07278;Execução Fiscal;Instituto Nacional de Energia Renovável;Oficina Mecânica do Zé
P-07279;Inventário e partilha;GlobalTech Corp.;GlobalTech Corp.
P-07280;Execução de título extrajudicial;Maria Oliveira;AgroVale Ltda.
P-07281;Execução Fiscal;Instituto Nacional de Energia Renovável;Pedro Henrique Santos
P-07282;Trabalhista;Ana Paula Lima;João da Silva
P-07283;Inventário e partilha;João da Silva;Pedro Henrique Santos
P-07284;Trabalhista;Ana Paula Lima;Construtora Nova Era Ltda.
P-07285;Execução de alimentos;Instituto Nacional de Energia Renovável;AgroVale Ltda.
P-07286;Execução Fiscal;Estado de Santa Aurora;Fernanda Costa
P-07287;Inventário e partilha;Juliana Rocha;Pedro Henrique Santos
P-07288;Busca e apreensão;GlobalTech Corp.;Maria Oliveira
P-07289;Extinção de condomínio;TechBrasil S.A.;Ana Paula Lima
P-07290;Extinção de condomínio;Carlos Souza;Oficina Mecânica do Zé
P-07291;Execução Cível;Secretaria de Saúde de Santa Clara;Ricardo Almeida
P-07292;Execução de título extrajudicial;Pedro Henrique Santos;GlobalTech Corp.
P-07293;Extinção de condomínio;Estado de Santa Aurora;Ana Paula Lima
P-07294;Trabalhista;Estado de Santa Aurora;GlobalTech Corp.
P-07295;Execução de título extrajudicial;Ana Paula Lima;AgroVale Ltda.
P-07296;Trabalhista;TechBrasil S.A.;TechBrasil S.A.
P-07297;Execução de alimentos;Oficina Mecânica do Zé;Estado de Santa Aurora
P-07298;Ações hipotecárias;GlobalTech Corp.;Secretaria de Saúde de Santa Clara
P-07299;Inventário e partilha;Carlos Souza;Juliana Rocha
P-07300;Execução Cível;Juliana Rocha;TechBrasil S.A.
P-07301;Busca e apreensão;TechBrasil S.A.;GlobalTech Corp.
P-07302;Execução de título extrajudicial;Estado de Santa Aurora;Ricardo Almeida
P-07303;Execução de alimentos;Construtora Nova Era Ltda.;TechBrasil S.A.
P-07304;Execução de alimentos;Fernanda Costa;GlobalTech Corp.
P-07305;Busca e apreensão;Secretaria de Saúde de Santa Clara;Secretaria de Saúde de Santa Clara
P-07306;Extinção de condomínio;Ana Paula Lima;Ricardo Almeida
P-07307;Falência e Recuperação Judicial;Estado de Santa Aurora;Prefeitura Municipal de Nova Esperança
P-07308;Busca e apreensão;GlobalTech Corp.;Secretaria de Saúde de Santa Clara
P-07309;Extinção de condomínio;Maria Oliveira;Juliana Rocha
P-07310;Busca e apreensão;GlobalTech Corp.;TechBrasil S.A.
P-07311;Execução de alimentos;Secretaria de Saúde de Santa Clara;AgroVale Ltda.
P-07312;Inventário e partilha;Ana Paula Lima;AgroVale Ltda.
P-07313;Falência e Recuperação Judicial;Prefeitura Municipal de Nova Esperança;Juliana Rocha
P-07314;Ações hipotecárias;Instituto Nacional de Energia Renovável;Prefeitura Municipal de Nova Esperança
P-07315;Falência e Recuperação Judicial;Prefeitura Municipal de Nova Esperança;Carlos Souza
P-07316;Execução de título extrajudicial;Maria Oliveira;Fernanda Costa
P-07317;Execução Fiscal;Secretaria de Saúde de Santa Clara;TechBrasil S.A.
P-07318;Execução de alimentos;Fernanda Costa;AgroVale Ltda.
P-07319;Execução Fiscal;Prefeitura Municipal de Nova Esperança;Oficina Mecânica do Zé
P-07320;Execução de alimentos;Maria Oliveira;João da Silva
P-07321;Trabalhista;Fernanda Costa;Construtora Nova Era Ltda.
P-07322;Extinção de condomínio;Oficina Mecânica do Zé;Ricardo Almeida
P-07323;Falência e Recuperação Judicial;Secretaria de Saúde de Santa Clara;Pedro Henrique Santos
P-07324;Trabalhista;João da Silva;Instituto Nacional de Energia Renovável
P-07325;Inventário e partilha;Carlos Souza;Maria Oliveira
P-07326;Execução de alimentos;Ricardo Almeida;Fernanda Costa
P-07327;Execução de alimentos;Secretaria de Saúde de Santa Clara;Oficina Mecânica do Zé
P-07328;Falência e Recuperação Judicial;Instituto Nacional de Energia Renovável;TechBrasil S.A.
P-07329;Execução de alimentos;Fernanda Costa;João da Silva
P-07330;Ações hipotecárias;Fernanda Costa;Pedro Henrique Santos
P-07331;Falência e Recuperação Judicial;Instituto Nacional de Energia Renovável;Carlos Souza
P-07332;Ações hipotecárias;João da Silva;AgroVale Ltda.
P-07333;Falência e Recuperação Judicial;Prefeitura Municipal de Nova Esperança;Carlos Souza
P-07334;Busca e apreensão;Maria Oliveira;Fernanda Costa
P-07335;Execução de título extrajudicial;Oficina Mecânica do Zé;João da Silva
P-07336;Execução Cível;Carlos Souza;Carlos Souza
P-07337;Inventário e partilha;Construtora Nova Era Ltda.;Carlos Souza
P-07338;Execução Fiscal;Instituto Nacional de Energia Renovável;Oficina Mecânica do Zé
P-07339;Execução de alimentos;João da Silva;Oficina Mecânica do Zé
P-07340;Execução de alimentos;Secretaria de Saúde de Santa Clara;Construtora Nova Era Ltda.
P-07341;Busca e apreensão;Instituto Nacional de Energia Renovável;Carlos Souza
P-07342;Execução de título extrajudicial;GlobalTech Corp.;João da Silva
P-07343;Execução Fiscal;Instituto Nacional de Energia Renovável;Secretaria de Saúde de Santa Clara
P-07344;Trabalhista;Maria Oliveira;João da Silva
P-07345;Ações hipotecárias;João da Silva;Carlos Souza
P-07346;Execução Fiscal;Prefeitura Municipal de Nova Esperança;GlobalTech Corp.
P-07347;Execução Fiscal;Estado de Santa Aurora;Fernanda Costa
P-07348;Inventário e partilha;Maria Oliveira;TechBrasil S.A.
P-07349;Execução Fiscal;Instituto Nacional de Energia Renovável;Ana Paula Lima
P-07350;Falência e Recuperação Judicial;Instituto Nacional de Energia Renovável;João da Silva
P-07351;Ações hipotecárias;João da Silva;João da Silva
P-07352;Busca e apreensão;Oficina Mecânica do Zé;AgroVale Ltda.
P-07353;Inventário e partilha;Carlos Souza;João da Silva
P-07354;Extinção de condomínio;Instituto Nacional de Energia Renovável;João da Silva
P-07355;Execução Cível;Carlos Souza;Maria Oliveira
P-07356;Execução de título extrajudicial;Carlos Souza;Secretaria de Saúde de Santa Clara
P-07357;Ações hipotecárias;Ricardo Almeida;Carlos Souza
P-07358;Execução Fiscal;Instituto Nacional de Energia Renovável;AgroVale Ltda.
P-07359;Execução Fiscal;Prefeitura Municipal de Nova Esperança;João da Silva
P-07360;Falência e Recuperação Judicial;Estado de Santa Aurora;TechBrasil S.A.
P-07361;Trabalhista;Estado de Santa Aurora;Instituto Nacional de Energia Renovável
P-07362;Inventário e partilha;Ricardo Almeida;Maria Oliveira
P-07363;Ações hipotecárias;Fernanda Costa;Prefeitura Municipal de Nova Esperança
P-07364;Execução de título extrajudicial;Ricardo Almeida;Instituto Nacional de Energia Renovável
P-07365;Ações hipotecárias;João da Silva;Pedro Henrique Santos
P-07366;Extinção de condomínio;João da Silva;Construtora Nova Era Ltda.
P-07367;Ações hipotecárias;João da Silva;João da Silva
P-07368;Execução de título extrajudicial;Secretaria de Saúde de Santa Clara;Ana Paula Lima
P-07369;Falência e Recuperação Judicial;Secretaria de Saúde de Santa Clara;Ana Paula Lima
P-07370;Execução de título extrajudicial;Secretaria de Saúde de Santa Clara;Juliana Rocha
P-07371;Execução de alimentos;Instituto Nacional de Energia Renovável;João da Silva
P-07372;Falência e Recuperação Judicial;Estado de Santa Aurora;Estado de Santa Aurora
P-07373;Busca e apreensão;Ana Paula Lima;Oficina Mecânica do Zé
P-07374;Extinção de condomínio;Ana Paula Lima;Prefeitura Municipal de Nova Esperança
P-07375;Busca e apreensão;Prefeitura Municipal de Nova Esperança;Pedro Henrique Santos
P-07376;Execução de alimentos;Estado de Santa Aurora;Prefeitura Municipal de Nova Esperança
P-07377;Execução de título extrajudicial;Carlos Souza;Ana Paula Lima
P-07378;Ações hipotecárias;TechBrasil S.A.;Maria Oliveira
P-07379;Extinção de condomínio;Ricardo Almeida;Juliana Rocha
P-07380;Extinção de condomínio;AgroVale Ltda.;Instituto Nacional de Energia Renovável
P-07381;Inventário e partilha;AgroVale Ltda.;Juliana Rocha
P-07382;Trabalhista;Carlos Souza;Ana Paula Lima
P-07383;Falência e Recuperação Judicial;Prefeitura Municipal de Nova Esperança;Ana Paula Lima
P-07384;Busca e apreensão;GlobalTech Corp.;Ricardo Almeida
P-07385;Execução Fiscal;Instituto Nacional de Energia Renovável;Maria Oliveira
P-07386;Execução de alimentos;Carlos Souza;Construtora Nova Era Ltda.
P-07387;Execução Cível;Prefeitura Municipal de Nova Esperança;Prefeitura Municipal de Nova Esperança
P-07388;Execução de título extrajudicial;Maria Oliveira;Oficina Mecânica do Zé
P-07389;Execução de título extrajudicial;GlobalTech Corp.;AgroVale Ltda.
P-07390;Inventário e partilha;AgroVale Ltda.;GlobalTech Corp.
P-07391;Trabalhista;Juliana Rocha;João da Silva
P-07392;Execução Cível;Fernanda Costa;Ricardo Almeida
P-07393;Busca e apreensão;Secretaria de Saúde de Santa Clara;Oficina Mecânica do Zé
P-07394;Execução de alimentos;AgroVale Ltda.;Prefeitura Municipal de Nova Esperança
P-07395;Falência e Recuperação Judicial;Secretaria de Saúde de Santa Clara;Maria Oliveira
P-07396;Extinção de condomínio;Carlos Souza;Pedro Henrique Santos
P-07397;Ações hipotecárias;Construtora Nova Era Ltda.;GlobalTech Corp.
P-07398;Inventário e partilha;Pedro Henrique Santos;Secretaria de Saúde de Santa Clara
P-07399;Ações hipotecárias;Prefeitura Municipal de Nova Esperança;Prefeitura Municipal de Nova Esperança
P-07400;Trabalhista;Pedro Henrique Santos;Instituto Nacional de Energia Renovável
P-07401;Inventário e partilha;Oficina Mecânica do Zé;Juliana Rocha
P-07402;Extinção de condomínio;Carlos Souza;Oficina Mecânica do Zé
P-07403;Execução de alimentos;João da Silva;Fernanda Costa
P-07404;Execução de alimentos;Carlos Souza;Construtora Nova Era Ltda.
P-07405;Ações hipotecárias;TechBrasil S.A.;Ana Paula Lima
P-07406;Falência e Recuperação Judicial;Secretaria de Saúde de Santa Clara;Ana Paula Lima
P-07407;Inventário e partilha;Prefeitura Municipal de Nova Esperança;TechBrasil S.A.
P-07408;Trabalhista;Pedro Henrique Santos;Fernanda Costa
P-07409;Execução Fiscal;Estado de Santa Aurora;GlobalTech Corp.
P-07410;Execução Cível;João da Silva;TechBrasil S.A.
P-07411;Inventário e partilha;Oficina Mecânica do Zé;TechBrasil S.A.
P-07412;Extinção de condomínio;Estado de Santa Aurora;Fernanda Costa
P-07413;Execução Fiscal;Prefeitura Municipal de Nova Esperança;GlobalTech Corp.
P-07414;Busca e apreensão;GlobalTech Corp.;Oficina Mecânica do Zé
P-07415;Busca e apreensão;Carlos Souza;Juliana Rocha
P-07416;Ações hipotecárias;Ricardo Almeida;Instituto Nacional de Energia Renovável
P-07417;Ações hipotecárias;Maria Oliveira;Secretaria de Saúde de Santa Clara
P-07418;Falência e Recuperação Judicial;Prefeitura Municipal de Nova Esperança;AgroVale Ltda.
P-07419;Falência e Recuperação Judicial;Prefeitura Municipal de Nova Esperança;TechBrasil S.A.
P-07420;Busca e apreensão;Instituto Nacional de Energia Renovável;Fernanda Costa
P-07421;Execução de título extrajudicial;Ricardo Almeida;Juliana Rocha
P-07422;Execução Cível;Juliana Rocha;Fernanda Costa
P-07423;Busca e apreensão;Secretaria de Saúde de Santa Clara;Estado de Santa Aurora
P-07424;Falência e Recuperação Judicial;Prefeitura Municipal de Nova Esperança;Estado de Santa Aurora
P-07425;Ações hipotecárias;Instituto Nacional de Energia Renovável;Prefeitura Municipal de Nova Esperança
P-07426;Execução Cível;Pedro Henrique Santos;Carlos Souza
P-07427;Execução Cível;TechBrasil S.A.;TechBrasil S.A.
P-07428;Execução Fiscal;Prefeitura Municipal de Nova Esperança;Fernanda Costa
P-07429;Execução de título extrajudicial;Fernanda Costa;Instituto Nacional de Energia Renovável
P-07430;Inventário e partilha;Pedro Henrique Santos;Oficina Mecânica do Zé
P-07431;Busca e apreensão;AgroVale Ltda.;Prefeitura Municipal de Nova Esperança
P-07432;Execução Fiscal;Estado de Santa Aurora;Carlos Souza
P-07433;Falência e Recuperação Judicial;Prefeitura Municipal de Nova Esperança;Juliana Rocha
P-07434;Inventário e partilha;João da Silva;Estado de Santa Aurora
P-07435;Extinção de condomínio;GlobalTech Corp.;Pedro Henrique Santos
P-07436;Extinção de condomínio;TechBrasil S.A.;AgroVale Ltda.
P-07437;Busca e apreensão;Instituto Nacional de Energia Renovável;Construtora Nova Era Ltda.
P-07438;Execução Cível;Oficina Mecânica do Zé;Ricardo Almeida
P-07439;Execução Cível;Carlos Souza;AgroVale Ltda.
P-07440;Ações hipotecárias;Construtora Nova Era Ltda.;Prefeitura Municipal de Nova Esperança
P-07441;Ações hipotecárias;Oficina Mecânica do Zé;Instituto Nacional de Energia Renovável
P-07442;Execução de alimentos;Maria Oliveira;Maria Oliveira
P-07443;Execução de alimentos;GlobalTech Corp.;Instituto Nacional de Energia Renovável
P-07444;Trabalhista;AgroVale Ltda.;Juliana Rocha
P-07445;Busca e apreensão;Juliana Rocha;Ricardo Almeida
P-07446;Falência e Recuperação Judicial;Secretaria de Saúde de Santa Clara;Construtora Nova Era Ltda.
P-07447;Busca e apreensão;Maria Oliveira;Maria Oliveira
P-07448;Extinção de condomínio;TechBrasil S.A.;GlobalTech Corp.
P-07449;Extinção de condomínio;João da Silva;Pedro Henrique Santos
P-07450;Busca e apreensão;Estado de Santa Aurora;Ana Paula Lima
P-07451;Execução de alimentos;GlobalTech Corp.;Prefeitura Municipal de Nova Esperança
P-07452;Execução de título extrajudicial;João da Silva;Oficina Mecânica do Zé
P-07453;Execução Fiscal;Prefeitura Municipal de Nova Esperança;Ricardo Almeida
P-07454;Extinção de condomínio;Secretaria de Saúde de Santa Clara;Ricardo Almeida
P-07455;Execução de título extrajudicial;TechBrasil S.A.;AgroVale Ltda.
P-07456;Execução de alimentos;TechBrasil S.A.;Instituto Nacional de Energia Renovável
P-07457;Execução Fiscal;Secretaria de Saúde de Santa Clara;Instituto Nacional de Energia Renovável
P-07458;Inventário e partilha;Instituto Nacional de Energia Renovável;Secretaria de Saúde de Santa Clara
P-07459;Busca e apreensão;AgroVale Ltda.;Secretaria de Saúde de Santa Clara
P-07460;Execução de alimentos;Instituto Nacional de Energia Renovável;Oficina Mecânica do Zé
P-07461;Execução de alimentos;Fernanda Costa;João da Silva
P-07462;Execução de alimentos;AgroVale Ltda.;Carlos Souza
P-07463;Inventário e partilha;Prefeitura Municipal de Nova Esperança;Juliana Rocha
P-07464;Execução de título extrajudicial;Construtora Nova Era Ltda.;GlobalTech Corp.
P-07465;Execução de título extrajudicial;Carlos Souza;Ricardo Almeida
P-07466;Execução de título extrajudicial;AgroVale Ltda.;Carlos Souza
P-07467;Falência e Recuperação Judicial;Prefeitura Municipal de Nova Esperança;Secretaria de Saúde de Santa Clara
P-07468;Execução de título extrajudicial;Juliana Rocha;Maria Oliveira
P-07469;Falência e Recuperação Judicial;Instituto Nacional de Energia Renovável;João da Silva
P-07470;Execução Fiscal;Secretaria de Saúde de Santa Clara;Instituto Nacional de Energia Renovável
P-07471;Inventário e partilha;Fernanda Costa;Juliana Rocha
P-07472;Busca e apreensão;AgroVale Ltda.;Prefeitura Municipal de Nova Esperança
P-07473;Extinção de condomínio;Instituto Nacional de Energia Renovável;Ana Paula Lima
P-07474;Execução de alimentos;Juliana Rocha;AgroVale Ltda.
P-07475;Execução de título extrajudicial;TechBrasil S.A.;Construtora Nova Era Ltda.
P-07476;Execução Fiscal;Secretaria de Saúde de Santa Clara;Construtora Nova Era Ltda.
P-07477;Trabalhista;Maria Oliveira;Construtora Nova Era Ltda.
P-07478;Execução Cível;Juliana Rocha;Juliana Rocha
P-07479;Ações hipotecárias;Prefeitura Municipal de Nova Esperança;Ana Paula Lima
P-07480;Execução de título extrajudicial;João da Silva;Ana Paula Lima
P-07481;Ações hipotecárias;Prefeitura Municipal de Nova Esperança;AgroVale Ltda.
P-07482;Trabalhista;Prefeitura Municipal de Nova Esperança;TechBrasil S.A.
P-07483;Ações hipotecárias;Carlos Souza;AgroVale Ltda.
P-07484;Busca e apreensão;Ana Paula Lima;Pedro Henrique Santos
P-07485;Execução de alimentos;TechBrasil S.A.;Carlos Souza
P-07486;Inventário e partilha;Fernanda Costa;Secretaria de Saúde de Santa Clara
P-07487;Extinção de condomínio;Ricardo Almeida;Ana Paula Lima
P-07488;Falência e Recuperação Judicial;Instituto Nacional de Energia Renovável;João da Silva
P-07489;Ações hipotecárias;Carlos Souza;Juliana Rocha
P-07490;Execução Fiscal;Secretaria de Saúde de Santa Clara;Pedro Henrique Santos
P-07491;Inventário e partilha;Oficina Mecânica do Zé;Construtora Nova Era Ltda.
P-07492;Execução Fiscal;Instituto Nacional de Energia Renovável;Carlos Souza
P-07493;Execução de título extrajudicial;João da Silva;Construtora Nova Era Ltda.
P-07494;Execução Fiscal;Estado de Santa Aurora;Fernanda Costa
P-07495;Execução de alimentos;AgroVale Ltda.;Juliana Rocha
P-07496;Busca e apreensão;Pedro Henrique Santos;Estado de Santa Aurora
P-07497;Execução de título extrajudicial;AgroVale Ltda.;AgroVale Ltda.
P-07498;Extinção de condomínio;Carlos Souza;GlobalTech Corp.
P-07499;Extinção de condomínio;Pedro Henrique Santos;AgroVale Ltda.
P-07500;Execução Cível;TechBrasil S.A.;Secretaria de Saúde de Santa Clara
P-07501;Trabalhista;Ricardo Almeida;Estado de Santa Aurora
P-07502;Execução de título extrajudicial;Secretaria de Saúde de Santa Clara;João da Silva
P-07503;Inventário e partilha;Fernanda Costa;João da Silva
P-07504;Ações hipotecárias;Pedro Henrique Santos;Maria Oliveira
P-07505;Trabalhista;Ana Paula Lima;GlobalTech Corp.
P-07506;Falência e Recuperação Judicial;Secretaria de Saúde de Santa Clara;Oficina Mecânica do Zé
P-07507;Busca e apreensão;GlobalTech Corp.;Instituto Nacional de Energia Renovável
P-07508;Falência e Recuperação Judicial;Instituto Nacional de Energia Renovável;TechBrasil S.A.
P-07509;Execução de alimentos;Construtora Nova Era Ltda.;Instituto Nacional de Energia Renovável
P-07510;Ações hipotecárias;Oficina Mecânica do Zé;Secretaria de Saúde de Santa Clara
P-07511;Execução de título extrajudicial;Oficina Mecânica do Zé;Fernanda Costa
P-07512;Trabalhista;Instituto Nacional de Energia Renovável;Instituto Nacional de Energia Renovável
P-07513;Execução Fiscal;Secretaria de Saúde de Santa Clara;Prefeitura Municipal de Nova Esperança
P-07514;Trabalhista;Ana Paula Lima;TechBrasil S.A.
P-07515;Extinção de condomínio;Estado de Santa Aurora;Fernanda Costa
P-07516;Execução de título extrajudicial;Carlos Souza;Construtora Nova Era Ltda.
P-07517;Execução Cível;Oficina Mecânica do Zé;Oficina Mecânica do Zé
P-07518;Ações hipotecárias;TechBrasil S.A.;Pedro Henrique Santos
P-07519;Execução Fiscal;Secretaria de Saúde de Santa Clara;Oficina Mecânica do Zé
P-07520;Ações hipotecárias;Secretaria de Saúde de Santa Clara;Estado de Santa Aurora
P-07521;Execução Cível;AgroVale Ltda.;Instituto Nacional de Energia Renovável
P-07522;Busca e apreensão;Fernanda Costa;João da Silva
P-07523;Execução Fiscal;Instituto Nacional de Energia Renovável;Prefeitura Municipal de Nova Esperança
P-07524;Execução Cível;Juliana Rocha;Fernanda Costa
P-07525;Trabalhista;Prefeitura Municipal de Nova Esperança;Carlos Souza
P-07526;Inventário e partilha;Instituto Nacional de Energia Renovável;Construtora Nova Era Ltda.
P-07527;Falência e Recuperação Judicial;Instituto Nacional de Energia Renovável;AgroVale Ltda.
P-07528;Execução de alimentos;Prefeitura Municipal de Nova Esperança;Ana Paula Lima
P-07529;Extinção de condomínio;Prefeitura Municipal de Nova Esperança;GlobalTech Corp.
P-07530;Execução Cível;Maria Oliveira;Carlos Souza
P-07531;Busca e apreensão;Maria Oliveira;Instituto Nacional de Energia Renovável
P-07532;Ações hipotecárias;Ricardo Almeida;Ana Paula Lima
P-07533;Execução de título extrajudicial;Fernanda Costa;Pedro Henrique Santos
P-07534;Ações hipotecárias;Pedro Henrique Santos;GlobalTech Corp.
P-07535;Execução Fiscal;Prefeitura Municipal de Nova Esperança;Pedro Henrique Santos
P-07536;Inventário e partilha;Juliana Rocha;AgroVale Ltda.
P-07537;Inventário e partilha;Construtora Nova Era Ltda.;Ricardo Almeida
P-07538;Execução de título extrajudicial;Juliana Rocha;Instituto Nacional de Energia Renovável
P-07539;Inventário e partilha;GlobalTech Corp.;GlobalTech Corp.
P-07540;Execução Fiscal;Instituto Nacional de Energia Renovável;Juliana Rocha
P-07541;Execução Cível;Estado de Santa Aurora;Juliana Rocha
P-07542;Busca e apreensão;João da Silva;GlobalTech Corp.
P-07543;Execução Cível;Prefeitura Municipal de Nova Esperança;Ricardo Almeida
P-07544;Execução de título extrajudicial;Fernanda Costa;Maria Oliveira
P-07545;Falência e Recuperação Judicial;Instituto Nacional de Energia Renovável;Carlos Souza
P-07546;Ações hipotecárias;Instituto Nacional de Energia Renovável;TechBrasil S.A.
P-07547;Busca e apreensão;Secretaria de Saúde de Santa Clara;Pedro Henrique Santos
P-07548;Busca e apreensão;João da Silva;Ricardo Almeida
P-07549;Execução de alimentos;Secretaria de Saúde de Santa Clara;Ricardo Almeida
P-07550;Ações hipotecárias;Fernanda Costa;Maria Oliveira
P-07551;Inventário e partilha;João da Silva;Secretaria de Saúde de Santa Clara
P-07552;Inventário e partilha;TechBrasil S.A.;AgroVale Ltda.
P-07553;Execução Fiscal;Estado de Santa Aurora;Oficina Mecânica do Zé
P-07554;Execução Fiscal;Secretaria de Saúde de Santa Clara;Instituto Nacional de Energia Renovável
P-07555;Inventário e partilha;Estado de Santa Aurora;AgroVale Ltda.
P-07556;Inventário e partilha;Ricardo Almeida;Oficina Mecânica do Zé
P-07557;Execução Cível;Fernanda Costa;Construtora Nova Era Ltda.
P-07558;Inventário e partilha;AgroVale Ltda.;Estado de Santa Aurora
P-07559;Execução de título extrajudicial;TechBrasil S.A.;TechBrasil S.A.
P-07560;Busca e apreensão;TechBrasil S.A.;Carlos Souza
P-07561;Execução Fiscal;Estado de Santa Aurora;Maria Oliveira
P-07562;Execução Cível;Ana Paula Lima;Ricardo Almeida
P-07563;Extinção de condomínio;Estado de Santa Aurora;João da Silva
P-07564;Execução de alimentos;Secretaria de Saúde de Santa Clara;TechBrasil S.A.
P-07565;Execução de título extrajudicial;TechBrasil S.A.;Instituto Nacional de Energia Renovável
P-07566;Execução de alimentos;Juliana Rocha;Construtora Nova Era Ltda.
P-07567;Busca e apreensão;Instituto Nacional de Energia Renovável;Construtora Nova Era Ltda.
P-07568;Execução Cível;GlobalTech Corp.;Ana Paula Lima
P-07569;Execução de alimentos;Instituto Nacional de Energia Renovável;Prefeitura Municipal de Nova Esperança
P-07570;Falência e Recuperação Judicial;Prefeitura Municipal de Nova Esperança;Fernanda Costa
P-07571;Execução de título extrajudicial;Secretaria de Saúde de Santa Clara;AgroVale Ltda.
P-07572;Falência e Recuperação Judicial;Secretaria de Saúde de Santa Clara;Pedro Henrique Santos
P-07573;Falência e Recuperação Judicial;Estado de Santa Aurora;AgroVale Ltda.
P-07574;Extinção de condomínio;Instituto Nacional de Energia Renovável;Carlos Souza
P-07575;Extinção de condomínio;AgroVale Ltda.;Construtora Nova Era Ltda.
P-07576;Ações hipotecárias;Pedro Henrique Santos;Construtora Nova Era Ltda.
P-07577;Execução Cível;Prefeitura Municipal de Nova Esperança;Estado de Santa Aurora
P-07578;Execução de título extrajudicial;Secretaria de Saúde de Santa Clara;Oficina Mecânica do Zé
P-07579;Execução de alimentos;Instituto Nacional de Energia Renovável;Pedro Henrique Santos
P-07580;Falência e Recuperação Judicial;Instituto Nacional de Energia Renovável;Instituto Nacional de Energia Renovável
P-07581;Falência e Recuperação Judicial;Instituto Nacional de Energia Renovável;Ana Paula Lima
P-07582;Busca e apreensão;Prefeitura Municipal de Nova Esperança;Prefeitura Municipal de Nova Esperança
P-07583;Execução Cível;AgroVale Ltda.;Carlos Souza
P-07584;Ações hipotecárias;Fernanda Costa;Maria Oliveira
P-07585;Extinção de condomínio;Pedro Henrique Santos;Prefeitura Municipal de Nova Esperança
P-07586;Busca e apreensão;Ricardo Almeida;AgroVale Ltda.
P-07587;Execução Cível;Prefeitura Municipal de Nova Esperança;AgroVale Ltda.
P-07588;Inventário e partilha;Ricardo Almeida;João da Silva
P-07589;Execução de título extrajudicial;AgroVale Ltda.;Construtora Nova Era Ltda.
P-07590;Execução de título extrajudicial;Carlos Souza;João da Silva
P-07591;Extinção de condomínio;Secretaria de Saúde de Santa Clara;Estado de Santa Aurora
P-07592;Extinção de condomínio;Pedro Henrique Santos;Oficina Mecânica do Zé
P-07593;Trabalhista;Maria Oliveira;Maria Oliveira
P-07594;Trabalhista;Secretaria de Saúde de Santa Clara;GlobalTech Corp.
P-07595;Trabalhista;Pedro Henrique Santos;Estado de Santa Aurora
P-07596;Ações hipotecárias;Ricardo Almeida;João da Silva
P-07597;Execução de título extrajudicial;Construtora Nova Era Ltda.;João da Silva
P-07598;Falência e Recuperação Judicial;Estado de Santa Aurora;Oficina Mecânica do Zé
P-07599;Execução Fiscal;Instituto Nacional de Energia Renovável;TechBrasil S.A.
P-07600;Busca e apreensão;Prefeitura Municipal de Nova Esperança;Oficina Mecânica do Zé
P-07601;Busca e apreensão;Estado de Santa Aurora;Construtora Nova Era Ltda.
P-07602;Execução de título extrajudicial;TechBrasil S.A.;TechBrasil S.A.
P-07603;Execução de alimentos;GlobalTech Corp.;Oficina Mecânica do Zé
P-07604;Execução Cível;Oficina Mecânica do Zé;Ana Paula Lima
P-07605;Ações hipotecárias;Ricardo Almeida;Prefeitura Municipal de Nova Esperança
P-07606;Execução de título extrajudicial;Oficina Mecânica do Zé;Instituto Nacional de Energia Renovável
P-07607;Execução Cível;Juliana Rocha;Pedro Henrique Santos
P-07608;Execução de título extrajudicial;Secretaria de Saúde de Santa Clara;João da Silva
P-07609;Execução Fiscal;Instituto Nacional de Energia Renovável;Instituto Nacional de Energia Renovável
P-07610;Execução Fiscal;Instituto Nacional de Energia Renovável;Maria Oliveira
P-07611;Execução Cível;Ricardo Almeida;João da Silva
P-07612;Busca e apreensão;Secretaria de Saúde de Santa Clara;TechBrasil S.A.
P-07613;Extinção de condomínio;Pedro Henrique Santos;Fernanda Costa
P-07614;Extinção de condomínio;Oficina Mecânica do Zé;Construtora Nova Era Ltda.
P-07615;Execução de alimentos;Carlos Souza;Construtora Nova Era Ltda.
P-07616;Inventário e partilha;João da Silva;Construtora Nova Era Ltda.
P-07617;Execução de título extrajudicial;TechBrasil S.A.;Secretaria de Saúde de Santa Clara
P-07618;Execução de título extrajudicial;GlobalTech Corp.;Ricardo Almeida
P-07619;Execução Cível;Secretaria de Saúde de Santa Clara;Instituto Nacional de Energia Renovável
P-07620;Ações hipotecárias;GlobalTech Corp.;Secretaria de Saúde de Santa Clara
P-07621;Trabalhista;Carlos Souza;Juliana Rocha
P-07622;Busca e apreensão;Prefeitura Municipal de Nova Esperança;Fernanda Costa
P-07623;Falência e Recuperação Judicial;Prefeitura Municipal de Nova Esperança;Ricardo Almeida
P-07624;Busca e apreensão;GlobalTech Corp.;Construtora Nova Era Ltda.
P-07625;Extinção de condomínio;Ricardo Almeida;Ricardo Almeida
P-07626;Trabalhista;Construtora Nova Era Ltda.;Ana Paula Lima
P-07627;Falência e Recuperação Judicial;Estado de Santa Aurora;Oficina Mecânica do Zé
P-07628;Execução de alimentos;Construtora Nova Era Ltda.;Pedro Henrique Santos
P-07629;Execução de alimentos;Maria Oliveira;João da Silva
P-07630;Extinção de condomínio;Oficina Mecânica do Zé;Fernanda Costa
P-07631;Falência e Recuperação Judicial;Estado de Santa Aurora;João da Silva
P-07632;Busca e apreensão;Ricardo Almeida;Maria Oliveira
P-07633;Inventário e partilha;GlobalTech Corp.;Pedro Henrique Santos
P-07634;Trabalhista;Oficina Mecânica do Zé;Prefeitura Municipal de Nova Esperança
P-07635;Execução de alimentos;Ana Paula Lima;TechBrasil S.A.
P-07636;Execução de alimentos;Instituto Nacional de Energia Renovável;Ricardo Almeida
P-07637;Execução de título extrajudicial;Pedro Henrique Santos;Fernanda Costa
P-07638;Execução Cível;AgroVale Ltda.;Prefeitura Municipal de Nova Esperança
P-07639;Inventário e partilha;Ricardo Almeida;Pedro Henrique Santos
P-07640;Execução de alimentos;Secretaria de Saúde de Santa Clara;Instituto Nacional de Energia Renovável
P-07641;Ações hipotecárias;Ana Paula Lima;Ana Paula Lima
P-07642;Falência e Recuperação Judicial;Instituto Nacional de Energia Renovável;Pedro Henrique Santos
P-07643;Execução de título extrajudicial;Pedro Henrique Santos;Secretaria de Saúde de Santa Clara
P-07644;Execução Fiscal;Estado de Santa Aurora;Secretaria de Saúde de Santa Clara
P-07645;Inventário e partilha;Secretaria de Saúde de Santa Clara;Secretaria de Saúde de Santa Clara
P-07646;Execução de alimentos;Juliana Rocha;João da Silva
P-07647;Execução Cível;Prefeitura Municipal de Nova Esperança;Construtora Nova Era Ltda.
P-07648;Execução Fiscal;Secretaria de Saúde de Santa Clara;Fernanda Costa
P-07649;Extinção de condomínio;Carlos Souza;Instituto Nacional de Energia Renovável
P-07650;Inventário e partilha;Fernanda Costa;Ricardo Almeida
P-07651;Busca e apreensão;Fernanda Costa;Carlos Souza
P-07652;Falência e Recuperação Judicial;Prefeitura Municipal de Nova Esperança;Maria Oliveira
P-07653;Trabalhista;Pedro Henrique Santos;Fernanda Costa
P-07654;Execução de título extrajudicial;TechBrasil S.A.;Prefeitura Municipal de Nova Esperança
P-07655;Extinção de condomínio;Fernanda Costa;Fernanda Costa
P-07656;Execução Fiscal;Prefeitura Municipal de Nova Esperança;Secretaria de Saúde de Santa Clara
P-07657;Busca e apreensão;Prefeitura Municipal de Nova Esperança;Ricardo Almeida
P-07658;Busca e apreensão;Pedro Henrique Santos;Maria Oliveira
P-07659;Execução Cível;TechBrasil S.A.;Secretaria de Saúde de Santa Clara
P-07660;Extinção de condomínio;Maria Oliveira;Oficina Mecânica do Zé
P-07661;Trabalhista;AgroVale Ltda.;João da Silva
P-07662;Busca e apreensão;Prefeitura Municipal de Nova Esperança;Fernanda Costa
P-07663;Inventário e partilha;Maria Oliveira;Estado de Santa Aurora
P-07664;Inventário e partilha;Secretaria de Saúde de Santa Clara;Ana Paula Lima
P-07665;Execução de título extrajudicial;Prefeitura Municipal de Nova Esperança;GlobalTech Corp.
P-07666;Falência e Recuperação Judicial;Instituto Nacional de Energia Renovável;Construtora Nova Era Ltda.
P-07667;Trabalhista;Estado de Santa Aurora;Prefeitura Municipal de Nova Esperança
P-07668;Busca e apreensão;Secretaria de Saúde de Santa Clara;Ricardo Almeida
P-07669;Execução de alimentos;Instituto Nacional de Energia Renovável;Prefeitura Municipal de Nova Esperança
P-07670;Falência e Recuperação Judicial;Estado de Santa Aurora;Estado de Santa Aurora
P-07671;Execução de título extrajudicial;Construtora Nova Era Ltda.;Pedro Henrique Santos
P-07672;Falência e Recuperação Judicial;Instituto Nacional de Energia Renovável;Juliana Rocha
P-07673;Execução Fiscal;Instituto Nacional de Energia Renovável;Estado de Santa Aurora
P-07674;Trabalhista;AgroVale Ltda.;Instituto Nacional de Energia Renovável
P-07675;Execução de título extrajudicial;Secretaria de Saúde de Santa Clara;Secretaria de Saúde de Santa Clara
P-07676;Execução de título extrajudicial;Juliana Rocha;Prefeitura Municipal de Nova Esperança
P-07677;Falência e Recuperação Judicial;Estado de Santa Aurora;Estado de Santa Aurora
P-07678;Trabalhista;Pedro Henrique Santos;Carlos Souza
P-07679;Busca e apreensão;Pedro Henrique Santos;Juliana Rocha
P-07680;Falência e Recuperação Judicial;Instituto Nacional de Energia Renovável;Fernanda Costa
P-07681;Busca e apreensão;Pedro Henrique Santos;Prefeitura Municipal de Nova Esperança
P-07682;Execução Fiscal;Secretaria de Saúde de Santa Clara;AgroVale Ltda.
P-07683;Falência e Recuperação Judicial;Estado de Santa Aurora;Fernanda Costa
P-07684;Inventário e partilha;GlobalTech Corp.;Fernanda Costa
P-07685;Ações hipotecárias;Oficina Mecânica do Zé;Estado de Santa Aurora
P-07686;Inventário e partilha;Construtora Nova Era Ltda.;Carlos Souza
P-07687;Execução de título extrajudicial;Juliana Rocha;João da Silva
P-07688;Trabalhista;Pedro Henrique Santos;Pedro Henrique Santos
P-07689;Falência e Recuperação Judicial;Prefeitura Municipal de Nova Esperança;GlobalTech Corp.
P-07690;Execução Fiscal;Instituto Nacional de Energia Renovável;GlobalTech Corp.
P-07691;Trabalhista;Oficina Mecânica do Zé;Construtora Nova Era Ltda.
P-07692;Execução Fiscal;Prefeitura Municipal de Nova Esperança;Ana Paula Lima
P-07693;Busca e apreensão;Estado de Santa Aurora;GlobalTech Corp.
P-07694;Ações hipotecárias;TechBrasil S.A.;Juliana Rocha
P-07695;Busca e apreensão;Secretaria de Saúde de Santa Clara;AgroVale Ltda.
P-07696;Execução de alimentos;Estado de Santa Aurora;Ricardo Almeida
P-07697;Execução de título extrajudicial;João da Silva;Juliana Rocha
P-07698;Extinção de condomínio;Instituto Nacional de Energia Renovável;Ana Paula Lima
P-07699;Inventário e partilha;Prefeitura Municipal de Nova Esperança;Maria Oliveira
P-07700;Falência e Recuperação Judicial;Instituto Nacional de Energia Renovável;TechBrasil S.A.
P-07701;Inventário e partilha;Ricardo Almeida;Prefeitura Municipal de Nova Esperança
P-07702;Execução de título extrajudicial;João da Silva;Construtora Nova Era Ltda.
P-07703;Trabalhista;Carlos Souza;Estado de Santa Aurora
P-07704;Trabalhista;Construtora Nova Era Ltda.;Pedro Henrique Santos
P-07705;Inventário e partilha;Instituto Nacional de Energia Renovável;Prefeitura Municipal de Nova Esperança
P-07706;Execução Fiscal;Prefeitura Municipal de Nova Esperança;TechBrasil S.A.
P-07707;Inventário e partilha;Carlos Souza;João da Silva
P-07708;Falência e Recuperação Judicial;Secretaria de Saúde de Santa Clara;Juliana Rocha
P-07709;Busca e apreensão;Secretaria de Saúde de Santa Clara;TechBrasil S.A.
P-07710;Falência e Recuperação Judicial;Instituto Nacional de Energia Renovável;João da Silva
P-07711;Inventário e partilha;Oficina Mecânica do Zé;Oficina Mecânica do Zé
P-07712;Falência e Recuperação Judicial;Prefeitura Municipal de Nova Esperança;Carlos Souza
P-07713;Trabalhista;Instituto Nacional de Energia Renovável;Prefeitura Municipal de Nova Esperança
P-07714;Trabalhista;Ana Paula Lima;Ana Paula Lima
P-07715;Execução Fiscal;Estado de Santa Aurora;Ana Paula Lima
P-07716;Trabalhista;Oficina Mecânica do Zé;Ricardo Almeida
P-07717;Ações hipotecárias;Estado de Santa Aurora;GlobalTech Corp.
P-07718;Execução Cível;Secretaria de Saúde de Santa Clara;Juliana Rocha
P-07719;Extinção de condomínio;Juliana Rocha;GlobalTech Corp.
P-07720;Execução de alimentos;Maria Oliveira;Estado de Santa Aurora
P-07721;Falência e Recuperação Judicial;Secretaria de Saúde de Santa Clara;Pedro Henrique Santos
P-07722;Execução de título extrajudicial;Construtora Nova Era Ltda.;AgroVale Ltda.
P-07723;Trabalhista;Carlos Souza;Prefeitura Municipal de Nova Esperança
P-07724;Falência e Recuperação Judicial;Secretaria de Saúde de Santa Clara;Carlos Souza
P-07725;Execução Cível;Construtora Nova Era Ltda.;AgroVale Ltda.
P-07726;Falência e Recuperação Judicial;Prefeitura Municipal de Nova Esperança;Secretaria de Saúde de Santa Clara
P-07727;Execução Cível;TechBrasil S.A.;Ana Paula Lima
P-07728;Execução Fiscal;Prefeitura Municipal de Nova Esperança;Prefeitura Municipal de Nova Esperança
P-07729;Busca e apreensão;Prefeitura Municipal de Nova Esperança;Instituto Nacional de Energia Renovável
P-07730;Falência e Recuperação Judicial;Prefeitura Municipal de Nova Esperança;Secretaria de Saúde de Santa Clara
P-07731;Inventário e partilha;Maria Oliveira;GlobalTech Corp.
P-07732;Ações hipotecárias;Secretaria de Saúde de Santa Clara;AgroVale Ltda.
P-07733;Execução de título extrajudicial;Estado de Santa Aurora;Ana Paula Lima
P-07734;Execução Cível;TechBrasil S.A.;Ana Paula Lima
P-07735;Inventário e partilha;Fernanda Costa;Carlos Souza
P-07736;Execução de título extrajudicial;Instituto Nacional de Energia Renovável;Construtora Nova Era Ltda.
P-07737;Inventário e partilha;Prefeitura Municipal de Nova Esperança;Estado de Santa Aurora
P-07738;Execução de título extrajudicial;Pedro Henrique Santos;Estado de Santa Aurora
P-07739;Ações hipotecárias;Estado de Santa Aurora;Fernanda Costa
P-07740;Trabalhista;Carlos Souza;Fernanda Costa
P-07741;Busca e apreensão;Pedro Henrique Santos;Carlos Souza
P-07742;Extinção de condomínio;Maria Oliveira;AgroVale Ltda.
P-07743;Inventário e partilha;João da Silva;Fernanda Costa
P-07744;Ações hipotecárias;Pedro Henrique Santos;GlobalTech Corp.
P-07745;Execução de alimentos;João da Silva;Carlos Souza
P-07746;Inventário e partilha;GlobalTech Corp.;Fernanda Costa
P-07747;Extinção de condomínio;Maria Oliveira;Prefeitura Municipal de Nova Esperança
P-07748;Busca e apreensão;Prefeitura Municipal de Nova Esperança;Estado de Santa Aurora
P-07749;Ações hipotecárias;Oficina Mecânica do Zé;Pedro Henrique Santos
P-07750;Trabalhista;Maria Oliveira;Carlos Souza
P-07751;Execução de título extrajudicial;AgroVale Ltda.;Construtora Nova Era Ltda.
P-07752;Inventário e partilha;TechBrasil S.A.;Ricardo Almeida
P-07753;Execução de título extrajudicial;Instituto Nacional de Energia Renovável;TechBrasil S.A.
P-07754;Execução de título extrajudicial;Pedro Henrique Santos;Oficina Mecânica do Zé
P-07755;Execução de título extrajudicial;GlobalTech Corp.;Juliana Rocha
P-07756;Execução de título extrajudicial;Prefeitura Municipal de Nova Esperança;Fernanda Costa
P-07757;Busca e apreensão;Maria Oliveira;Fernanda Costa
P-07758;Extinção de condomínio;Instituto Nacional de Energia Renovável;Ricardo Almeida
P-07759;Falência e Recuperação Judicial;Secretaria de Saúde de Santa Clara;Ana Paula Lima
P-07760;Falência e Recuperação Judicial;Secretaria de Saúde de Santa Clara;Juliana Rocha
P-07761;Busca e apreensão;Oficina Mecânica do Zé;Secretaria de Saúde de Santa Clara
P-07762;Execução Fiscal;Prefeitura Municipal de Nova Esperança;Ana Paula Lima
P-07763;Busca e apreensão;Prefeitura Municipal de Nova Esperança;TechBrasil S.A.
P-07764;Trabalhista;Fernanda Costa;Pedro Henrique Santos
P-07765;Execução Fiscal;Prefeitura Municipal de Nova Esperança;AgroVale Ltda.
P-07766;Execução de título extrajudicial;Prefeitura Municipal de Nova Esperança;Juliana Rocha
P-07767;Execução de título extrajudicial;Carlos Souza;TechBrasil S.A.
P-07768;Extinção de condomínio;Secretaria de Saúde de Santa Clara;Pedro Henrique Santos
P-07769;Execução de título extrajudicial;Estado de Santa Aurora;Juliana Rocha
P-07770;Execução de título extrajudicial;Maria Oliveira;Prefeitura Municipal de Nova Esperança
P-07771;Execução de alimentos;Fernanda Costa;Ricardo Almeida
P-07772;Execução Fiscal;Secretaria de Saúde de Santa Clara;Pedro Henrique Santos
P-07773;Falência e Recuperação Judicial;Instituto Nacional de Energia Renovável;Construtora Nova Era Ltda.
P-07774;Execução de título extrajudicial;Fernanda Costa;TechBrasil S.A.
P-07775;Execução Cível;Construtora Nova Era Ltda.;Secretaria de Saúde de Santa Clara
P-07776;Inventário e partilha;Maria Oliveira;Instituto Nacional de Energia Renovável
P-07777;Inventário e partilha;Ana Paula Lima;AgroVale Ltda.
P-07778;Extinção de condomínio;AgroVale Ltda.;Prefeitura Municipal de Nova Esperança
P-07779;Execução de alimentos;Ricardo Almeida;Secretaria de Saúde de Santa Clara
P-07780;Ações hipotecárias;João da Silva;TechBrasil S.A.
P-07781;Execução Fiscal;Prefeitura Municipal de Nova Esperança;Ana Paula Lima
P-07782;Trabalhista;Construtora Nova Era Ltda.;Maria Oliveira
P-07783;Extinção de condomínio;Estado de Santa Aurora;Ana Paula Lima
P-07784;Extinção de condomínio;GlobalTech Corp.;Juliana Rocha
P-07785;Extinção de condomínio;Carlos Souza;Juliana Rocha
P-07786;Execução de título extrajudicial;Secretaria de Saúde de Santa Clara;Carlos Souza
P-07787;Falência e Recuperação Judicial;Prefeitura Municipal de Nova Esperança;João da Silva
P-07788;Falência e Recuperação Judicial;Secretaria de Saúde de Santa Clara;Estado de Santa Aurora
P-07789;Trabalhista;Fernanda Costa;Construtora Nova Era Ltda.
P-07790;Execução Cível;João da Silva;GlobalTech Corp.
P-07791;Extinção de condomínio;Estado de Santa Aurora;Ana Paula Lima
P-07792;Execução Cível;AgroVale Ltda.;Pedro Henrique Santos
P-07793;Ações hipotecárias;Prefeitura Municipal de Nova Esperança;TechBrasil S.A.
P-07794;Ações hipotecárias;João da Silva;Juliana Rocha
P-07795;Falência e Recuperação Judicial;Prefeitura Municipal de Nova Esperança;Secretaria de Saúde de Santa Clara
P-07796;Ações hipotecárias;Maria Oliveira;Secretaria de Saúde de Santa Clara
P-07797;Busca e apreensão;Maria Oliveira;GlobalTech Corp.
P-07798;Execução Fiscal;Instituto Nacional de Energia Renovável;Maria Oliveira
P-07799;Inventário e partilha;Juliana Rocha;Carlos Souza
P-07800;Execução de título extrajudicial;Ana Paula Lima;Instituto Nacional de Energia Renovável
P-07801;Ações hipotecárias;GlobalTech Corp.;Fernanda Costa
P-07802;Busca e apreensão;Secretaria de Saúde de Santa Clara;AgroVale Ltda.
P-07803;Busca e apreensão;Oficina Mecânica do Zé;Carlos Souza
P-07804;Execução de título extrajudicial;Carlos Souza;Secretaria de Saúde de Santa Clara
P-07805;Execução Fiscal;Prefeitura Municipal de Nova Esperança;Ricardo Almeida
P-07806;Falência e Recuperação Judicial;Prefeitura Municipal de Nova Esperança;Pedro Henrique Santos
P-07807;Inventário e partilha;Carlos Souza;Juliana Rocha
P-07808;Falência e Recuperação Judicial;Instituto Nacional de Energia Renovável;Maria Oliveira
P-07809;Execução de título extrajudicial;Maria Oliveira;Oficina Mecânica do Zé
P-07810;Inventário e partilha;Maria Oliveira;Maria Oliveira
P-07811;Ações hipotecárias;Estado de Santa Aurora;Pedro Henrique Santos
P-07812;Inventário e partilha;Secretaria de Saúde de Santa Clara;Carlos Souza
P-07813;Execução Cível;GlobalTech Corp.;Fernanda Costa
P-07814;Execução de alimentos;Carlos Souza;GlobalTech Corp.
P-07815;Inventário e partilha;João da Silva;Estado de Santa Aurora
P-07816;Trabalhista;GlobalTech Corp.;Prefeitura Municipal de Nova Esperança
P-07817;Inventário e partilha;João da Silva;Juliana Rocha
P-07818;Busca e apreensão;AgroVale Ltda.;Secretaria de Saúde de Santa Clara
P-07819;Trabalhista;TechBrasil S.A.;Ricardo Almeida
P-07820;Execução de título extrajudicial;Carlos Souza;Construtora Nova Era Ltda.
P-07821;Trabalhista;Instituto Nacional de Energia Renovável;Construtora Nova Era Ltda.
P-07822;Busca e apreensão;Juliana Rocha;TechBrasil S.A.
P-07823;Ações hipotecárias;Prefeitura Municipal de Nova Esperança;Secretaria de Saúde de Santa Clara
P-07824;Execução de alimentos;Juliana Rocha;Pedro Henrique Santos
P-07825;Inventário e partilha;Secretaria de Saúde de Santa Clara;Juliana Rocha
P-07826;Trabalhista;Instituto Nacional de Energia Renovável;Estado de Santa Aurora
P-07827;Execução Cível;Secretaria de Saúde de Santa Clara;Fernanda Costa
P-07828;Execução de alimentos;Juliana Rocha;AgroVale Ltda.
P-07829;Inventário e partilha;Pedro Henrique Santos;TechBrasil S.A.
P-07830;Trabalhista;Secretaria de Saúde de Santa Clara;Prefeitura Municipal de Nova Esperança
P-07831;Execução de alimentos;Estado de Santa Aurora;João da Silva
P-07832;Execução de título extrajudicial;Juliana Rocha;Fernanda Costa
P-07833;Extinção de condomínio;Pedro Henrique Santos;João da Silva
P-07834;Execução Fiscal;Instituto Nacional de Energia Renovável;AgroVale Ltda.
P-07835;Execução Cível;Construtora Nova Era Ltda.;Construtora Nova Era Ltda.
P-07836;Execução de alimentos;Carlos Souza;TechBrasil S.A.
P-07837;Execução de alimentos;Instituto Nacional de Energia Renovável;Carlos Souza
P-07838;Execução de alimentos;Estado de Santa Aurora;Ana Paula Lima
P-07839;Execução de título extrajudicial;Maria Oliveira;Construtora Nova Era Ltda.
P-07840;Trabalhista;Maria Oliveira;Secretaria de Saúde de Santa Clara
P-07841;Execução Fiscal;Prefeitura Municipal de Nova Esperança;João da Silva
P-07842;Execução Fiscal;Estado de Santa Aurora;Secretaria de Saúde de Santa Clara
P-07843;Execução de título extrajudicial;TechBrasil S.A.;Oficina Mecânica do Zé
P-07844;Execução Cível;Construtora Nova Era Ltda.;Pedro Henrique Santos
P-07845;Busca e apreensão;Estado de Santa Aurora;Ricardo Almeida
P-07846;Execução de título extrajudicial;Secretaria de Saúde de Santa Clara;Pedro Henrique Santos
P-07847;Trabalhista;Juliana Rocha;GlobalTech Corp.
P-07848;Falência e Recuperação Judicial;Secretaria de Saúde de Santa Clara;Ana Paula Lima
P-07849;Execução Fiscal;Secretaria de Saúde de Santa Clara;TechBrasil S.A.
P-07850;Extinção de condomínio;Fernanda Costa;Estado de Santa Aurora
P-07851;Execução de título extrajudicial;Ricardo Almeida;Oficina Mecânica do Zé
P-07852;Falência e Recuperação Judicial;Instituto Nacional de Energia Renovável;Prefeitura Municipal de Nova Esperança
P-07853;Execução de título extrajudicial;Carlos Souza;Instituto Nacional de Energia Renovável
P-07854;Ações hipotecárias;Fernanda Costa;Instituto Nacional de Energia Renovável
P-07855;Busca e apreensão;Carlos Souza;Secretaria de Saúde de Santa Clara
P-07856;Execução Fiscal;Secretaria de Saúde de Santa Clara;Fernanda Costa
P-07857;Execução de alimentos;Fernanda Costa;GlobalTech Corp.
P-07858;Extinção de condomínio;Secretaria de Saúde de Santa Clara;Ana Paula Lima
P-07859;Extinção de condomínio;Carlos Souza;Prefeitura Municipal de Nova Esperança
P-07860;Inventário e partilha;Juliana Rocha;Ana Paula Lima
P-07861;Execução Fiscal;Estado de Santa Aurora;AgroVale Ltda.
P-07862;Execução de alimentos;Instituto Nacional de Energia Renovável;Carlos Souza
P-07863;Falência e Recuperação Judicial;Estado de Santa Aurora;Ricardo Almeida
P-07864;Falência e Recuperação Judicial;Estado de Santa Aurora;AgroVale Ltda.
P-07865;Execução Cível;Carlos Souza;Oficina Mecânica do Zé
P-07866;Falência e Recuperação Judicial;Secretaria de Saúde de Santa Clara;João da Silva
P-07867;Trabalhista;João da Silva;Juliana Rocha
P-07868;Extinção de condomínio;Construtora Nova Era Ltda.;Construtora Nova Era Ltda.
P-07869;Extinção de condomínio;Oficina Mecânica do Zé;Prefeitura Municipal de Nova Esperança
P-07870;Execução de título extrajudicial;Instituto Nacional de Energia Renovável;Pedro Henrique Santos
P-07871;Busca e apreensão;GlobalTech Corp.;Maria Oliveira
P-07872;Falência e Recuperação Judicial;Secretaria de Saúde de Santa Clara;Secretaria de Saúde de Santa Clara
P-07873;Inventário e partilha;Prefeitura Municipal de Nova Esperança;João da Silva
P-07874;Ações hipotecárias;Juliana Rocha;João da Silva
P-07875;Busca e apreensão;GlobalTech Corp.;Pedro Henrique Santos
P-07876;Execução Cível;Ana Paula Lima;Ana Paula Lima
P-07877;Extinção de condomínio;Ricardo Almeida;Estado de Santa Aurora
P-07878;Ações hipotecárias;Estado de Santa Aurora;Ricardo Almeida
P-07879;Ações hipotecárias;Prefeitura Municipal de Nova Esperança;Ana Paula Lima
P-07880;Execução de alimentos;AgroVale Ltda.;Estado de Santa Aurora
P-07881;Busca e apreensão;Estado de Santa Aurora;GlobalTech Corp.
P-07882;Trabalhista;Juliana Rocha;Juliana Rocha
P-07883;Execução de alimentos;Secretaria de Saúde de Santa Clara;Ana Paula Lima
P-07884;Extinção de condomínio;Estado de Santa Aurora;Estado de Santa Aurora
P-07885;Busca e apreensão;Oficina Mecânica do Zé;Construtora Nova Era Ltda.
P-07886;Execução Cível;Maria Oliveira;Ricardo Almeida
P-07887;Falência e Recuperação Judicial;Prefeitura Municipal de Nova Esperança;AgroVale Ltda.
P-07888;Ações hipotecárias;Secretaria de Saúde de Santa Clara;Ricardo Almeida
P-07889;Execução de alimentos;TechBrasil S.A.;Carlos Souza
P-07890;Execução de título extrajudicial;Ricardo Almeida;Construtora Nova Era Ltda.
P-07891;Falência e Recuperação Judicial;Prefeitura Municipal de Nova Esperança;Construtora Nova Era Ltda.
P-07892;Execução de título extrajudicial;GlobalTech Corp.;Carlos Souza
P-07893;Extinção de condomínio;Pedro Henrique Santos;Maria Oliveira
P-07894;Extinção de condomínio;Oficina Mecânica do Zé;AgroVale Ltda.
P-07895;Execução de alimentos;Oficina Mecânica do Zé;Pedro Henrique Santos
P-07896;Falência e Recuperação Judicial;Prefeitura Municipal de Nova Esperança;TechBrasil S.A.
P-07897;Execução de alimentos;Secretaria de Saúde de Santa Clara;Fernanda Costa
P-07898;Trabalhista;Estado de Santa Aurora;João da Silva
P-07899;Extinção de condomínio;TechBrasil S.A.;Estado de Santa Aurora
P-07900;Trabalhista;Secretaria de Saúde de Santa Clara;Fernanda Costa
P-07901;Busca e apreensão;Juliana Rocha;Secretaria de Saúde de Santa Clara
P-07902;Extinção de condomínio;João da Silva;Pedro Henrique Santos
P-07903;Execução de alimentos;Ricardo Almeida;Ana Paula Lima
P-07904;Execução de alimentos;AgroVale Ltda.;Oficina Mecânica do Zé
P-07905;Extinção de condomínio;Ana Paula Lima;Juliana Rocha
P-07906;Execução de alimentos;Carlos Souza;Maria Oliveira
P-07907;Ações hipotecárias;GlobalTech Corp.;TechBrasil S.A.
P-07908;Falência e Recuperação Judicial;Secretaria de Saúde de Santa Clara;Ricardo Almeida
P-07909;Falência e Recuperação Judicial;Prefeitura Municipal de Nova Esperança;TechBrasil S.A.
P-07910;Trabalhista;TechBrasil S.A.;Pedro Henrique Santos
P-07911;Execução de título extrajudicial;Instituto Nacional de Energia Renovável;Construtora Nova Era Ltda.
P-07912;Execução de alimentos;João da Silva;Fernanda Costa
P-07913;Inventário e partilha;Fernanda Costa;Pedro Henrique Santos
P-07914;Trabalhista;Ana Paula Lima;João da Silva
P-07915;Ações hipotecárias;João da Silva;Secretaria de Saúde de Santa Clara
P-07916;Execução Cível;Maria Oliveira;Juliana Rocha
P-07917;Execução Cível;Prefeitura Municipal de Nova Esperança;Juliana Rocha
P-07918;Execução Fiscal;Instituto Nacional de Energia Renovável;Prefeitura Municipal de Nova Esperança
P-07919;Trabalhista;Fernanda Costa;Instituto Nacional de Energia Renovável
P-07920;Execução Cível;Carlos Souza;Ricardo Almeida
P-07921;Extinção de condomínio;João da Silva;Oficina Mecânica do Zé
P-07922;Inventário e partilha;Prefeitura Municipal de Nova Esperança;Secretaria de Saúde de Santa Clara
P-07923;Busca e apreensão;Juliana Rocha;AgroVale Ltda.
P-07924;Extinção de condomínio;Maria Oliveira;Carlos Souza
P-07925;Execução Cível;Construtora Nova Era Ltda.;Maria Oliveira
P-07926;Execução de alimentos;Juliana Rocha;Oficina Mecânica do Zé
P-07927;Extinção de condomínio;AgroVale Ltda.;AgroVale Ltda.
P-07928;Inventário e partilha;Instituto Nacional de Energia Renovável;GlobalTech Corp.
P-07929;Falência e Recuperação Judicial;Estado de Santa Aurora;João da Silva
P-07930;Inventário e partilha;Oficina Mecânica do Zé;Construtora Nova Era Ltda.
P-07931;Inventário e partilha;AgroVale Ltda.;Carlos Souza
P-07932;Ações hipotecárias;Ricardo Almeida;Secretaria de Saúde de Santa Clara
P-07933;Trabalhista;Prefeitura Municipal de Nova Esperança;Secretaria de Saúde de Santa Clara
P-07934;Execução Fiscal;Instituto Nacional de Energia Renovável;Estado de Santa Aurora
P-07935;Trabalhista;GlobalTech Corp.;Prefeitura Municipal de Nova Esperança
P-07936;Trabalhista;GlobalTech Corp.;Ricardo Almeida
P-07937;Trabalhista;Fernanda Costa;Pedro Henrique Santos
P-07938;Falência e Recuperação Judicial;Estado de Santa Aurora;AgroVale Ltda.
P-07939;Falência e Recuperação Judicial;Instituto Nacional de Energia Renovável;Secretaria de Saúde de Santa Clara
P-07940;Trabalhista;AgroVale Ltda.;Construtora Nova Era Ltda.
P-07941;Execução de título extrajudicial;GlobalTech Corp.;Fernanda Costa
P-07942;Ações hipotecárias;Construtora Nova Era Ltda.;Pedro Henrique Santos
P-07943;Busca e apreensão;TechBrasil S.A.;Ana Paula Lima
P-07944;Execução Cível;Ricardo Almeida;João da Silva
P-07945;Busca e apreensão;Carlos Souza;AgroVale Ltda.
P-07946;Execução Cível;Oficina Mecânica do Zé;Prefeitura Municipal de Nova Esperança
P-07947;Extinção de condomínio;Instituto Nacional de Energia Renovável;Secretaria de Saúde de Santa Clara
P-07948;Falência e Recuperação Judicial;Secretaria de Saúde de Santa Clara;Juliana Rocha
P-07949;Execução de título extrajudicial;Construtora Nova Era Ltda.;Ricardo Almeida
P-07950;Inventário e partilha;GlobalTech Corp.;TechBrasil S.A.
P-07951;Execução de título extrajudicial;Ana Paula Lima;Instituto Nacional de Energia Renovável
P-07952;Execução de título extrajudicial;Pedro Henrique Santos;Ana Paula Lima
P-07953;Trabalhista;João da Silva;Prefeitura Municipal de Nova Esperança
P-07954;Execução de alimentos;Estado de Santa Aurora;TechBrasil S.A.
P-07955;Execução de alimentos;Ricardo Almeida;AgroVale Ltda.
P-07956;Execução Fiscal;Prefeitura Municipal de Nova Esperança;Fernanda Costa
P-07957;Execução de título extrajudicial;Secretaria de Saúde de Santa Clara;Juliana Rocha
P-07958;Execução Cível;João da Silva;Secretaria de Saúde de Santa Clara
P-07959;Busca e apreensão;Maria Oliveira;Fernanda Costa
P-07960;Falência e Recuperação Judicial;Instituto Nacional de Energia Renovável;Prefeitura Municipal de Nova Esperança
P-07961;Execução de título extrajudicial;Secretaria de Saúde de Santa Clara;Pedro Henrique Santos
P-07962;Extinção de condomínio;TechBrasil S.A.;Construtora Nova Era Ltda.
P-07963;Execução de alimentos;TechBrasil S.A.;Prefeitura Municipal de Nova Esperança
P-07964;Extinção de condomínio;AgroVale Ltda.;João da Silva
P-07965;Inventário e partilha;Pedro Henrique Santos;Construtora Nova Era Ltda.
P-07966;Execução Fiscal;Prefeitura Municipal de Nova Esperança;Juliana Rocha
P-07967;Inventário e partilha;Carlos Souza;Construtora Nova Era Ltda.
P-07968;Inventário e partilha;Construtora Nova Era Ltda.;Ana Paula Lima
P-07969;Ações hipotecárias;Secretaria de Saúde de Santa Clara;Instituto Nacional de Energia Renovável
P-07970;Busca e apreensão;Instituto Nacional de Energia Renovável;Ricardo Almeida
P-07971;Busca e apreensão;Oficina Mecânica do Zé;Juliana Rocha
P-07972;Inventário e partilha;Ricardo Almeida;Pedro Henrique Santos
P-07973;Execução de alimentos;Ana Paula Lima;GlobalTech Corp.
P-07974;Falência e Recuperação Judicial;Instituto Nacional de Energia Renovável;Maria Oliveira
P-07975;Falência e Recuperação Judicial;Secretaria de Saúde de Santa Clara;Maria Oliveira
P-07976;Ações hipotecárias;Juliana Rocha;Oficina Mecânica do Zé
P-07977;Ações hipotecárias;Secretaria de Saúde de Santa Clara;Prefeitura Municipal de Nova Esperança
P-07978;Busca e apreensão;Instituto Nacional de Energia Renovável;Ricardo Almeida
P-07979;Ações hipotecárias;Oficina Mecânica do Zé;Secretaria de Saúde de Santa Clara
P-07980;Execução de alimentos;Pedro Henrique Santos;Secretaria de Saúde de Santa Clara
P-07981;Inventário e partilha;Fernanda Costa;AgroVale Ltda.
P-07982;Inventário e partilha;Maria Oliveira;Secretaria de Saúde de Santa Clara
P-07983;Extinção de condomínio;Secretaria de Saúde de Santa Clara;Instituto Nacional de Energia Renovável
P-07984;Execução Cível;AgroVale Ltda.;João da Silva
P-07985;Extinção de condomínio;AgroVale Ltda.;Ana Paula Lima
P-07986;Trabalhista;GlobalTech Corp.;Pedro Henrique Santos
P-07987;Falência e Recuperação Judicial;Secretaria de Saúde de Santa Clara;GlobalTech Corp.
P-07988;Inventário e partilha;Juliana Rocha;Carlos Souza
P-07989;Falência e Recuperação Judicial;Secretaria de Saúde de Santa Clara;João da Silva
P-07990;Ações hipotecárias;Juliana Rocha;Carlos Souza
P-07991;Ações hipotecárias;AgroVale Ltda.;Maria Oliveira
P-07992;Falência e Recuperação Judicial;Prefeitura Municipal de Nova Esperança;Estado de Santa Aurora
P-07993;Execução de alimentos;Instituto Nacional de Energia Renovável;Juliana Rocha
P-07994;Busca e apreensão;Secretaria de Saúde de Santa Clara;João da Silva
P-07995;Busca e apreensão;Maria Oliveira;Secretaria de Saúde de Santa Clara
P-07996;Execução de título extrajudicial;Oficina Mecânica do Zé;Carlos Souza
P-07997;Execução Fiscal;Secretaria de Saúde de Santa Clara;Maria Oliveira
P-07998;Extinção de condomínio;Prefeitura Municipal de Nova Esperança;Maria Oliveira
P-07999;Inventário e partilha;Instituto Nacional de Energia Renovável;Instituto Nacional de Energia Renovável
P-08000;Execução de alimentos;Secretaria de Saúde de Santa Clara;Prefeitura Municipal de Nova Esperança
P-08001;Execução de título extrajudicial;GlobalTech Corp.;AgroVale Ltda.
P-08002;Execução de título extrajudicial;Ana Paula Lima;Fernanda Costa
P-08003;Falência e Recuperação Judicial;Secretaria de Saúde de Santa Clara;Oficina Mecânica do Zé
P-08004;Inventário e partilha;Oficina Mecânica do Zé;Maria Oliveira
P-08005;Ações hipotecárias;João da Silva;Juliana Rocha
P-08006;Busca e apreensão;Oficina Mecânica do Zé;AgroVale Ltda.
P-08007;Execução de alimentos;João da Silva;Instituto Nacional de Energia Renovável
P-08008;Extinção de condomínio;Ana Paula Lima;Carlos Souza
P-08009;Execução de título extrajudicial;Prefeitura Municipal de Nova Esperança;Pedro Henrique Santos
P-08010;Execução de título extrajudicial;Instituto Nacional de Energia Renovável;Maria Oliveira
P-08011;Ações hipotecárias;TechBrasil S.A.;Construtora Nova Era Ltda.
P-08012;Execução de alimentos;Instituto Nacional de Energia Renovável;Ana Paula Lima
P-08013;Inventário e partilha;Secretaria de Saúde de Santa Clara;TechBrasil S.A.
P-08014;Execução de alimentos;Carlos Souza;Estado de Santa Aurora
P-08015;Execução de título extrajudicial;AgroVale Ltda.;Ana Paula Lima
P-08016;Ações hipotecárias;Oficina Mecânica do Zé;Estado de Santa Aurora
P-08017;Inventário e partilha;TechBrasil S.A.;Carlos Souza
P-08018;Trabalhista;Ricardo Almeida;Construtora Nova Era Ltda.
P-08019;Falência e Recuperação Judicial;Secretaria de Saúde de Santa Clara;Oficina Mecânica do Zé
P-08020;Execução Fiscal;Instituto Nacional de Energia Renovável;Juliana Rocha
P-08021;Execução Cível;Maria Oliveira;Construtora Nova Era Ltda.
P-08022;Extinção de condomínio;GlobalTech Corp.;Ricardo Almeida
P-08023;Extinção de condomínio;Ricardo Almeida;Ana Paula Lima
P-08024;Extinção de condomínio;Juliana Rocha;Instituto Nacional de Energia Renovável
P-08025;Execução Cível;AgroVale Ltda.;Maria Oliveira
P-08026;Falência e Recuperação Judicial;Instituto Nacional de Energia Renovável;João da Silva
P-08027;Extinção de condomínio;Secretaria de Saúde de Santa Clara;Ricardo Almeida
P-08028;Extinção de condomínio;Instituto Nacional de Energia Renovável;Secretaria de Saúde de Santa Clara
P-08029;Execução de alimentos;Oficina Mecânica do Zé;Construtora Nova Era Ltda.
P-08030;Busca e apreensão;TechBrasil S.A.;TechBrasil S.A.
P-08031;Execução Cível;GlobalTech Corp.;Pedro Henrique Santos
P-08032;Busca e apreensão;Pedro Henrique Santos;Pedro Henrique Santos
P-08033;Execução de alimentos;AgroVale Ltda.;Ana Paula Lima
P-08034;Busca e apreensão;Instituto Nacional de Energia Renovável;AgroVale Ltda.
P-08035;Execução de alimentos;Maria Oliveira;AgroVale Ltda.
P-08036;Execução de título extrajudicial;João da Silva;Instituto Nacional de Energia Renovável
P-08037;Busca e apreensão;Ricardo Almeida;Carlos Souza
P-08038;Execução Cível;Oficina Mecânica do Zé;Carlos Souza
P-08039;Execução Cível;João da Silva;João da Silva
P-08040;Extinção de condomínio;Instituto Nacional de Energia Renovável;Oficina Mecânica do Zé
P-08041;Execução de alimentos;Oficina Mecânica do Zé;Carlos Souza
P-08042;Extinção de condomínio;Fernanda Costa;AgroVale Ltda.
P-08043;Execução de alimentos;Maria Oliveira;João da Silva
P-08044;Execução Cível;Ricardo Almeida;Secretaria de Saúde de Santa Clara
P-08045;Execução Fiscal;Secretaria de Saúde de Santa Clara;Pedro Henrique Santos
P-08046;Falência e Recuperação Judicial;Prefeitura Municipal de Nova Esperança;Pedro Henrique Santos
P-08047;Ações hipotecárias;Instituto Nacional de Energia Renovável;Estado de Santa Aurora
P-08048;Falência e Recuperação Judicial;Instituto Nacional de Energia Renovável;GlobalTech Corp.
P-08049;Execução de alimentos;Fernanda Costa;GlobalTech Corp.
P-08050;Extinção de condomínio;Instituto Nacional de Energia Renovável;Maria Oliveira
P-08051;Extinção de condomínio;Secretaria de Saúde de Santa Clara;Pedro Henrique Santos
P-08052;Falência e Recuperação Judicial;Estado de Santa Aurora;Maria Oliveira
P-08053;Extinção de condomínio;Fernanda Costa;Instituto Nacional de Energia Renovável
P-08054;Execução de alimentos;Ricardo Almeida;João da Silva
P-08055;Trabalhista;Secretaria de Saúde de Santa Clara;Pedro Henrique Santos
P-08056;Inventário e partilha;GlobalTech Corp.;TechBrasil S.A.
P-08057;Inventário e partilha;Pedro Henrique Santos;Pedro Henrique Santos
P-08058;Inventário e partilha;Pedro Henrique Santos;Fernanda Costa
P-08059;Extinção de condomínio;Maria Oliveira;Prefeitura Municipal de Nova Esperança
P-08060;Trabalhista;Ricardo Almeida;Juliana Rocha
P-08061;Execução Cível;GlobalTech Corp.;AgroVale Ltda.
P-08062;Extinção de condomínio;Instituto Nacional de Energia Renovável;AgroVale Ltda.
P-08063;Extinção de condomínio;Prefeitura Municipal de Nova Esperança;Pedro Henrique Santos
P-08064;Falência e Recuperação Judicial;Prefeitura Municipal de Nova Esperança;Instituto Nacional de Energia Renovável
P-08065;Execução Fiscal;Instituto Nacional de Energia Renovável;Prefeitura Municipal de Nova Esperança
P-08066;Trabalhista;Ana Paula Lima;Carlos Souza
P-08067;Execução Fiscal;Estado de Santa Aurora;Prefeitura Municipal de Nova Esperança
P-08068;Extinção de condomínio;GlobalTech Corp.;Carlos Souza
P-08069;Execução Fiscal;Secretaria de Saúde de Santa Clara;Construtora Nova Era Ltda.
P-08070;Busca e apreensão;Secretaria de Saúde de Santa Clara;Prefeitura Municipal de Nova Esperança
P-08071;Extinção de condomínio;Prefeitura Municipal de Nova Esperança;Prefeitura Municipal de Nova Esperança
P-08072;Extinção de condomínio;Maria Oliveira;Carlos Souza
P-08073;Execução Cível;Instituto Nacional de Energia Renovável;Carlos Souza
P-08074;Falência e Recuperação Judicial;Estado de Santa Aurora;Estado de Santa Aurora
P-08075;Extinção de condomínio;TechBrasil S.A.;GlobalTech Corp.
P-08076;Execução de título extrajudicial;João da Silva;João da Silva
P-08077;Inventário e partilha;TechBrasil S.A.;Oficina Mecânica do Zé
P-08078;Busca e apreensão;Pedro Henrique Santos;Pedro Henrique Santos
P-08079;Busca e apreensão;João da Silva;GlobalTech Corp.
P-08080;Trabalhista;Juliana Rocha;GlobalTech Corp.
P-08081;Execução Cível;Secretaria de Saúde de Santa Clara;Secretaria de Saúde de Santa Clara
P-08082;Inventário e partilha;João da Silva;Maria Oliveira
P-08083;Ações hipotecárias;TechBrasil S.A.;Pedro Henrique Santos
P-08084;Execução Fiscal;Instituto Nacional de Energia Renovável;Estado de Santa Aurora
P-08085;Execução Fiscal;Instituto Nacional de Energia Renovável;GlobalTech Corp.
P-08086;Falência e Recuperação Judicial;Secretaria de Saúde de Santa Clara;AgroVale Ltda.
P-08087;Falência e Recuperação Judicial;Instituto Nacional de Energia Renovável;Ricardo Almeida
P-08088;Execução Cível;Carlos Souza;Prefeitura Municipal de Nova Esperança
P-08089;Execução de alimentos;Ricardo Almeida;João da Silva
P-08090;Busca e apreensão;Carlos Souza;Oficina Mecânica do Zé
P-08091;Trabalhista;Construtora Nova Era Ltda.;Prefeitura Municipal de Nova Esperança
P-08092;Ações hipotecárias;GlobalTech Corp.;Carlos Souza
P-08093;Execução de alimentos;Carlos Souza;Prefeitura Municipal de Nova Esperança
P-08094;Busca e apreensão;AgroVale Ltda.;Secretaria de Saúde de Santa Clara
P-08095;Execução de alimentos;Instituto Nacional de Energia Renovável;Ana Paula Lima
P-08096;Ações hipotecárias;Secretaria de Saúde de Santa Clara;Pedro Henrique Santos
P-08097;Execução Fiscal;Instituto Nacional de Energia Renovável;João da Silva
P-08098;Inventário e partilha;Estado de Santa Aurora;Maria Oliveira
P-08099;Trabalhista;Juliana Rocha;GlobalTech Corp.
P-08100;Trabalhista;Instituto Nacional de Energia Renovável;Instituto Nacional de Energia Renovável
P-08101;Busca e apreensão;GlobalTech Corp.;Ana Paula Lima
P-08102;Busca e apreensão;AgroVale Ltda.;Prefeitura Municipal de Nova Esperança
P-08103;Busca e apreensão;João da Silva;João da Silva
P-08104;Falência e Recuperação Judicial;Prefeitura Municipal de Nova Esperança;Maria Oliveira
P-08105;Falência e Recuperação Judicial;Secretaria de Saúde de Santa Clara;Construtora Nova Era Ltda.
P-08106;Busca e apreensão;Juliana Rocha;Fernanda Costa
P-08107;Extinção de condomínio;Construtora Nova Era Ltda.;GlobalTech Corp.
P-08108;Busca e apreensão;Carlos Souza;João da Silva
P-08109;Ações hipotecárias;Ricardo Almeida;AgroVale Ltda.
P-08110;Execução Cível;Prefeitura Municipal de Nova Esperança;Pedro Henrique Santos
P-08111;Extinção de condomínio;Instituto Nacional de Energia Renovável;Secretaria de Saúde de Santa Clara
P-08112;Execução de título extrajudicial;TechBrasil S.A.;Secretaria de Saúde de Santa Clara
P-08113;Execução Fiscal;Estado de Santa Aurora;Oficina Mecânica do Zé
P-08114;Ações hipotecárias;Fernanda Costa;TechBrasil S.A.
P-08115;Falência e Recuperação Judicial;Estado de Santa Aurora;Juliana Rocha
P-08116;Execução Cível;Secretaria de Saúde de Santa Clara;Pedro Henrique Santos
P-08117;Ações hipotecárias;Estado de Santa Aurora;Construtora Nova Era Ltda.
P-08118;Trabalhista;AgroVale Ltda.;Pedro Henrique Santos
P-08119;Inventário e partilha;Juliana Rocha;TechBrasil S.A.
P-08120;Execução de alimentos;TechBrasil S.A.;Construtora Nova Era Ltda.
P-08121;Execução de alimentos;Pedro Henrique Santos;Juliana Rocha
P-08122;Execução de título extrajudicial;Secretaria de Saúde de Santa Clara;Oficina Mecânica do Zé
P-08123;Busca e apreensão;Estado de Santa Aurora;Instituto Nacional de Energia Renovável
P-08124;Execução de alimentos;Carlos Souza;Ana Paula Lima
P-08125;Inventário e partilha;Ana Paula Lima;Pedro Henrique Santos
P-08126;Busca e apreensão;TechBrasil S.A.;Maria Oliveira
P-08127;Inventário e partilha;Prefeitura Municipal de Nova Esperança;GlobalTech Corp.
P-08128;Execução de alimentos;Oficina Mecânica do Zé;Estado de Santa Aurora
P-08129;Busca e apreensão;João da Silva;Ricardo Almeida
P-08130;Execução de alimentos;Estado de Santa Aurora;Secretaria de Saúde de Santa Clara
P-08131;Execução Cível;João da Silva;Secretaria de Saúde de Santa Clara
P-08132;Execução Fiscal;Estado de Santa Aurora;João da Silva
P-08133;Trabalhista;Fernanda Costa;Carlos Souza
P-08134;Falência e Recuperação Judicial;Prefeitura Municipal de Nova Esperança;Juliana Rocha
P-08135;Execução Fiscal;Estado de Santa Aurora;Pedro Henrique Santos
P-08136;Execução de alimentos;TechBrasil S.A.;Carlos Souza
P-08137;Execução de título extrajudicial;Secretaria de Saúde de Santa Clara;Juliana Rocha
P-08138;Execução de alimentos;Carlos Souza;Estado de Santa Aurora
P-08139;Execução Fiscal;Estado de Santa Aurora;Instituto Nacional de Energia Renovável
P-08140;Inventário e partilha;Carlos Souza;AgroVale Ltda.
P-08141;Extinção de condomínio;Carlos Souza;Maria Oliveira
P-08142;Busca e apreensão;Estado de Santa Aurora;TechBrasil S.A.
P-08143;Trabalhista;Maria Oliveira;Secretaria de Saúde de Santa Clara
P-08144;Extinção de condomínio;TechBrasil S.A.;Construtora Nova Era Ltda.
P-08145;Execução de título extrajudicial;Construtora Nova Era Ltda.;Fernanda Costa
P-08146;Busca e apreensão;AgroVale Ltda.;Construtora Nova Era Ltda.
P-08147;Execução Fiscal;Instituto Nacional de Energia Renovável;Juliana Rocha
P-08148;Execução Cível;Instituto Nacional de Energia Renovável;Ricardo Almeida
P-08149;Busca e apreensão;Estado de Santa Aurora;Maria Oliveira
P-08150;Inventário e partilha;Instituto Nacional de Energia Renovável;João da Silva
P-08151;Execução de alimentos;João da Silva;Fernanda Costa
P-08152;Extinção de condomínio;Fernanda Costa;Secretaria de Saúde de Santa Clara
P-08153;Falência e Recuperação Judicial;Prefeitura Municipal de Nova Esperança;Maria Oliveira
P-08154;Ações hipotecárias;Maria Oliveira;Ana Paula Lima
P-08155;Execução Cível;Carlos Souza;Construtora Nova Era Ltda.
P-08156;Execução Cível;TechBrasil S.A.;Instituto Nacional de Energia Renovável
P-08157;Execução de alimentos;Fernanda Costa;Fernanda Costa
P-08158;Extinção de condomínio;Juliana Rocha;Maria Oliveira
P-08159;Trabalhista;Ricardo Almeida;AgroVale Ltda.
P-08160;Extinção de condomínio;Estado de Santa Aurora;Construtora Nova Era Ltda.
P-08161;Extinção de condomínio;Secretaria de Saúde de Santa Clara;Ricardo Almeida
P-08162;Falência e Recuperação Judicial;Secretaria de Saúde de Santa Clara;Prefeitura Municipal de Nova Esperança
P-08163;Trabalhista;Oficina Mecânica do Zé;Fernanda Costa
P-08164;Busca e apreensão;TechBrasil S.A.;Instituto Nacional de Energia Renovável
P-08165;Inventário e partilha;Maria Oliveira;GlobalTech Corp.
P-08166;Falência e Recuperação Judicial;Instituto Nacional de Energia Renovável;Fernanda Costa
P-08167;Execução Cível;Juliana Rocha;TechBrasil S.A.
P-08168;Execução de alimentos;Oficina Mecânica do Zé;Oficina Mecânica do Zé
P-08169;Execução Cível;Ana Paula Lima;TechBrasil S.A.
P-08170;Trabalhista;Maria Oliveira;Prefeitura Municipal de Nova Esperança
P-08171;Falência e Recuperação Judicial;Prefeitura Municipal de Nova Esperança;Carlos Souza
P-08172;Trabalhista;Fernanda Costa;Oficina Mecânica do Zé
P-08173;Execução Cível;Maria Oliveira;João da Silva
P-08174;Execução Cível;Juliana Rocha;Fernanda Costa
P-08175;Trabalhista;Prefeitura Municipal de Nova Esperança;Estado de Santa Aurora
P-08176;Inventário e partilha;Ricardo Almeida;Oficina Mecânica do Zé
P-08177;Execução de título extrajudicial;GlobalTech Corp.;Fernanda Costa
P-08178;Execução Fiscal;Secretaria de Saúde de Santa Clara;Construtora Nova Era Ltda.
P-08179;Falência e Recuperação Judicial;Instituto Nacional de Energia Renovável;Prefeitura Municipal de Nova Esperança
P-08180;Busca e apreensão;Maria Oliveira;Carlos Souza
P-08181;Trabalhista;AgroVale Ltda.;Prefeitura Municipal de Nova Esperança
P-08182;Trabalhista;TechBrasil S.A.;Oficina Mecânica do Zé
P-08183;Execução Cível;Ricardo Almeida;Oficina Mecânica do Zé
P-08184;Trabalhista;Carlos Souza;Construtora Nova Era Ltda.
P-08185;Execução Fiscal;Secretaria de Saúde de Santa Clara;Estado de Santa Aurora
P-08186;Execução de alimentos;Maria Oliveira;Instituto Nacional de Energia Renovável
P-08187;Ações hipotecárias;Ana Paula Lima;João da Silva
P-08188;Execução Fiscal;Secretaria de Saúde de Santa Clara;Estado de Santa Aurora
P-08189;Ações hipotecárias;Secretaria de Saúde de Santa Clara;GlobalTech Corp.
P-08190;Trabalhista;Secretaria de Saúde de Santa Clara;Juliana Rocha
P-08191;Execução de título extrajudicial;Prefeitura Municipal de Nova Esperança;Ana Paula Lima
P-08192;Execução Cível;GlobalTech Corp.;Fernanda Costa
P-08193;Execução de alimentos;Estado de Santa Aurora;Fernanda Costa
P-08194;Trabalhista;João da Silva;Ana Paula Lima
P-08195;Busca e apreensão;TechBrasil S.A.;Ana Paula Lima
P-08196;Execução de título extrajudicial;TechBrasil S.A.;Ricardo Almeida
P-08197;Trabalhista;Ricardo Almeida;João da Silva
P-08198;Trabalhista;Prefeitura Municipal de Nova Esperança;Carlos Souza
P-08199;Execução de título extrajudicial;Construtora Nova Era Ltda.;Oficina Mecânica do Zé
P-08200;Execução Cível;Carlos Souza;João da Silva
P-08201;Execução Fiscal;Secretaria de Saúde de Santa Clara;Pedro Henrique Santos
P-08202;Falência e Recuperação Judicial;Secretaria de Saúde de Santa Clara;Carlos Souza
P-08203;Execução de título extrajudicial;Estado de Santa Aurora;Construtora Nova Era Ltda.
P-08204;Execução Fiscal;Estado de Santa Aurora;Ana Paula Lima
P-08205;Execução Fiscal;Estado de Santa Aurora;Fernanda Costa
P-08206;Busca e apreensão;Carlos Souza;Secretaria de Saúde de Santa Clara
P-08207;Busca e apreensão;Fernanda Costa;AgroVale Ltda.
P-08208;Inventário e partilha;Secretaria de Saúde de Santa Clara;Estado de Santa Aurora
P-08209;Execução Fiscal;Secretaria de Saúde de Santa Clara;Ricardo Almeida
P-08210;Execução Cível;Ricardo Almeida;Estado de Santa Aurora
P-08211;Execução Cível;Secretaria de Saúde de Santa Clara;TechBrasil S.A.
P-08212;Ações hipotecárias;Pedro Henrique Santos;Ana Paula Lima
P-08213;Execução de título extrajudicial;Pedro Henrique Santos;Carlos Souza
P-08214;Execução de alimentos;Ana Paula Lima;Estado de Santa Aurora
P-08215;Extinção de condomínio;Juliana Rocha;Ricardo Almeida
P-08216;Execução Fiscal;Instituto Nacional de Energia Renovável;TechBrasil S.A.
P-08217;Trabalhista;Construtora Nova Era Ltda.;GlobalTech Corp.
P-08218;Execução Fiscal;Instituto Nacional de Energia Renovável;Juliana Rocha
P-08219;Execução de título extrajudicial;Oficina Mecânica do Zé;Ana Paula Lima
P-08220;Execução de alimentos;Pedro Henrique Santos;Ana Paula Lima
P-08221;Inventário e partilha;Estado de Santa Aurora;Fernanda Costa
P-08222;Extinção de condomínio;Prefeitura Municipal de Nova Esperança;Carlos Souza
P-08223;Busca e apreensão;Secretaria de Saúde de Santa Clara;Maria Oliveira
P-08224;Inventário e partilha;Carlos Souza;Fernanda Costa
P-08225;Trabalhista;Instituto Nacional de Energia Renovável;AgroVale Ltda.
P-08226;Execução de título extrajudicial;Estado de Santa Aurora;Oficina Mecânica do Zé
P-08227;Inventário e partilha;GlobalTech Corp.;Carlos Souza
P-08228;Ações hipotecárias;Construtora Nova Era Ltda.;Prefeitura Municipal de Nova Esperança
P-08229;Ações hipotecárias;Pedro Henrique Santos;Carlos Souza
P-08230;Busca e apreensão;Secretaria de Saúde de Santa Clara;Estado de Santa Aurora
P-08231;Ações hipotecárias;Carlos Souza;Estado de Santa Aurora
P-08232;Execução de título extrajudicial;AgroVale Ltda.;Maria Oliveira
P-08233;Trabalhista;Ricardo Almeida;Prefeitura Municipal de Nova Esperança
P-08234;Busca e apreensão;João da Silva;Pedro Henrique Santos
P-08235;Extinção de condomínio;Estado de Santa Aurora;Ricardo Almeida
P-08236;Ações hipotecárias;João da Silva;Instituto Nacional de Energia Renovável
P-08237;Execução Fiscal;Estado de Santa Aurora;João da Silva
P-08238;Ações hipotecárias;Fernanda Costa;Pedro Henrique Santos
P-08239;Trabalhista;GlobalTech Corp.;João da Silva
P-08240;Ações hipotecárias;Prefeitura Municipal de Nova Esperança;João da Silva
P-08241;Execução Fiscal;Secretaria de Saúde de Santa Clara;Ricardo Almeida
P-08242;Falência e Recuperação Judicial;Estado de Santa Aurora;Maria Oliveira
P-08243;Execução Cível;TechBrasil S.A.;TechBrasil S.A.
P-08244;Execução Cível;Instituto Nacional de Energia Renovável;Pedro Henrique Santos
P-08245;Ações hipotecárias;Oficina Mecânica do Zé;Pedro Henrique Santos
P-08246;Execução Fiscal;Prefeitura Municipal de Nova Esperança;Instituto Nacional de Energia Renovável
P-08247;Ações hipotecárias;Secretaria de Saúde de Santa Clara;Secretaria de Saúde de Santa Clara
P-08248;Execução de título extrajudicial;Juliana Rocha;Ricardo Almeida
P-08249;Inventário e partilha;Instituto Nacional de Energia Renovável;Secretaria de Saúde de Santa Clara
P-08250;Busca e apreensão;Fernanda Costa;Prefeitura Municipal de Nova Esperança
P-08251;Execução Cível;Carlos Souza;Construtora Nova Era Ltda.
P-08252;Busca e apreensão;GlobalTech Corp.;Fernanda Costa
P-08253;Execução de título extrajudicial;TechBrasil S.A.;Carlos Souza
P-08254;Extinção de condomínio;Ana Paula Lima;Instituto Nacional de Energia Renovável
P-08255;Ações hipotecárias;Estado de Santa Aurora;Instituto Nacional de Energia Renovável
P-08256;Execução Fiscal;Secretaria de Saúde de Santa Clara;Prefeitura Municipal de Nova Esperança
P-08257;Inventário e partilha;Construtora Nova Era Ltda.;Secretaria de Saúde de Santa Clara
P-08258;Ações hipotecárias;Construtora Nova Era Ltda.;Fernanda Costa
P-08259;Extinção de condomínio;Estado de Santa Aurora;GlobalTech Corp.
P-08260;Busca e apreensão;Estado de Santa Aurora;Construtora Nova Era Ltda.
P-08261;Ações hipotecárias;Prefeitura Municipal de Nova Esperança;GlobalTech Corp.
P-08262;Falência e Recuperação Judicial;Estado de Santa Aurora;Juliana Rocha
P-08263;Execução Fiscal;Secretaria de Saúde de Santa Clara;Pedro Henrique Santos
P-08264;Busca e apreensão;Oficina Mecânica do Zé;Instituto Nacional de Energia Renovável
P-08265;Busca e apreensão;Ana Paula Lima;Secretaria de Saúde de Santa Clara
P-08266;Inventário e partilha;Ricardo Almeida;Construtora Nova Era Ltda.
P-08267;Execução de título extrajudicial;João da Silva;Instituto Nacional de Energia Renovável
P-08268;Ações hipotecárias;Fernanda Costa;João da Silva
P-08269;Busca e apreensão;Instituto Nacional de Energia Renovável;Pedro Henrique Santos
P-08270;Trabalhista;Secretaria de Saúde de Santa Clara;Ana Paula Lima
P-08271;Extinção de condomínio;Secretaria de Saúde de Santa Clara;Prefeitura Municipal de Nova Esperança
P-08272;Execução Cível;Instituto Nacional de Energia Renovável;Ricardo Almeida
P-08273;Execução de alimentos;Prefeitura Municipal de Nova Esperança;AgroVale Ltda.
P-08274;Execução Fiscal;Secretaria de Saúde de Santa Clara;TechBrasil S.A.
P-08275;Busca e apreensão;Prefeitura Municipal de Nova Esperança;Pedro Henrique Santos
P-08276;Execução Cível;Instituto Nacional de Energia Renovável;Ricardo Almeida
P-08277;Ações hipotecárias;Construtora Nova Era Ltda.;Secretaria de Saúde de Santa Clara
P-08278;Execução de título extrajudicial;Oficina Mecânica do Zé;Construtora Nova Era Ltda.
P-08279;Trabalhista;Ricardo Almeida;Construtora Nova Era Ltda.
P-08280;Execução de alimentos;Ricardo Almeida;Instituto Nacional de Energia Renovável
P-08281;Execução Cível;Oficina Mecânica do Zé;Maria Oliveira
P-08282;Execução de alimentos;GlobalTech Corp.;GlobalTech Corp.
P-08283;Busca e apreensão;João da Silva;Juliana Rocha
P-08284;Ações hipotecárias;Juliana Rocha;Maria Oliveira
P-08285;Ações hipotecárias;Maria Oliveira;Prefeitura Municipal de Nova Esperança
P-08286;Falência e Recuperação Judicial;Secretaria de Saúde de Santa Clara;Pedro Henrique Santos
P-08287;Execução Fiscal;Prefeitura Municipal de Nova Esperança;Pedro Henrique Santos
P-08288;Execução de título extrajudicial;Juliana Rocha;Estado de Santa Aurora
P-08289;Inventário e partilha;Prefeitura Municipal de Nova Esperança;Construtora Nova Era Ltda.
P-08290;Execução Cível;GlobalTech Corp.;Oficina Mecânica do Zé
P-08291;Inventário e partilha;Oficina Mecânica do Zé;Ana Paula Lima
P-08292;Busca e apreensão;Construtora Nova Era Ltda.;AgroVale Ltda.
P-08293;Execução Fiscal;Instituto Nacional de Energia Renovável;Carlos Souza
P-08294;Busca e apreensão;Juliana Rocha;Juliana Rocha
P-08295;Execução de alimentos;Carlos Souza;Ana Paula Lima
P-08296;Execução Fiscal;Instituto Nacional de Energia Renovável;Juliana Rocha
P-08297;Ações hipotecárias;Secretaria de Saúde de Santa Clara;Secretaria de Saúde de Santa Clara
P-08298;Execução Cível;Ricardo Almeida;Prefeitura Municipal de Nova Esperança
P-08299;Trabalhista;TechBrasil S.A.;Maria Oliveira
P-08300;Busca e apreensão;Instituto Nacional de Energia Renovável;Oficina Mecânica do Zé
P-08301;Execução Cível;GlobalTech Corp.;Ricardo Almeida
P-08302;Execução de título extrajudicial;Oficina Mecânica do Zé;AgroVale Ltda.
P-08303;Busca e apreensão;Oficina Mecânica do Zé;João da Silva
P-08304;Execução de alimentos;Carlos Souza;Maria Oliveira
P-08305;Execução de título extrajudicial;Instituto Nacional de Energia Renovável;Juliana Rocha
P-08306;Extinção de condomínio;Oficina Mecânica do Zé;Ana Paula Lima
P-08307;Execução Cível;GlobalTech Corp.;João da Silva
P-08308;Falência e Recuperação Judicial;Estado de Santa Aurora;Maria Oliveira
P-08309;Execução Cível;Maria Oliveira;Secretaria de Saúde de Santa Clara
P-08310;Execução Fiscal;Prefeitura Municipal de Nova Esperança;Secretaria de Saúde de Santa Clara
P-08311;Extinção de condomínio;Construtora Nova Era Ltda.;Oficina Mecânica do Zé
P-08312;Execução Cível;Fernanda Costa;Instituto Nacional de Energia Renovável
P-08313;Execução de alimentos;GlobalTech Corp.;TechBrasil S.A.
P-08314;Falência e Recuperação Judicial;Secretaria de Saúde de Santa Clara;Construtora Nova Era Ltda.
P-08315;Busca e apreensão;Secretaria de Saúde de Santa Clara;Fernanda Costa
P-08316;Execução de alimentos;Prefeitura Municipal de Nova Esperança;Prefeitura Municipal de Nova Esperança
P-08317;Extinção de condomínio;João da Silva;Prefeitura Municipal de Nova Esperança
P-08318;Inventário e partilha;Fernanda Costa;TechBrasil S.A.
P-08319;Busca e apreensão;Oficina Mecânica do Zé;Estado de Santa Aurora
P-08320;Extinção de condomínio;Estado de Santa Aurora;Construtora Nova Era Ltda.
P-08321;Falência e Recuperação Judicial;Instituto Nacional de Energia Renovável;AgroVale Ltda.
P-08322;Execução de título extrajudicial;GlobalTech Corp.;GlobalTech Corp.
P-08323;Busca e apreensão;AgroVale Ltda.;Ricardo Almeida
P-08324;Execução de título extrajudicial;Ricardo Almeida;Carlos Souza
P-08325;Inventário e partilha;Oficina Mecânica do Zé;João da Silva
P-08326;Inventário e partilha;Carlos Souza;Maria Oliveira
P-08327;Busca e apreensão;Construtora Nova Era Ltda.;Juliana Rocha
P-08328;Execução de título extrajudicial;Fernanda Costa;Maria Oliveira
P-08329;Inventário e partilha;Ricardo Almeida;Juliana Rocha
P-08330;Trabalhista;Ricardo Almeida;Prefeitura Municipal de Nova Esperança
P-08331;Execução Fiscal;Instituto Nacional de Energia Renovável;Carlos Souza
P-08332;Extinção de condomínio;Instituto Nacional de Energia Renovável;AgroVale Ltda.
P-08333;Execução de título extrajudicial;Ana Paula Lima;João da Silva
P-08334;Ações hipotecárias;Estado de Santa Aurora;Fernanda Costa
P-08335;Falência e Recuperação Judicial;Estado de Santa Aurora;Juliana Rocha
P-08336;Inventário e partilha;TechBrasil S.A.;Pedro Henrique Santos
P-08337;Execução Fiscal;Estado de Santa Aurora;Fernanda Costa
P-08338;Execução de alimentos;Secretaria de Saúde de Santa Clara;Instituto Nacional de Energia Renovável
P-08339;Inventário e partilha;Carlos Souza;Carlos Souza
P-08340;Inventário e partilha;Juliana Rocha;Oficina Mecânica do Zé
P-08341;Extinção de condomínio;João da Silva;Construtora Nova Era Ltda.
P-08342;Ações hipotecárias;Instituto Nacional de Energia Renovável;Oficina Mecânica do Zé
P-08343;Busca e apreensão;TechBrasil S.A.;AgroVale Ltda.
P-08344;Extinção de condomínio;Pedro Henrique Santos;Pedro Henrique Santos
P-08345;Execução Fiscal;Prefeitura Municipal de Nova Esperança;Secretaria de Saúde de Santa Clara
P-08346;Falência e Recuperação Judicial;Instituto Nacional de Energia Renovável;Pedro Henrique Santos
P-08347;Execução Fiscal;Estado de Santa Aurora;Instituto Nacional de Energia Renovável
P-08348;Execução de alimentos;Pedro Henrique Santos;Pedro Henrique Santos
P-08349;Execução de título extrajudicial;Juliana Rocha;Estado de Santa Aurora
P-08350;Execução Fiscal;Secretaria de Saúde de Santa Clara;Prefeitura Municipal de Nova Esperança
P-08351;Falência e Recuperação Judicial;Instituto Nacional de Energia Renovável;Oficina Mecânica do Zé
P-08352;Ações hipotecárias;Fernanda Costa;Fernanda Costa
P-08353;Execução de alimentos;Fernanda Costa;Prefeitura Municipal de Nova Esperança
P-08354;Inventário e partilha;Pedro Henrique Santos;Carlos Souza
P-08355;Execução de alimentos;TechBrasil S.A.;AgroVale Ltda.
P-08356;Execução de alimentos;Ana Paula Lima;Juliana Rocha
P-08357;Falência e Recuperação Judicial;Estado de Santa Aurora;Fernanda Costa
P-08358;Inventário e partilha;GlobalTech Corp.;Oficina Mecânica do Zé
P-08359;Execução Fiscal;Secretaria de Saúde de Santa Clara;Ricardo Almeida
P-08360;Trabalhista;Juliana Rocha;Pedro Henrique Santos
P-08361;Execução de título extrajudicial;GlobalTech Corp.;AgroVale Ltda.
P-08362;Execução de alimentos;Instituto Nacional de Energia Renovável;Oficina Mecânica do Zé
P-08363;Execução Cível;Carlos Souza;Construtora Nova Era Ltda.
P-08364;Extinção de condomínio;Instituto Nacional de Energia Renovável;Juliana Rocha
P-08365;Falência e Recuperação Judicial;Prefeitura Municipal de Nova Esperança;Carlos Souza
P-08366;Inventário e partilha;AgroVale Ltda.;Fernanda Costa
P-08367;Execução Fiscal;Prefeitura Municipal de Nova Esperança;Secretaria de Saúde de Santa Clara
P-08368;Execução Cível;Carlos Souza;Estado de Santa Aurora
P-08369;Trabalhista;Prefeitura Municipal de Nova Esperança;João da Silva
P-08370;Execução de alimentos;Ricardo Almeida;Ricardo Almeida
P-08371;Ações hipotecárias;Maria Oliveira;Oficina Mecânica do Zé
P-08372;Ações hipotecárias;Prefeitura Municipal de Nova Esperança;TechBrasil S.A.
P-08373;Busca e apreensão;Fernanda Costa;Instituto Nacional de Energia Renovável
P-08374;Execução de título extrajudicial;João da Silva;Ana Paula Lima
P-08375;Ações hipotecárias;Oficina Mecânica do Zé;Estado de Santa Aurora
P-08376;Ações hipotecárias;Carlos Souza;Maria Oliveira
P-08377;Execução Fiscal;Prefeitura Municipal de Nova Esperança;Secretaria de Saúde de Santa Clara
P-08378;Inventário e partilha;Fernanda Costa;Ricardo Almeida
P-08379;Falência e Recuperação Judicial;Secretaria de Saúde de Santa Clara;Maria Oliveira
P-08380;Execução de alimentos;Ricardo Almeida;Fernanda Costa
P-08381;Falência e Recuperação Judicial;Instituto Nacional de Energia Renovável;Ana Paula Lima
P-08382;Inventário e partilha;Maria Oliveira;Maria Oliveira
P-08383;Execução de alimentos;Pedro Henrique Santos;Oficina Mecânica do Zé
P-08384;Ações hipotecárias;Carlos Souza;Pedro Henrique Santos
P-08385;Extinção de condomínio;Construtora Nova Era Ltda.;Maria Oliveira
P-08386;Ações hipotecárias;TechBrasil S.A.;João da Silva
P-08387;Execução de título extrajudicial;TechBrasil S.A.;Prefeitura Municipal de Nova Esperança
P-08388;Inventário e partilha;João da Silva;Pedro Henrique Santos
P-08389;Execução Cível;GlobalTech Corp.;TechBrasil S.A.
P-08390;Trabalhista;Carlos Souza;Construtora Nova Era Ltda.
P-08391;Execução de alimentos;Fernanda Costa;Instituto Nacional de Energia Renovável
P-08392;Inventário e partilha;Fernanda Costa;Estado de Santa Aurora
P-08393;Trabalhista;Maria Oliveira;Instituto Nacional de Energia Renovável
P-08394;Busca e apreensão;Fernanda Costa;Juliana Rocha
P-08395;Ações hipotecárias;Carlos Souza;Oficina Mecânica do Zé
P-08396;Falência e Recuperação Judicial;Prefeitura Municipal de Nova Esperança;João da Silva
P-08397;Falência e Recuperação Judicial;Instituto Nacional de Energia Renovável;TechBrasil S.A.
P-08398;Execução de título extrajudicial;TechBrasil S.A.;João da Silva
P-08399;Inventário e partilha;Ricardo Almeida;Estado de Santa Aurora
P-08400;Execução Cível;AgroVale Ltda.;Maria Oliveira
P-08401;Execução Cível;Construtora Nova Era Ltda.;Carlos Souza
P-08402;Execução Cível;João da Silva;Carlos Souza
P-08403;Execução Fiscal;Estado de Santa Aurora;Carlos Souza
P-08404;Busca e apreensão;Fernanda Costa;Fernanda Costa
P-08405;Extinção de condomínio;João da Silva;Pedro Henrique Santos
P-08406;Ações hipotecárias;Prefeitura Municipal de Nova Esperança;Instituto Nacional de Energia Renovável
P-08407;Trabalhista;João da Silva;Oficina Mecânica do Zé
P-08408;Execução Cível;TechBrasil S.A.;Ricardo Almeida
P-08409;Inventário e partilha;Maria Oliveira;Ana Paula Lima
P-08410;Inventário e partilha;Oficina Mecânica do Zé;Ricardo Almeida
P-08411;Execução Cível;Pedro Henrique Santos;Ricardo Almeida
P-08412;Ações hipotecárias;Estado de Santa Aurora;TechBrasil S.A.
P-08413;Busca e apreensão;Pedro Henrique Santos;Instituto Nacional de Energia Renovável
P-08414;Falência e Recuperação Judicial;Prefeitura Municipal de Nova Esperança;Ricardo Almeida
P-08415;Inventário e partilha;AgroVale Ltda.;Estado de Santa Aurora
P-08416;Ações hipotecárias;Secretaria de Saúde de Santa Clara;Estado de Santa Aurora
P-08417;Trabalhista;Construtora Nova Era Ltda.;João da Silva
P-08418;Falência e Recuperação Judicial;Instituto Nacional de Energia Renovável;Construtora Nova Era Ltda.
P-08419;Inventário e partilha;AgroVale Ltda.;Fernanda Costa
P-08420;Trabalhista;Pedro Henrique Santos;Ricardo Almeida
P-08421;Extinção de condomínio;AgroVale Ltda.;Estado de Santa Aurora
P-08422;Execução de alimentos;TechBrasil S.A.;Prefeitura Municipal de Nova Esperança
P-08423;Execução de título extrajudicial;Estado de Santa Aurora;Instituto Nacional de Energia Renovável
P-08424;Trabalhista;TechBrasil S.A.;Prefeitura Municipal de Nova Esperança
P-08425;Falência e Recuperação Judicial;Secretaria de Saúde de Santa Clara;Fernanda Costa
P-08426;Execução de alimentos;GlobalTech Corp.;Pedro Henrique Santos
P-08427;Falência e Recuperação Judicial;Instituto Nacional de Energia Renovável;Secretaria de Saúde de Santa Clara
P-08428;Falência e Recuperação Judicial;Estado de Santa Aurora;Maria Oliveira
P-08429;Execução de alimentos;Ana Paula Lima;GlobalTech Corp.
P-08430;Falência e Recuperação Judicial;Instituto Nacional de Energia Renovável;Estado de Santa Aurora
P-08431;Execução Fiscal;Secretaria de Saúde de Santa Clara;Ricardo Almeida
P-08432;Execução de título extrajudicial;Ana Paula Lima;Ricardo Almeida
P-08433;Execução Cível;João da Silva;Oficina Mecânica do Zé
P-08434;Extinção de condomínio;AgroVale Ltda.;Juliana Rocha
P-08435;Execução Fiscal;Instituto Nacional de Energia Renovável;Estado de Santa Aurora
P-08436;Execução de alimentos;TechBrasil S.A.;Maria Oliveira
P-08437;Inventário e partilha;João da Silva;João da Silva
P-08438;Falência e Recuperação Judicial;Instituto Nacional de Energia Renovável;Juliana Rocha
P-08439;Ações hipotecárias;Instituto Nacional de Energia Renovável;Secretaria de Saúde de Santa Clara
P-08440;Falência e Recuperação Judicial;Secretaria de Saúde de Santa Clara;AgroVale Ltda.
P-08441;Extinção de condomínio;João da Silva;Construtora Nova Era Ltda.
P-08442;Ações hipotecárias;Fernanda Costa;Prefeitura Municipal de Nova Esperança
P-08443;Execução Fiscal;Prefeitura Municipal de Nova Esperança;Fernanda Costa
P-08444;Falência e Recuperação Judicial;Secretaria de Saúde de Santa Clara;AgroVale Ltda.
P-08445;Execução de título extrajudicial;GlobalTech Corp.;TechBrasil S.A.
P-08446;Busca e apreensão;TechBrasil S.A.;Estado de Santa Aurora
P-08447;Falência e Recuperação Judicial;Secretaria de Saúde de Santa Clara;Carlos Souza
P-08448;Execução de alimentos;Construtora Nova Era Ltda.;Estado de Santa Aurora
P-08449;Falência e Recuperação Judicial;Estado de Santa Aurora;Carlos Souza
P-08450;Execução de título extrajudicial;GlobalTech Corp.;Instituto Nacional de Energia Renovável
P-08451;Ações hipotecárias;AgroVale Ltda.;Instituto Nacional de Energia Renovável
P-08452;Inventário e partilha;Prefeitura Municipal de Nova Esperança;Juliana Rocha
P-08453;Execução Fiscal;Estado de Santa Aurora;Pedro Henrique Santos
P-08454;Execução de título extrajudicial;Pedro Henrique Santos;TechBrasil S.A.
P-08455;Extinção de condomínio;AgroVale Ltda.;Ana Paula Lima
P-08456;Extinção de condomínio;Oficina Mecânica do Zé;AgroVale Ltda.
P-08457;Falência e Recuperação Judicial;Estado de Santa Aurora;Prefeitura Municipal de Nova Esperança
P-08458;Busca e apreensão;Carlos Souza;Oficina Mecânica do Zé
P-08459;Ações hipotecárias;Pedro Henrique Santos;Maria Oliveira
P-08460;Execução de título extrajudicial;Juliana Rocha;GlobalTech Corp.
P-08461;Execução Cível;Estado de Santa Aurora;Ana Paula Lima
P-08462;Execução Fiscal;Instituto Nacional de Energia Renovável;Estado de Santa Aurora
P-08463;Execução de título extrajudicial;Pedro Henrique Santos;Carlos Souza
P-08464;Execução de título extrajudicial;Fernanda Costa;Pedro Henrique Santos
P-08465;Busca e apreensão;Maria Oliveira;Fernanda Costa
P-08466;Trabalhista;Maria Oliveira;Oficina Mecânica do Zé
P-08467;Execução de título extrajudicial;Ricardo Almeida;Juliana Rocha
P-08468;Ações hipotecárias;Instituto Nacional de Energia Renovável;Secretaria de Saúde de Santa Clara
P-08469;Falência e Recuperação Judicial;Prefeitura Municipal de Nova Esperança;Carlos Souza
P-08470;Execução de alimentos;Secretaria de Saúde de Santa Clara;Oficina Mecânica do Zé
P-08471;Extinção de condomínio;Ana Paula Lima;Fernanda Costa
P-08472;Execução Fiscal;Secretaria de Saúde de Santa Clara;Maria Oliveira
P-08473;Falência e Recuperação Judicial;Prefeitura Municipal de Nova Esperança;Fernanda Costa
P-08474;Busca e apreensão;Construtora Nova Era Ltda.;Ana Paula Lima
P-08475;Ações hipotecárias;João da Silva;Instituto Nacional de Energia Renovável
P-08476;Execução de alimentos;Pedro Henrique Santos;Maria Oliveira
P-08477;Ações hipotecárias;Carlos Souza;TechBrasil S.A.
P-08478;Inventário e partilha;Ana Paula Lima;Construtora Nova Era Ltda.
P-08479;Execução de título extrajudicial;Pedro Henrique Santos;Fernanda Costa
P-08480;Busca e apreensão;Prefeitura Municipal de Nova Esperança;TechBrasil S.A.
P-08481;Execução de título extrajudicial;Carlos Souza;Fernanda Costa
P-08482;Inventário e partilha;GlobalTech Corp.;GlobalTech Corp.
P-08483;Falência e Recuperação Judicial;Instituto Nacional de Energia Renovável;AgroVale Ltda.
P-08484;Execução Cível;TechBrasil S.A.;João da Silva
P-08485;Busca e apreensão;Fernanda Costa;João da Silva
P-08486;Execução de alimentos;Maria Oliveira;Maria Oliveira
P-08487;Extinção de condomínio;Maria Oliveira;Fernanda Costa
P-08488;Execução de título extrajudicial;Construtora Nova Era Ltda.;Estado de Santa Aurora
P-08489;Execução de título extrajudicial;Oficina Mecânica do Zé;Estado de Santa Aurora
P-08490;Busca e apreensão;TechBrasil S.A.;AgroVale Ltda.
P-08491;Extinção de condomínio;João da Silva;Oficina Mecânica do Zé
P-08492;Execução Fiscal;Instituto Nacional de Energia Renovável;AgroVale Ltda.
P-08493;Busca e apreensão;GlobalTech Corp.;GlobalTech Corp.
P-08494;Execução Cível;GlobalTech Corp.;Carlos Souza
P-08495;Execução de alimentos;Secretaria de Saúde de Santa Clara;Construtora Nova Era Ltda.
P-08496;Execução Cível;Instituto Nacional de Energia Renovável;TechBrasil S.A.
P-08497;Inventário e partilha;Ricardo Almeida;AgroVale Ltda.
P-08498;Inventário e partilha;João da Silva;Construtora Nova Era Ltda.
P-08499;Execução de alimentos;Estado de Santa Aurora;Carlos Souza
P-08500;Trabalhista;Carlos Souza;TechBrasil S.A.
P-08501;Execução Fiscal;Estado de Santa Aurora;Ana Paula Lima
P-08502;Extinção de condomínio;TechBrasil S.A.;Prefeitura Municipal de Nova Esperança
P-08503;Execução de alimentos;GlobalTech Corp.;Fernanda Costa
P-08504;Falência e Recuperação Judicial;Instituto Nacional de Energia Renovável;Maria Oliveira
P-08505;Ações hipotecárias;Pedro Henrique Santos;Carlos Souza
P-08506;Execução Fiscal;Estado de Santa Aurora;Fernanda Costa
P-08507;Busca e apreensão;João da Silva;Prefeitura Municipal de Nova Esperança
P-08508;Busca e apreensão;GlobalTech Corp.;Ricardo Almeida
P-08509;Ações hipotecárias;Ricardo Almeida;Carlos Souza
P-08510;Trabalhista;Ricardo Almeida;Carlos Souza
P-08511;Extinção de condomínio;Ana Paula Lima;Carlos Souza
P-08512;Execução de título extrajudicial;Ana Paula Lima;Secretaria de Saúde de Santa Clara
P-08513;Trabalhista;TechBrasil S.A.;Ricardo Almeida
P-08514;Ações hipotecárias;Oficina Mecânica do Zé;Carlos Souza
P-08515;Execução de alimentos;TechBrasil S.A.;Ana Paula Lima
P-08516;Inventário e partilha;Estado de Santa Aurora;Estado de Santa Aurora
P-08517;Trabalhista;TechBrasil S.A.;Fernanda Costa
P-08518;Inventário e partilha;João da Silva;Ricardo Almeida
P-08519;Trabalhista;Juliana Rocha;Ana Paula Lima
P-08520;Trabalhista;Construtora Nova Era Ltda.;Fernanda Costa
P-08521;Execução de título extrajudicial;Oficina Mecânica do Zé;João da Silva
P-08522;Falência e Recuperação Judicial;Instituto Nacional de Energia Renovável;Maria Oliveira
P-08523;Extinção de condomínio;GlobalTech Corp.;Oficina Mecânica do Zé
P-08524;Ações hipotecárias;Ricardo Almeida;Pedro Henrique Santos
P-08525;Falência e Recuperação Judicial;Estado de Santa Aurora;Prefeitura Municipal de Nova Esperança
P-08526;Extinção de condomínio;Fernanda Costa;Fernanda Costa
P-08527;Execução de alimentos;Secretaria de Saúde de Santa Clara;TechBrasil S.A.
P-08528;Falência e Recuperação Judicial;Secretaria de Saúde de Santa Clara;Ana Paula Lima
P-08529;Execução de título extrajudicial;Ricardo Almeida;Ricardo Almeida
P-08530;Execução Fiscal;Secretaria de Saúde de Santa Clara;Secretaria de Saúde de Santa Clara
P-08531;Execução Cível;TechBrasil S.A.;Fernanda Costa
P-08532;Falência e Recuperação Judicial;Estado de Santa Aurora;Maria Oliveira
P-08533;Execução de título extrajudicial;Carlos Souza;Maria Oliveira
P-08534;Execução Fiscal;Prefeitura Municipal de Nova Esperança;AgroVale Ltda.
P-08535;Busca e apreensão;Construtora Nova Era Ltda.;Prefeitura Municipal de Nova Esperança
P-08536;Falência e Recuperação Judicial;Secretaria de Saúde de Santa Clara;Prefeitura Municipal de Nova Esperança
P-08537;Execução Fiscal;Secretaria de Saúde de Santa Clara;Prefeitura Municipal de Nova Esperança
P-08538;Ações hipotecárias;Carlos Souza;Maria Oliveira
P-08539;Inventário e partilha;Instituto Nacional de Energia Renovável;Ana Paula Lima
P-08540;Execução Cível;Fernanda Costa;Secretaria de Saúde de Santa Clara
P-08541;Execução Cível;Construtora Nova Era Ltda.;Instituto Nacional de Energia Renovável
P-08542;Execução de alimentos;Carlos Souza;Estado de Santa Aurora
P-08543;Execução Cível;João da Silva;João da Silva
P-08544;Ações hipotecárias;Maria Oliveira;Maria Oliveira
P-08545;Execução Cível;Estado de Santa Aurora;Pedro Henrique Santos
P-08546;Trabalhista;Juliana Rocha;Carlos Souza
P-08547;Execução Fiscal;Instituto Nacional de Energia Renovável;Juliana Rocha
P-08548;Execução Cível;João da Silva;Fernanda Costa
P-08549;Execução Cível;Carlos Souza;Estado de Santa Aurora
P-08550;Execução de alimentos;Ana Paula Lima;Instituto Nacional de Energia Renovável
P-08551;Trabalhista;Oficina Mecânica do Zé;GlobalTech Corp.
P-08552;Execução de título extrajudicial;Ana Paula Lima;Construtora Nova Era Ltda.
P-08553;Trabalhista;Secretaria de Saúde de Santa Clara;Ana Paula Lima
P-08554;Trabalhista;Instituto Nacional de Energia Renovável;Fernanda Costa
P-08555;Ações hipotecárias;AgroVale Ltda.;GlobalTech Corp.
P-08556;Execução de alimentos;João da Silva;Estado de Santa Aurora
P-08557;Trabalhista;Oficina Mecânica do Zé;Pedro Henrique Santos
P-08558;Busca e apreensão;Carlos Souza;AgroVale Ltda.
P-08559;Execução de alimentos;Prefeitura Municipal de Nova Esperança;Secretaria de Saúde de Santa Clara
P-08560;Execução de alimentos;Construtora Nova Era Ltda.;João da Silva
P-08561;Extinção de condomínio;Oficina Mecânica do Zé;Ana Paula Lima
P-08562;Ações hipotecárias;Prefeitura Municipal de Nova Esperança;Maria Oliveira
P-08563;Inventário e partilha;AgroVale Ltda.;AgroVale Ltda.
P-08564;Trabalhista;Secretaria de Saúde de Santa Clara;Estado de Santa Aurora
P-08565;Execução Fiscal;Instituto Nacional de Energia Renovável;João da Silva
P-08566;Execução de título extrajudicial;Ana Paula Lima;Pedro Henrique Santos
P-08567;Trabalhista;Construtora Nova Era Ltda.;Secretaria de Saúde de Santa Clara
P-08568;Busca e apreensão;Ana Paula Lima;Ricardo Almeida
P-08569;Trabalhista;Construtora Nova Era Ltda.;Maria Oliveira
P-08570;Trabalhista;Ricardo Almeida;GlobalTech Corp.
P-08571;Ações hipotecárias;Instituto Nacional de Energia Renovável;Estado de Santa Aurora
P-08572;Busca e apreensão;Construtora Nova Era Ltda.;Carlos Souza
P-08573;Execução Fiscal;Estado de Santa Aurora;Secretaria de Saúde de Santa Clara
P-08574;Execução de título extrajudicial;Maria Oliveira;AgroVale Ltda.
P-08575;Execução de alimentos;Ana Paula Lima;Ana Paula Lima
P-08576;Execução Fiscal;Secretaria de Saúde de Santa Clara;Ricardo Almeida
P-08577;Falência e Recuperação Judicial;Prefeitura Municipal de Nova Esperança;Carlos Souza
P-08578;Inventário e partilha;GlobalTech Corp.;Ricardo Almeida
P-08579;Falência e Recuperação Judicial;Secretaria de Saúde de Santa Clara;Oficina Mecânica do Zé
P-08580;Inventário e partilha;Instituto Nacional de Energia Renovável;Fernanda Costa
P-08581;Execução Cível;Instituto Nacional de Energia Renovável;Juliana Rocha
P-08582;Extinção de condomínio;Ana Paula Lima;Ana Paula Lima
P-08583;Execução de título extrajudicial;Construtora Nova Era Ltda.;GlobalTech Corp.
P-08584;Falência e Recuperação Judicial;Estado de Santa Aurora;Juliana Rocha
P-08585;Busca e apreensão;Ana Paula Lima;Prefeitura Municipal de Nova Esperança
P-08586;Falência e Recuperação Judicial;Estado de Santa Aurora;Estado de Santa Aurora
P-08587;Inventário e partilha;Fernanda Costa;Oficina Mecânica do Zé
P-08588;Trabalhista;Pedro Henrique Santos;Oficina Mecânica do Zé
P-08589;Execução de título extrajudicial;Carlos Souza;Carlos Souza
P-08590;Ações hipotecárias;Ana Paula Lima;João da Silva
P-08591;Trabalhista;Carlos Souza;AgroVale Ltda.
P-08592;Execução de título extrajudicial;Secretaria de Saúde de Santa Clara;TechBrasil S.A.
P-08593;Execução Cível;Ricardo Almeida;Instituto Nacional de Energia Renovável
P-08594;Execução Cível;Juliana Rocha;Carlos Souza
P-08595;Busca e apreensão;GlobalTech Corp.;AgroVale Ltda.
P-08596;Busca e apreensão;Maria Oliveira;Estado de Santa Aurora
P-08597;Extinção de condomínio;Oficina Mecânica do Zé;Construtora Nova Era Ltda.
P-08598;Execução de título extrajudicial;Ana Paula Lima;GlobalTech Corp.
P-08599;Execução de alimentos;Instituto Nacional de Energia Renovável;GlobalTech Corp.
P-08600;Execução Fiscal;Instituto Nacional de Energia Renovável;AgroVale Ltda.
P-08601;Extinção de condomínio;AgroVale Ltda.;Carlos Souza
P-08602;Busca e apreensão;Estado de Santa Aurora;Pedro Henrique Santos
P-08603;Falência e Recuperação Judicial;Prefeitura Municipal de Nova Esperança;Juliana Rocha
P-08604;Inventário e partilha;Construtora Nova Era Ltda.;Fernanda Costa
P-08605;Execução de título extrajudicial;Secretaria de Saúde de Santa Clara;Construtora Nova Era Ltda.
P-08606;Falência e Recuperação Judicial;Instituto Nacional de Energia Renovável;Construtora Nova Era Ltda.
P-08607;Ações hipotecárias;Estado de Santa Aurora;Oficina Mecânica do Zé
P-08608;Extinção de condomínio;AgroVale Ltda.;AgroVale Ltda.
P-08609;Inventário e partilha;Construtora Nova Era Ltda.;Construtora Nova Era Ltda.
P-08610;Inventário e partilha;GlobalTech Corp.;TechBrasil S.A.
P-08611;Trabalhista;AgroVale Ltda.;Secretaria de Saúde de Santa Clara
P-08612;Extinção de condomínio;Carlos Souza;Estado de Santa Aurora
P-08613;Busca e apreensão;Maria Oliveira;Construtora Nova Era Ltda.
P-08614;Execução Fiscal;Instituto Nacional de Energia Renovável;Pedro Henrique Santos
P-08615;Trabalhista;João da Silva;Carlos Souza
P-08616;Inventário e partilha;AgroVale Ltda.;Construtora Nova Era Ltda.
P-08617;Ações hipotecárias;Prefeitura Municipal de Nova Esperança;Construtora Nova Era Ltda.
P-08618;Inventário e partilha;Estado de Santa Aurora;João da Silva
P-08619;Execução Cível;Instituto Nacional de Energia Renovável;Pedro Henrique Santos
P-08620;Trabalhista;Ana Paula Lima;Oficina Mecânica do Zé
P-08621;Execução de alimentos;Oficina Mecânica do Zé;GlobalTech Corp.
P-08622;Extinção de condomínio;AgroVale Ltda.;Pedro Henrique Santos
P-08623;Extinção de condomínio;Secretaria de Saúde de Santa Clara;João da Silva
P-08624;Execução Cível;João da Silva;Pedro Henrique Santos
P-08625;Execução Cível;Pedro Henrique Santos;Instituto Nacional de Energia Renovável
P-08626;Execução de alimentos;João da Silva;Maria Oliveira
P-08627;Extinção de condomínio;Ricardo Almeida;Secretaria de Saúde de Santa Clara
P-08628;Execução de título extrajudicial;Construtora Nova Era Ltda.;Oficina Mecânica do Zé
P-08629;Trabalhista;Secretaria de Saúde de Santa Clara;Estado de Santa Aurora
P-08630;Execução Cível;Oficina Mecânica do Zé;Fernanda Costa
P-08631;Execução de alimentos;Ricardo Almeida;João da Silva
P-08632;Execução Fiscal;Instituto Nacional de Energia Renovável;Ricardo Almeida
P-08633;Trabalhista;Fernanda Costa;João da Silva
P-08634;Busca e apreensão;TechBrasil S.A.;Estado de Santa Aurora
P-08635;Trabalhista;AgroVale Ltda.;Maria Oliveira
P-08636;Falência e Recuperação Judicial;Instituto Nacional de Energia Renovável;GlobalTech Corp.
P-08637;Execução de alimentos;Prefeitura Municipal de Nova Esperança;Instituto Nacional de Energia Renovável
P-08638;Busca e apreensão;Carlos Souza;GlobalTech Corp.
P-08639;Falência e Recuperação Judicial;Prefeitura Municipal de Nova Esperança;Ricardo Almeida
P-08640;Falência e Recuperação Judicial;Secretaria de Saúde de Santa Clara;Fernanda Costa
P-08641;Busca e apreensão;Pedro Henrique Santos;Oficina Mecânica do Zé
P-08642;Execução de alimentos;Estado de Santa Aurora;TechBrasil S.A.
P-08643;Execução de alimentos;Secretaria de Saúde de Santa Clara;Juliana Rocha
P-08644;Inventário e partilha;João da Silva;Ricardo Almeida
P-08645;Ações hipotecárias;Ricardo Almeida;Construtora Nova Era Ltda.
P-08646;Execução Fiscal;Secretaria de Saúde de Santa Clara;GlobalTech Corp.
P-08647;Trabalhista;Pedro Henrique Santos;Oficina Mecânica do Zé
P-08648;Busca e apreensão;Secretaria de Saúde de Santa Clara;Prefeitura Municipal de Nova Esperança
P-08649;Inventário e partilha;Juliana Rocha;AgroVale Ltda.
P-08650;Extinção de condomínio;Secretaria de Saúde de Santa Clara;GlobalTech Corp.
P-08651;Ações hipotecárias;Ricardo Almeida;Prefeitura Municipal de Nova Esperança
P-08652;Ações hipotecárias;TechBrasil S.A.;Instituto Nacional de Energia Renovável
P-08653;Execução de alimentos;Estado de Santa Aurora;Fernanda Costa
P-08654;Execução Cível;João da Silva;Instituto Nacional de Energia Renovável
P-08655;Falência e Recuperação Judicial;Secretaria de Saúde de Santa Clara;Pedro Henrique Santos
P-08656;Ações hipotecárias;Ricardo Almeida;Ana Paula Lima
P-08657;Extinção de condomínio;João da Silva;Ana Paula Lima
P-08658;Inventário e partilha;GlobalTech Corp.;Carlos Souza
P-08659;Trabalhista;Construtora Nova Era Ltda.;Maria Oliveira
P-08660;Falência e Recuperação Judicial;Prefeitura Municipal de Nova Esperança;Prefeitura Municipal de Nova Esperança
P-08661;Execução Fiscal;Estado de Santa Aurora;Ana Paula Lima
P-08662;Inventário e partilha;Construtora Nova Era Ltda.;Fernanda Costa
P-08663;Extinção de condomínio;João da Silva;Ana Paula Lima
P-08664;Inventário e partilha;Instituto Nacional de Energia Renovável;TechBrasil S.A.
P-08665;Execução de alimentos;Juliana Rocha;Juliana Rocha
P-08666;Busca e apreensão;Secretaria de Saúde de Santa Clara;Estado de Santa Aurora
P-08667;Trabalhista;Juliana Rocha;Maria Oliveira
P-08668;Execução de alimentos;Instituto Nacional de Energia Renovável;Maria Oliveira
P-08669;Ações hipotecárias;Prefeitura Municipal de Nova Esperança;Prefeitura Municipal de Nova Esperança
P-08670;Inventário e partilha;Maria Oliveira;Fernanda Costa
P-08671;Extinção de condomínio;Prefeitura Municipal de Nova Esperança;Carlos Souza
P-08672;Execução de título extrajudicial;Fernanda Costa;Secretaria de Saúde de Santa Clara
P-08673;Execução de alimentos;GlobalTech Corp.;Pedro Henrique Santos
P-08674;Trabalhista;Ana Paula Lima;Juliana Rocha
P-08675;Execução de título extrajudicial;Oficina Mecânica do Zé;GlobalTech Corp.
P-08676;Ações hipotecárias;Instituto Nacional de Energia Renovável;TechBrasil S.A.
P-08677;Execução de alimentos;Juliana Rocha;AgroVale Ltda.
P-08678;Execução de alimentos;Ana Paula Lima;Instituto Nacional de Energia Renovável
P-08679;Ações hipotecárias;GlobalTech Corp.;Construtora Nova Era Ltda.
P-08680;Busca e apreensão;Ricardo Almeida;Pedro Henrique Santos
P-08681;Inventário e partilha;Pedro Henrique Santos;Prefeitura Municipal de Nova Esperança
P-08682;Ações hipotecárias;TechBrasil S.A.;Ricardo Almeida
P-08683;Falência e Recuperação Judicial;Estado de Santa Aurora;Ricardo Almeida
P-08684;Execução Fiscal;Instituto Nacional de Energia Renovável;Secretaria de Saúde de Santa Clara
P-08685;Extinção de condomínio;Carlos Souza;Instituto Nacional de Energia Renovável
P-08686;Execução Cível;TechBrasil S.A.;Ana Paula Lima
P-08687;Ações hipotecárias;Oficina Mecânica do Zé;Ana Paula Lima
P-08688;Ações hipotecárias;GlobalTech Corp.;Juliana Rocha
P-08689;Ações hipotecárias;Ricardo Almeida;João da Silva
P-08690;Falência e Recuperação Judicial;Prefeitura Municipal de Nova Esperança;Construtora Nova Era Ltda.
P-08691;Extinção de condomínio;Ana Paula Lima;Carlos Souza
P-08692;Execução Fiscal;Prefeitura Municipal de Nova Esperança;Ricardo Almeida
P-08693;Falência e Recuperação Judicial;Estado de Santa Aurora;Maria Oliveira
P-08694;Execução Cível;Ricardo Almeida;Ana Paula Lima
P-08695;Execução Cível;Carlos Souza;AgroVale Ltda.
P-08696;Ações hipotecárias;Ana Paula Lima;Juliana Rocha
P-08697;Ações hipotecárias;Oficina Mecânica do Zé;Juliana Rocha
P-08698;Ações hipotecárias;Instituto Nacional de Energia Renovável;Fernanda Costa
P-08699;Inventário e partilha;Oficina Mecânica do Zé;Pedro Henrique Santos
P-08700;Execução de título extrajudicial;Prefeitura Municipal de Nova Esperança;Maria Oliveira
P-08701;Ações hipotecárias;Secretaria de Saúde de Santa Clara;João da Silva
P-08702;Execução de título extrajudicial;Maria Oliveira;Ricardo Almeida
P-08703;Inventário e partilha;Maria Oliveira;Instituto Nacional de Energia Renovável
P-08704;Trabalhista;Instituto Nacional de Energia Renovável;Juliana Rocha
P-08705;Falência e Recuperação Judicial;Instituto Nacional de Energia Renovável;Estado de Santa Aurora
P-08706;Execução de alimentos;Secretaria de Saúde de Santa Clara;Pedro Henrique Santos
P-08707;Execução de alimentos;Ana Paula Lima;Maria Oliveira
P-08708;Execução Cível;Carlos Souza;Carlos Souza
P-08709;Trabalhista;Ana Paula Lima;GlobalTech Corp.
P-08710;Inventário e partilha;Secretaria de Saúde de Santa Clara;Pedro Henrique Santos
P-08711;Execução Cível;Construtora Nova Era Ltda.;Ana Paula Lima
P-08712;Busca e apreensão;TechBrasil S.A.;Construtora Nova Era Ltda.
P-08713;Execução de título extrajudicial;Instituto Nacional de Energia Renovável;Ricardo Almeida
P-08714;Busca e apreensão;AgroVale Ltda.;Secretaria de Saúde de Santa Clara
P-08715;Execução Cível;TechBrasil S.A.;Construtora Nova Era Ltda.
P-08716;Busca e apreensão;Prefeitura Municipal de Nova Esperança;Oficina Mecânica do Zé
P-08717;Ações hipotecárias;Instituto Nacional de Energia Renovável;Pedro Henrique Santos
P-08718;Execução Fiscal;Estado de Santa Aurora;Instituto Nacional de Energia Renovável
P-08719;Execução de título extrajudicial;AgroVale Ltda.;Instituto Nacional de Energia Renovável
P-08720;Ações hipotecárias;Construtora Nova Era Ltda.;Juliana Rocha
P-08721;Execução de alimentos;GlobalTech Corp.;Pedro Henrique Santos
P-08722;Busca e apreensão;TechBrasil S.A.;Pedro Henrique Santos
P-08723;Execução de título extrajudicial;Ana Paula Lima;Ricardo Almeida
P-08724;Execução de alimentos;Carlos Souza;Secretaria de Saúde de Santa Clara
P-08725;Execução Cível;Prefeitura Municipal de Nova Esperança;Ana Paula Lima
P-08726;Execução de título extrajudicial;Construtora Nova Era Ltda.;Fernanda Costa
P-08727;Busca e apreensão;Carlos Souza;Estado de Santa Aurora
P-08728;Execução de título extrajudicial;Juliana Rocha;Instituto Nacional de Energia Renovável
P-08729;Falência e Recuperação Judicial;Instituto Nacional de Energia Renovável;AgroVale Ltda.
P-08730;Trabalhista;Ana Paula Lima;João da Silva
P-08731;Ações hipotecárias;Construtora Nova Era Ltda.;Pedro Henrique Santos
P-08732;Execução de alimentos;Instituto Nacional de Energia Renovável;Oficina Mecânica do Zé
P-08733;Busca e apreensão;Carlos Souza;Secretaria de Saúde de Santa Clara
P-08734;Ações hipotecárias;Fernanda Costa;Oficina Mecânica do Zé
P-08735;Inventário e partilha;GlobalTech Corp.;Prefeitura Municipal de Nova Esperança
P-08736;Inventário e partilha;Carlos Souza;Construtora Nova Era Ltda.
P-08737;Execução Cível;João da Silva;AgroVale Ltda.
P-08738;Execução de alimentos;Juliana Rocha;Carlos Souza
P-08739;Ações hipotecárias;Prefeitura Municipal de Nova Esperança;Juliana Rocha
P-08740;Execução de alimentos;TechBrasil S.A.;AgroVale Ltda.
P-08741;Inventário e partilha;João da Silva;AgroVale Ltda.
P-08742;Execução Cível;João da Silva;Estado de Santa Aurora
P-08743;Execução Cível;Fernanda Costa;Ricardo Almeida
P-08744;Execução Cível;Carlos Souza;Fernanda Costa
P-08745;Ações hipotecárias;Secretaria de Saúde de Santa Clara;GlobalTech Corp.
P-08746;Inventário e partilha;Estado de Santa Aurora;Oficina Mecânica do Zé
P-08747;Execução de alimentos;Carlos Souza;Maria Oliveira
P-08748;Execução de título extrajudicial;Fernanda Costa;Pedro Henrique Santos
P-08749;Busca e apreensão;Juliana Rocha;Ricardo Almeida
P-08750;Falência e Recuperação Judicial;Instituto Nacional de Energia Renovável;Ricardo Almeida
P-08751;Execução de alimentos;Juliana Rocha;Ricardo Almeida
P-08752;Falência e Recuperação Judicial;Prefeitura Municipal de Nova Esperança;Ana Paula Lima
P-08753;Execução de alimentos;Juliana Rocha;Ana Paula Lima
P-08754;Inventário e partilha;Secretaria de Saúde de Santa Clara;Maria Oliveira
P-08755;Ações hipotecárias;Oficina Mecânica do Zé;Maria Oliveira
P-08756;Falência e Recuperação Judicial;Secretaria de Saúde de Santa Clara;TechBrasil S.A.
P-08757;Falência e Recuperação Judicial;Instituto Nacional de Energia Renovável;João da Silva
P-08758;Inventário e partilha;Prefeitura Municipal de Nova Esperança;Ana Paula Lima
P-08759;Trabalhista;João da Silva;GlobalTech Corp.
P-08760;Execução Fiscal;Instituto Nacional de Energia Renovável;TechBrasil S.A.
P-08761;Extinção de condomínio;Maria Oliveira;Secretaria de Saúde de Santa Clara
P-08762;Execução de título extrajudicial;AgroVale Ltda.;Pedro Henrique Santos
P-08763;Execução de alimentos;Carlos Souza;Pedro Henrique Santos
P-08764;Inventário e partilha;Fernanda Costa;GlobalTech Corp.
P-08765;Trabalhista;Fernanda Costa;Instituto Nacional de Energia Renovável
P-08766;Falência e Recuperação Judicial;Estado de Santa Aurora;Ricardo Almeida
P-08767;Execução de título extrajudicial;Estado de Santa Aurora;Carlos Souza
P-08768;Execução Fiscal;Secretaria de Saúde de Santa Clara;Prefeitura Municipal de Nova Esperança
P-08769;Execução Fiscal;Prefeitura Municipal de Nova Esperança;Maria Oliveira
P-08770;Ações hipotecárias;Oficina Mecânica do Zé;Fernanda Costa
P-08771;Execução Cível;Maria Oliveira;Secretaria de Saúde de Santa Clara
P-08772;Execução de alimentos;Pedro Henrique Santos;GlobalTech Corp.
P-08773;Extinção de condomínio;Maria Oliveira;GlobalTech Corp.
P-08774;Ações hipotecárias;Maria Oliveira;Oficina Mecânica do Zé
P-08775;Falência e Recuperação Judicial;Estado de Santa Aurora;TechBrasil S.A.
P-08776;Execução Cível;AgroVale Ltda.;Construtora Nova Era Ltda.
P-08777;Execução Fiscal;Secretaria de Saúde de Santa Clara;Prefeitura Municipal de Nova Esperança
P-08778;Trabalhista;João da Silva;Prefeitura Municipal de Nova Esperança
P-08779;Execução Fiscal;Instituto Nacional de Energia Renovável;Maria Oliveira
P-08780;Ações hipotecárias;Juliana Rocha;Juliana Rocha
P-08781;Busca e apreensão;AgroVale Ltda.;Maria Oliveira
P-08782;Trabalhista;Pedro Henrique Santos;GlobalTech Corp.
P-08783;Extinção de condomínio;GlobalTech Corp.;Juliana Rocha
P-08784;Falência e Recuperação Judicial;Instituto Nacional de Energia Renovável;Carlos Souza
P-08785;Inventário e partilha;Pedro Henrique Santos;AgroVale Ltda.
P-08786;Inventário e partilha;GlobalTech Corp.;Construtora Nova Era Ltda.
P-08787;Execução de alimentos;TechBrasil S.A.;Maria Oliveira
P-08788;Busca e apreensão;Fernanda Costa;GlobalTech Corp.
P-08789;Execução Cível;Fernanda Costa;Estado de Santa Aurora
P-08790;Inventário e partilha;Prefeitura Municipal de Nova Esperança;Prefeitura Municipal de Nova Esperança
P-08791;Ações hipotecárias;Construtora Nova Era Ltda.;Ricardo Almeida
P-08792;Execução Fiscal;Estado de Santa Aurora;Carlos Souza
P-08793;Execução de título extrajudicial;Prefeitura Municipal de Nova Esperança;Estado de Santa Aurora
P-08794;Inventário e partilha;Carlos Souza;Carlos Souza
P-08795;Ações hipotecárias;AgroVale Ltda.;João da Silva
P-08796;Execução Cível;TechBrasil S.A.;Fernanda Costa
P-08797;Execução de alimentos;AgroVale Ltda.;Carlos Souza
P-08798;Busca e apreensão;Ricardo Almeida;Pedro Henrique Santos
P-08799;Falência e Recuperação Judicial;Prefeitura Municipal de Nova Esperança;Carlos Souza
P-08800;Inventário e partilha;Pedro Henrique Santos;Pedro Henrique Santos
P-08801;Execução Cível;Instituto Nacional de Energia Renovável;João da Silva
P-08802;Inventário e partilha;Juliana Rocha;Secretaria de Saúde de Santa Clara
P-08803;Execução Cível;Prefeitura Municipal de Nova Esperança;Pedro Henrique Santos
P-08804;Busca e apreensão;Juliana Rocha;TechBrasil S.A.
P-08805;Execução de título extrajudicial;Ricardo Almeida;AgroVale Ltda.
P-08806;Execução de alimentos;GlobalTech Corp.;Carlos Souza
P-08807;Execução Cível;TechBrasil S.A.;Pedro Henrique Santos
P-08808;Execução Fiscal;Instituto Nacional de Energia Renovável;Instituto Nacional de Energia Renovável
P-08809;Trabalhista;Ana Paula Lima;Ana Paula Lima
P-08810;Trabalhista;Juliana Rocha;AgroVale Ltda.
P-08811;Execução Fiscal;Prefeitura Municipal de Nova Esperança;Juliana Rocha
P-08812;Execução de título extrajudicial;Maria Oliveira;AgroVale Ltda.
P-08813;Ações hipotecárias;Secretaria de Saúde de Santa Clara;João da Silva
P-08814;Execução Fiscal;Secretaria de Saúde de Santa Clara;Construtora Nova Era Ltda.
P-08815;Execução Cível;Juliana Rocha;Construtora Nova Era Ltda.
P-08816;Falência e Recuperação Judicial;Estado de Santa Aurora;Construtora Nova Era Ltda.
P-08817;Busca e apreensão;Secretaria de Saúde de Santa Clara;Pedro Henrique Santos
P-08818;Inventário e partilha;Ricardo Almeida;João da Silva
P-08819;Falência e Recuperação Judicial;Instituto Nacional de Energia Renovável;Carlos Souza
P-08820;Trabalhista;Secretaria de Saúde de Santa Clara;Carlos Souza
P-08821;Inventário e partilha;João da Silva;Secretaria de Saúde de Santa Clara
P-08822;Execução Cível;João da Silva;Fernanda Costa
P-08823;Trabalhista;TechBrasil S.A.;Estado de Santa Aurora
P-08824;Ações hipotecárias;AgroVale Ltda.;TechBrasil S.A.
P-08825;Trabalhista;Estado de Santa Aurora;Construtora Nova Era Ltda.
P-08826;Busca e apreensão;João da Silva;Prefeitura Municipal de Nova Esperança
P-08827;Inventário e partilha;AgroVale Ltda.;Secretaria de Saúde de Santa Clara
P-08828;Execução Fiscal;Secretaria de Saúde de Santa Clara;Instituto Nacional de Energia Renovável
P-08829;Falência e Recuperação Judicial;Secretaria de Saúde de Santa Clara;GlobalTech Corp.
P-08830;Trabalhista;Maria Oliveira;João da Silva
P-08831;Busca e apreensão;Estado de Santa Aurora;Carlos Souza
P-08832;Ações hipotecárias;Pedro Henrique Santos;Estado de Santa Aurora
P-08833;Execução de alimentos;GlobalTech Corp.;Ricardo Almeida
P-08834;Execução de alimentos;Juliana Rocha;Maria Oliveira
P-08835;Ações hipotecárias;AgroVale Ltda.;Instituto Nacional de Energia Renovável
P-08836;Execução de título extrajudicial;Carlos Souza;Ricardo Almeida
P-08837;Execução Fiscal;Secretaria de Saúde de Santa Clara;GlobalTech Corp.
P-08838;Execução Fiscal;Prefeitura Municipal de Nova Esperança;Carlos Souza
P-08839;Inventário e partilha;TechBrasil S.A.;Construtora Nova Era Ltda.
P-08840;Trabalhista;Estado de Santa Aurora;TechBrasil S.A.
P-08841;Inventário e partilha;Juliana Rocha;Prefeitura Municipal de Nova Esperança
P-08842;Execução Fiscal;Estado de Santa Aurora;Ana Paula Lima
P-08843;Extinção de condomínio;Fernanda Costa;Ana Paula Lima
P-08844;Trabalhista;GlobalTech Corp.;João da Silva
P-08845;Execução Fiscal;Prefeitura Municipal de Nova Esperança;Instituto Nacional de Energia Renovável
P-08846;Trabalhista;Ricardo Almeida;Fernanda Costa
P-08847;Execução de título extrajudicial;Carlos Souza;Construtora Nova Era Ltda.
P-08848;Execução de título extrajudicial;Pedro Henrique Santos;Juliana Rocha
P-08849;Execução Cível;Secretaria de Saúde de Santa Clara;Carlos Souza
P-08850;Ações hipotecárias;AgroVale Ltda.;Pedro Henrique Santos
P-08851;Extinção de condomínio;GlobalTech Corp.;Pedro Henrique Santos
P-08852;Falência e Recuperação Judicial;Secretaria de Saúde de Santa Clara;Secretaria de Saúde de Santa Clara
P-08853;Trabalhista;Secretaria de Saúde de Santa Clara;João da Silva
P-08854;Extinção de condomínio;TechBrasil S.A.;Juliana Rocha
P-08855;Falência e Recuperação Judicial;Prefeitura Municipal de Nova Esperança;João da Silva
P-08856;Inventário e partilha;Ana Paula Lima;Fernanda Costa
P-08857;Busca e apreensão;Maria Oliveira;Secretaria de Saúde de Santa Clara
P-08858;Execução Cível;Ana Paula Lima;Instituto Nacional de Energia Renovável
P-08859;Busca e apreensão;Juliana Rocha;AgroVale Ltda.
P-08860;Extinção de condomínio;João da Silva;AgroVale Ltda.
P-08861;Execução Cível;Pedro Henrique Santos;Maria Oliveira
P-08862;Inventário e partilha;João da Silva;Secretaria de Saúde de Santa Clara
P-08863;Execução de alimentos;TechBrasil S.A.;GlobalTech Corp.
P-08864;Execução Cível;Juliana Rocha;Oficina Mecânica do Zé
P-08865;Execução de alimentos;Instituto Nacional de Energia Renovável;GlobalTech Corp.
P-08866;Execução de título extrajudicial;Juliana Rocha;Maria Oliveira
P-08867;Execução Cível;Ricardo Almeida;João da Silva
P-08868;Execução Fiscal;Instituto Nacional de Energia Renovável;TechBrasil S.A.
P-08869;Falência e Recuperação Judicial;Prefeitura Municipal de Nova Esperança;Juliana Rocha
P-08870;Trabalhista;Fernanda Costa;João da Silva
P-08871;Ações hipotecárias;Fernanda Costa;Ricardo Almeida
P-08872;Execução de alimentos;Pedro Henrique Santos;TechBrasil S.A.
P-08873;Busca e apreensão;Prefeitura Municipal de Nova Esperança;Maria Oliveira
P-08874;Inventário e partilha;Instituto Nacional de Energia Renovável;João da Silva
P-08875;Execução Fiscal;Prefeitura Municipal de Nova Esperança;Maria Oliveira
P-08876;Execução de título extrajudicial;GlobalTech Corp.;TechBrasil S.A.
P-08877;Execução Fiscal;Estado de Santa Aurora;Oficina Mecânica do Zé
P-08878;Extinção de condomínio;Pedro Henrique Santos;Juliana Rocha
P-08879;Ações hipotecárias;Ana Paula Lima;AgroVale Ltda.
P-08880;Trabalhista;Fernanda Costa;GlobalTech Corp.
P-08881;Extinção de condomínio;Secretaria de Saúde de Santa Clara;João da Silva
P-08882;Execução de título extrajudicial;Prefeitura Municipal de Nova Esperança;Pedro Henrique Santos
P-08883;Trabalhista;Fernanda Costa;Estado de Santa Aurora
P-08884;Execução de título extrajudicial;Oficina Mecânica do Zé;Carlos Souza
P-08885;Execução de título extrajudicial;Oficina Mecânica do Zé;TechBrasil S.A.
P-08886;Falência e Recuperação Judicial;Prefeitura Municipal de Nova Esperança;AgroVale Ltda.
P-08887;Execução de título extrajudicial;TechBrasil S.A.;Oficina Mecânica do Zé
P-08888;Busca e apreensão;Secretaria de Saúde de Santa Clara;Prefeitura Municipal de Nova Esperança
P-08889;Ações hipotecárias;TechBrasil S.A.;Fernanda Costa
P-08890;Execução de alimentos;João da Silva;AgroVale Ltda.
P-08891;Inventário e partilha;Maria Oliveira;Fernanda Costa
P-08892;Extinção de condomínio;Ricardo Almeida;Estado de Santa Aurora
P-08893;Inventário e partilha;Pedro Henrique Santos;João da Silva
P-08894;Falência e Recuperação Judicial;Prefeitura Municipal de Nova Esperança;Juliana Rocha
P-08895;Busca e apreensão;TechBrasil S.A.;AgroVale Ltda.
P-08896;Trabalhista;João da Silva;Estado de Santa Aurora
P-08897;Ações hipotecárias;Fernanda Costa;Construtora Nova Era Ltda.
P-08898;Inventário e partilha;Ana Paula Lima;Secretaria de Saúde de Santa Clara
P-08899;Busca e apreensão;Pedro Henrique Santos;Pedro Henrique Santos
P-08900;Busca e apreensão;João da Silva;Carlos Souza
P-08901;Extinção de condomínio;Carlos Souza;Ana Paula Lima
P-08902;Inventário e partilha;Secretaria de Saúde de Santa Clara;AgroVale Ltda.
P-08903;Busca e apreensão;Maria Oliveira;GlobalTech Corp.
P-08904;Extinção de condomínio;Maria Oliveira;Instituto Nacional de Energia Renovável
P-08905;Execução Cível;GlobalTech Corp.;GlobalTech Corp.
P-08906;Execução Cível;TechBrasil S.A.;Carlos Souza
P-08907;Execução de título extrajudicial;Carlos Souza;Ana Paula Lima
P-08908;Execução de alimentos;Construtora Nova Era Ltda.;Secretaria de Saúde de Santa Clara
P-08909;Falência e Recuperação Judicial;Instituto Nacional de Energia Renovável;TechBrasil S.A.
P-08910;Ações hipotecárias;Ana Paula Lima;Ricardo Almeida
P-08911;Inventário e partilha;Oficina Mecânica do Zé;Oficina Mecânica do Zé
P-08912;Falência e Recuperação Judicial;Prefeitura Municipal de Nova Esperança;Ana Paula Lima
P-08913;Execução de alimentos;Secretaria de Saúde de Santa Clara;AgroVale Ltda.
P-08914;Execução Fiscal;Instituto Nacional de Energia Renovável;Secretaria de Saúde de Santa Clara
P-08915;Inventário e partilha;TechBrasil S.A.;Secretaria de Saúde de Santa Clara
P-08916;Busca e apreensão;Maria Oliveira;Pedro Henrique Santos
P-08917;Execução de alimentos;Maria Oliveira;Prefeitura Municipal de Nova Esperança
P-08918;Execução de alimentos;Maria Oliveira;Juliana Rocha
P-08919;Extinção de condomínio;Maria Oliveira;Construtora Nova Era Ltda.
P-08920;Ações hipotecárias;Carlos Souza;Carlos Souza
P-08921;Ações hipotecárias;Construtora Nova Era Ltda.;TechBrasil S.A.
P-08922;Falência e Recuperação Judicial;Estado de Santa Aurora;Ricardo Almeida
P-08923;Trabalhista;Ricardo Almeida;AgroVale Ltda.
P-08924;Inventário e partilha;Secretaria de Saúde de Santa Clara;Juliana Rocha
P-08925;Execução de alimentos;AgroVale Ltda.;TechBrasil S.A.
P-08926;Execução Cível;Maria Oliveira;Construtora Nova Era Ltda.
P-08927;Execução de alimentos;AgroVale Ltda.;Maria Oliveira
P-08928;Execução de alimentos;Carlos Souza;AgroVale Ltda.
P-08929;Ações hipotecárias;Juliana Rocha;Oficina Mecânica do Zé
P-08930;Execução Cível;Oficina Mecânica do Zé;Ana Paula Lima
P-08931;Ações hipotecárias;Oficina Mecânica do Zé;Pedro Henrique Santos
P-08932;Execução Fiscal;Instituto Nacional de Energia Renovável;Instituto Nacional de Energia Renovável
P-08933;Extinção de condomínio;Prefeitura Municipal de Nova Esperança;Ana Paula Lima
P-08934;Execução de título extrajudicial;João da Silva;Ricardo Almeida
P-08935;Execução de título extrajudicial;Maria Oliveira;Ricardo Almeida
P-08936;Busca e apreensão;Prefeitura Municipal de Nova Esperança;Instituto Nacional de Energia Renovável
P-08937;Execução Cível;Carlos Souza;Juliana Rocha
P-08938;Ações hipotecárias;Fernanda Costa;GlobalTech Corp.
P-08939;Trabalhista;Maria Oliveira;Oficina Mecânica do Zé
P-08940;Extinção de condomínio;Estado de Santa Aurora;Prefeitura Municipal de Nova Esperança
P-08941;Execução de título extrajudicial;Instituto Nacional de Energia Renovável;Ricardo Almeida
P-08942;Inventário e partilha;Prefeitura Municipal de Nova Esperança;Pedro Henrique Santos
P-08943;Busca e apreensão;Instituto Nacional de Energia Renovável;Oficina Mecânica do Zé
P-08944;Busca e apreensão;Ana Paula Lima;Ana Paula Lima
P-08945;Execução Cível;Secretaria de Saúde de Santa Clara;Ricardo Almeida
P-08946;Execução Fiscal;Secretaria de Saúde de Santa Clara;TechBrasil S.A.
P-08947;Execução de título extrajudicial;João da Silva;Oficina Mecânica do Zé
P-08948;Trabalhista;Fernanda Costa;GlobalTech Corp.
P-08949;Execução de alimentos;TechBrasil S.A.;Carlos Souza
P-08950;Busca e apreensão;Pedro Henrique Santos;Ricardo Almeida
P-08951;Falência e Recuperação Judicial;Secretaria de Saúde de Santa Clara;Pedro Henrique Santos
P-08952;Falência e Recuperação Judicial;Secretaria de Saúde de Santa Clara;Estado de Santa Aurora
P-08953;Extinção de condomínio;Estado de Santa Aurora;Ana Paula Lima
P-08954;Trabalhista;Ana Paula Lima;AgroVale Ltda.
P-08955;Execução de título extrajudicial;Prefeitura Municipal de Nova Esperança;Juliana Rocha
P-08956;Falência e Recuperação Judicial;Secretaria de Saúde de Santa Clara;Oficina Mecânica do Zé
P-08957;Ações hipotecárias;Instituto Nacional de Energia Renovável;Prefeitura Municipal de Nova Esperança
P-08958;Execução Cível;Secretaria de Saúde de Santa Clara;Carlos Souza
P-08959;Inventário e partilha;Oficina Mecânica do Zé;Ana Paula Lima
P-08960;Ações hipotecárias;Ricardo Almeida;AgroVale Ltda.
P-08961;Extinção de condomínio;Prefeitura Municipal de Nova Esperança;Construtora Nova Era Ltda.
P-08962;Execução de alimentos;Fernanda Costa;Prefeitura Municipal de Nova Esperança
P-08963;Extinção de condomínio;Construtora Nova Era Ltda.;Carlos Souza
P-08964;Ações hipotecárias;Maria Oliveira;Construtora Nova Era Ltda.
P-08965;Execução de alimentos;AgroVale Ltda.;Instituto Nacional de Energia Renovável
P-08966;Execução de título extrajudicial;TechBrasil S.A.;Estado de Santa Aurora
P-08967;Execução de título extrajudicial;Secretaria de Saúde de Santa Clara;Juliana Rocha
P-08968;Execução Cível;Fernanda Costa;Maria Oliveira
P-08969;Trabalhista;Pedro Henrique Santos;Fernanda Costa
P-08970;Execução de alimentos;Ricardo Almeida;João da Silva
P-08971;Execução Cível;Ana Paula Lima;Juliana Rocha
P-08972;Falência e Recuperação Judicial;Secretaria de Saúde de Santa Clara;Oficina Mecânica do Zé
P-08973;Extinção de condomínio;Carlos Souza;TechBrasil S.A.
P-08974;Execução Cível;João da Silva;Construtora Nova Era Ltda.
P-08975;Execução de alimentos;Ana Paula Lima;João da Silva
P-08976;Extinção de condomínio;Pedro Henrique Santos;Instituto Nacional de Energia Renovável
P-08977;Execução de alimentos;Prefeitura Municipal de Nova Esperança;Ricardo Almeida
P-08978;Extinção de condomínio;Ana Paula Lima;Ricardo Almeida
P-08979;Extinção de condomínio;AgroVale Ltda.;Secretaria de Saúde de Santa Clara
P-08980;Busca e apreensão;Secretaria de Saúde de Santa Clara;TechBrasil S.A.
P-08981;Execução de título extrajudicial;Construtora Nova Era Ltda.;TechBrasil S.A.
P-08982;Execução Fiscal;Prefeitura Municipal de Nova Esperança;Maria Oliveira
P-08983;Busca e apreensão;Construtora Nova Era Ltda.;Ana Paula Lima
P-08984;Execução Cível;AgroVale Ltda.;Construtora Nova Era Ltda.
P-08985;Extinção de condomínio;Construtora Nova Era Ltda.;Oficina Mecânica do Zé
P-08986;Extinção de condomínio;Estado de Santa Aurora;Ricardo Almeida
P-08987;Execução de título extrajudicial;Pedro Henrique Santos;João da Silva
P-08988;Execução de título extrajudicial;Pedro Henrique Santos;Prefeitura Municipal de Nova Esperança
P-08989;Falência e Recuperação Judicial;Secretaria de Saúde de Santa Clara;Maria Oliveira
P-08990;Execução de alimentos;Prefeitura Municipal de Nova Esperança;Pedro Henrique Santos
P-08991;Inventário e partilha;Carlos Souza;Oficina Mecânica do Zé
P-08992;Falência e Recuperação Judicial;Prefeitura Municipal de Nova Esperança;João da Silva
P-08993;Extinção de condomínio;Pedro Henrique Santos;Juliana Rocha
P-08994;Extinção de condomínio;Construtora Nova Era Ltda.;João da Silva
P-08995;Falência e Recuperação Judicial;Estado de Santa Aurora;Ricardo Almeida
P-08996;Trabalhista;Ana Paula Lima;Ana Paula Lima
P-08997;Inventário e partilha;João da Silva;Juliana Rocha
P-08998;Inventário e partilha;Ricardo Almeida;Prefeitura Municipal de Nova Esperança
P-08999;Inventário e partilha;Fernanda Costa;Ricardo Almeida
P-09000;Falência e Recuperação Judicial;Instituto Nacional de Energia Renovável;Estado de Santa Aurora
P-09001;Falência e Recuperação Judicial;Estado de Santa Aurora;Pedro Henrique Santos
P-09002;Ações hipotecárias;João da Silva;Maria Oliveira
P-09003;Trabalhista;Fernanda Costa;Carlos Souza
P-09004;Execução Cível;Instituto Nacional de Energia Renovável;Maria Oliveira
P-09005;Execução de alimentos;Carlos Souza;Construtora Nova Era Ltda.
P-09006;Trabalhista;AgroVale Ltda.;Carlos Souza
P-09007;Falência e Recuperação Judicial;Prefeitura Municipal de Nova Esperança;Ricardo Almeida
P-09008;Execução Fiscal;Prefeitura Municipal de Nova Esperança;AgroVale Ltda.
P-09009;Trabalhista;GlobalTech Corp.;AgroVale Ltda.
P-09010;Trabalhista;Ricardo Almeida;Ana Paula Lima
P-09011;Execução Cível;Oficina Mecânica do Zé;Construtora Nova Era Ltda.
P-09012;Trabalhista;Ana Paula Lima;Pedro Henrique Santos
P-09013;Execução Cível;Oficina Mecânica do Zé;GlobalTech Corp.
P-09014;Execução de alimentos;Secretaria de Saúde de Santa Clara;Estado de Santa Aurora
P-09015;Execução Fiscal;Instituto Nacional de Energia Renovável;Fernanda Costa
P-09016;Ações hipotecárias;Carlos Souza;Maria Oliveira
P-09017;Busca e apreensão;Oficina Mecânica do Zé;Secretaria de Saúde de Santa Clara
P-09018;Execução de alimentos;Estado de Santa Aurora;Maria Oliveira
P-09019;Trabalhista;Maria Oliveira;Maria Oliveira
P-09020;Ações hipotecárias;Instituto Nacional de Energia Renovável;Carlos Souza
P-09021;Falência e Recuperação Judicial;Instituto Nacional de Energia Renovável;Secretaria de Saúde de Santa Clara
P-09022;Busca e apreensão;Estado de Santa Aurora;Construtora Nova Era Ltda.
P-09023;Execução de alimentos;TechBrasil S.A.;Construtora Nova Era Ltda.
P-09024;Falência e Recuperação Judicial;Instituto Nacional de Energia Renovável;GlobalTech Corp.
P-09025;Trabalhista;Instituto Nacional de Energia Renovável;Ricardo Almeida
P-09026;Falência e Recuperação Judicial;Prefeitura Municipal de Nova Esperança;Prefeitura Municipal de Nova Esperança
P-09027;Execução Fiscal;Estado de Santa Aurora;Oficina Mecânica do Zé
P-09028;Execução Fiscal;Estado de Santa Aurora;Ana Paula Lima
P-09029;Execução Fiscal;Instituto Nacional de Energia Renovável;Construtora Nova Era Ltda.
P-09030;Falência e Recuperação Judicial;Prefeitura Municipal de Nova Esperança;Secretaria de Saúde de Santa Clara
P-09031;Execução Fiscal;Estado de Santa Aurora;Ricardo Almeida
P-09032;Falência e Recuperação Judicial;Instituto Nacional de Energia Renovável;João da Silva
P-09033;Ações hipotecárias;GlobalTech Corp.;Instituto Nacional de Energia Renovável
P-09034;Extinção de condomínio;Juliana Rocha;Ricardo Almeida
P-09035;Busca e apreensão;Carlos Souza;TechBrasil S.A.
P-09036;Execução de alimentos;Pedro Henrique Santos;Secretaria de Saúde de Santa Clara
P-09037;Trabalhista;Ana Paula Lima;Ana Paula Lima
P-09038;Extinção de condomínio;Juliana Rocha;Maria Oliveira
P-09039;Busca e apreensão;Pedro Henrique Santos;Oficina Mecânica do Zé
P-09040;Execução Fiscal;Instituto Nacional de Energia Renovável;AgroVale Ltda.
P-09041;Execução Fiscal;Estado de Santa Aurora;Ricardo Almeida
P-09042;Execução de título extrajudicial;TechBrasil S.A.;Secretaria de Saúde de Santa Clara
P-09043;Execução Fiscal;Estado de Santa Aurora;Maria Oliveira
P-09044;Trabalhista;GlobalTech Corp.;Ana Paula Lima
P-09045;Falência e Recuperação Judicial;Instituto Nacional de Energia Renovável;Prefeitura Municipal de Nova Esperança
P-09046;Execução de título extrajudicial;Estado de Santa Aurora;Pedro Henrique Santos
P-09047;Inventário e partilha;Carlos Souza;Pedro Henrique Santos
P-09048;Execução Fiscal;Secretaria de Saúde de Santa Clara;Construtora Nova Era Ltda.
P-09049;Execução Fiscal;Prefeitura Municipal de Nova Esperança;Construtora Nova Era Ltda.
P-09050;Execução de alimentos;GlobalTech Corp.;Maria Oliveira
P-09051;Extinção de condomínio;Instituto Nacional de Energia Renovável;João da Silva
P-09052;Falência e Recuperação Judicial;Secretaria de Saúde de Santa Clara;Pedro Henrique Santos
P-09053;Ações hipotecárias;TechBrasil S.A.;Secretaria de Saúde de Santa Clara
P-09054;Busca e apreensão;Instituto Nacional de Energia Renovável;Ana Paula Lima
P-09055;Execução Cível;Ricardo Almeida;Maria Oliveira
P-09056;Trabalhista;Ana Paula Lima;Oficina Mecânica do Zé
P-09057;Trabalhista;Maria Oliveira;Juliana Rocha
P-09058;Falência e Recuperação Judicial;Secretaria de Saúde de Santa Clara;Maria Oliveira
P-09059;Execução de alimentos;Carlos Souza;João da Silva
P-09060;Trabalhista;João da Silva;Juliana Rocha
P-09061;Execução de alimentos;AgroVale Ltda.;Juliana Rocha
P-09062;Ações hipotecárias;Secretaria de Saúde de Santa Clara;Ricardo Almeida
P-09063;Ações hipotecárias;João da Silva;Prefeitura Municipal de Nova Esperança
P-09064;Trabalhista;Juliana Rocha;Fernanda Costa
P-09065;Ações hipotecárias;AgroVale Ltda.;Instituto Nacional de Energia Renovável
P-09066;Ações hipotecárias;Ricardo Almeida;Ana Paula Lima
P-09067;Execução de título extrajudicial;AgroVale Ltda.;Construtora Nova Era Ltda.
P-09068;Execução de alimentos;João da Silva;TechBrasil S.A.
P-09069;Trabalhista;Ana Paula Lima;Secretaria de Saúde de Santa Clara
P-09070;Busca e apreensão;Pedro Henrique Santos;AgroVale Ltda.
P-09071;Execução de título extrajudicial;AgroVale Ltda.;Fernanda Costa
P-09072;Inventário e partilha;Instituto Nacional de Energia Renovável;Oficina Mecânica do Zé
P-09073;Inventário e partilha;Juliana Rocha;Ana Paula Lima
P-09074;Falência e Recuperação Judicial;Prefeitura Municipal de Nova Esperança;Secretaria de Saúde de Santa Clara
P-09075;Falência e Recuperação Judicial;Prefeitura Municipal de Nova Esperança;Ricardo Almeida
P-09076;Execução de título extrajudicial;TechBrasil S.A.;Instituto Nacional de Energia Renovável
P-09077;Inventário e partilha;Instituto Nacional de Energia Renovável;Instituto Nacional de Energia Renovável
P-09078;Busca e apreensão;Ricardo Almeida;Pedro Henrique Santos
P-09079;Extinção de condomínio;Ana Paula Lima;AgroVale Ltda.
P-09080;Execução de título extrajudicial;GlobalTech Corp.;GlobalTech Corp.
P-09081;Execução de alimentos;Fernanda Costa;Construtora Nova Era Ltda.
P-09082;Busca e apreensão;Juliana Rocha;Maria Oliveira
P-09083;Extinção de condomínio;Prefeitura Municipal de Nova Esperança;Ana Paula Lima
P-09084;Execução Cível;TechBrasil S.A.;GlobalTech Corp.
P-09085;Execução de título extrajudicial;João da Silva;Instituto Nacional de Energia Renovável
P-09086;Extinção de condomínio;Instituto Nacional de Energia Renovável;Construtora Nova Era Ltda.
P-09087;Inventário e partilha;Construtora Nova Era Ltda.;Ana Paula Lima
P-09088;Ações hipotecárias;Pedro Henrique Santos;Instituto Nacional de Energia Renovável
P-09089;Extinção de condomínio;Fernanda Costa;GlobalTech Corp.
P-09090;Busca e apreensão;Juliana Rocha;Oficina Mecânica do Zé
P-09091;Busca e apreensão;GlobalTech Corp.;Instituto Nacional de Energia Renovável
P-09092;Execução Fiscal;Prefeitura Municipal de Nova Esperança;Instituto Nacional de Energia Renovável
P-09093;Busca e apreensão;GlobalTech Corp.;Juliana Rocha
P-09094;Falência e Recuperação Judicial;Prefeitura Municipal de Nova Esperança;Fernanda Costa
P-09095;Execução Fiscal;Secretaria de Saúde de Santa Clara;Secretaria de Saúde de Santa Clara
P-09096;Extinção de condomínio;GlobalTech Corp.;GlobalTech Corp.
P-09097;Execução de alimentos;Ricardo Almeida;Prefeitura Municipal de Nova Esperança
P-09098;Trabalhista;Secretaria de Saúde de Santa Clara;Ricardo Almeida
P-09099;Busca e apreensão;Pedro Henrique Santos;Prefeitura Municipal de Nova Esperança
P-09100;Execução de título extrajudicial;Instituto Nacional de Energia Renovável;Juliana Rocha
P-09101;Falência e Recuperação Judicial;Prefeitura Municipal de Nova Esperança;TechBrasil S.A.
P-09102;Busca e apreensão;Ricardo Almeida;Prefeitura Municipal de Nova Esperança
P-09103;Execução Cível;Ana Paula Lima;Instituto Nacional de Energia Renovável
P-09104;Falência e Recuperação Judicial;Estado de Santa Aurora;Ana Paula Lima
P-09105;Ações hipotecárias;AgroVale Ltda.;GlobalTech Corp.
P-09106;Trabalhista;GlobalTech Corp.;Juliana Rocha
P-09107;Busca e apreensão;Oficina Mecânica do Zé;Ana Paula Lima
P-09108;Extinção de condomínio;GlobalTech Corp.;Instituto Nacional de Energia Renovável
P-09109;Execução Cível;Oficina Mecânica do Zé;AgroVale Ltda.
P-09110;Execução de alimentos;Secretaria de Saúde de Santa Clara;Estado de Santa Aurora
P-09111;Falência e Recuperação Judicial;Estado de Santa Aurora;Ana Paula Lima
P-09112;Ações hipotecárias;Maria Oliveira;Pedro Henrique Santos
P-09113;Execução Fiscal;Secretaria de Saúde de Santa Clara;Prefeitura Municipal de Nova Esperança
P-09114;Trabalhista;Ricardo Almeida;Carlos Souza
P-09115;Execução de alimentos;Pedro Henrique Santos;TechBrasil S.A.
P-09116;Execução de título extrajudicial;Pedro Henrique Santos;Fernanda Costa
P-09117;Trabalhista;Pedro Henrique Santos;Ricardo Almeida
P-09118;Falência e Recuperação Judicial;Estado de Santa Aurora;Fernanda Costa
P-09119;Execução Cível;João da Silva;Oficina Mecânica do Zé
P-09120;Execução Fiscal;Prefeitura Municipal de Nova Esperança;Construtora Nova Era Ltda.
P-09121;Ações hipotecárias;Construtora Nova Era Ltda.;Secretaria de Saúde de Santa Clara
P-09122;Extinção de condomínio;Oficina Mecânica do Zé;TechBrasil S.A.
P-09123;Extinção de condomínio;TechBrasil S.A.;Pedro Henrique Santos
P-09124;Ações hipotecárias;Ricardo Almeida;GlobalTech Corp.
P-09125;Busca e apreensão;Pedro Henrique Santos;AgroVale Ltda.
P-09126;Falência e Recuperação Judicial;Secretaria de Saúde de Santa Clara;João da Silva
P-09127;Trabalhista;Instituto Nacional de Energia Renovável;Pedro Henrique Santos
P-09128;Inventário e partilha;Construtora Nova Era Ltda.;AgroVale Ltda.
P-09129;Busca e apreensão;Instituto Nacional de Energia Renovável;Estado de Santa Aurora
P-09130;Extinção de condomínio;TechBrasil S.A.;Oficina Mecânica do Zé
P-09131;Falência e Recuperação Judicial;Secretaria de Saúde de Santa Clara;Secretaria de Saúde de Santa Clara
P-09132;Execução de alimentos;Oficina Mecânica do Zé;Prefeitura Municipal de Nova Esperança
P-09133;Extinção de condomínio;Instituto Nacional de Energia Renovável;Oficina Mecânica do Zé
P-09134;Execução de título extrajudicial;Carlos Souza;Maria Oliveira
P-09135;Execução de título extrajudicial;Ana Paula Lima;Prefeitura Municipal de Nova Esperança
P-09136;Extinção de condomínio;Pedro Henrique Santos;Maria Oliveira
P-09137;Extinção de condomínio;Prefeitura Municipal de Nova Esperança;Carlos Souza
P-09138;Busca e apreensão;AgroVale Ltda.;Juliana Rocha
P-09139;Execução Fiscal;Secretaria de Saúde de Santa Clara;Prefeitura Municipal de Nova Esperança
P-09140;Falência e Recuperação Judicial;Estado de Santa Aurora;Carlos Souza
P-09141;Execução de alimentos;João da Silva;Ricardo Almeida
P-09142;Execução de título extrajudicial;Juliana Rocha;Estado de Santa Aurora
P-09143;Inventário e partilha;Fernanda Costa;João da Silva
P-09144;Falência e Recuperação Judicial;Prefeitura Municipal de Nova Esperança;Instituto Nacional de Energia Renovável
P-09145;Extinção de condomínio;Construtora Nova Era Ltda.;Oficina Mecânica do Zé
P-09146;Falência e Recuperação Judicial;Instituto Nacional de Energia Renovável;AgroVale Ltda.
P-09147;Execução Cível;TechBrasil S.A.;Instituto Nacional de Energia Renovável
P-09148;Falência e Recuperação Judicial;Instituto Nacional de Energia Renovável;TechBrasil S.A.
P-09149;Falência e Recuperação Judicial;Prefeitura Municipal de Nova Esperança;Juliana Rocha
P-09150;Execução Cível;Secretaria de Saúde de Santa Clara;Juliana Rocha
P-09151;Execução Fiscal;Estado de Santa Aurora;Estado de Santa Aurora
P-09152;Falência e Recuperação Judicial;Secretaria de Saúde de Santa Clara;Juliana Rocha
P-09153;Execução Fiscal;Secretaria de Saúde de Santa Clara;AgroVale Ltda.
P-09154;Execução Cível;Pedro Henrique Santos;GlobalTech Corp.
P-09155;Falência e Recuperação Judicial;Secretaria de Saúde de Santa Clara;Ricardo Almeida
P-09156;Execução de alimentos;Fernanda Costa;Construtora Nova Era Ltda.
P-09157;Execução de título extrajudicial;Prefeitura Municipal de Nova Esperança;AgroVale Ltda.
P-09158;Execução Fiscal;Prefeitura Municipal de Nova Esperança;Pedro Henrique Santos
P-09159;Ações hipotecárias;Instituto Nacional de Energia Renovável;TechBrasil S.A.
P-09160;Busca e apreensão;AgroVale Ltda.;Maria Oliveira
P-09161;Ações hipotecárias;Maria Oliveira;Secretaria de Saúde de Santa Clara
P-09162;Ações hipotecárias;Construtora Nova Era Ltda.;GlobalTech Corp.
P-09163;Ações hipotecárias;Ricardo Almeida;Carlos Souza
P-09164;Inventário e partilha;Estado de Santa Aurora;João da Silva
P-09165;Execução de alimentos;Pedro Henrique Santos;Secretaria de Saúde de Santa Clara
P-09166;Extinção de condomínio;Prefeitura Municipal de Nova Esperança;TechBrasil S.A.
P-09167;Trabalhista;Ricardo Almeida;Ricardo Almeida
P-09168;Inventário e partilha;AgroVale Ltda.;Estado de Santa Aurora
P-09169;Execução de título extrajudicial;Estado de Santa Aurora;João da Silva
P-09170;Inventário e partilha;Instituto Nacional de Energia Renovável;Carlos Souza
P-09171;Inventário e partilha;Maria Oliveira;Juliana Rocha
P-09172;Execução de alimentos;Fernanda Costa;Oficina Mecânica do Zé
P-09173;Ações hipotecárias;João da Silva;Ricardo Almeida
P-09174;Execução de alimentos;TechBrasil S.A.;Instituto Nacional de Energia Renovável
P-09175;Busca e apreensão;Instituto Nacional de Energia Renovável;Ana Paula Lima
P-09176;Busca e apreensão;Ricardo Almeida;Maria Oliveira
P-09177;Extinção de condomínio;Construtora Nova Era Ltda.;Maria Oliveira
P-09178;Extinção de condomínio;Ricardo Almeida;AgroVale Ltda.
P-09179;Execução de alimentos;Estado de Santa Aurora;TechBrasil S.A.
P-09180;Execução de alimentos;Ana Paula Lima;GlobalTech Corp.
P-09181;Busca e apreensão;AgroVale Ltda.;Carlos Souza
P-09182;Execução de alimentos;Estado de Santa Aurora;GlobalTech Corp.
P-09183;Inventário e partilha;Oficina Mecânica do Zé;Oficina Mecânica do Zé
P-09184;Inventário e partilha;Instituto Nacional de Energia Renovável;Estado de Santa Aurora
P-09185;Execução Fiscal;Prefeitura Municipal de Nova Esperança;Ricardo Almeida
P-09186;Execução Fiscal;Instituto Nacional de Energia Renovável;Instituto Nacional de Energia Renovável
P-09187;Inventário e partilha;Estado de Santa Aurora;Maria Oliveira
P-09188;Execução de alimentos;Ana Paula Lima;Maria Oliveira
P-09189;Trabalhista;AgroVale Ltda.;Carlos Souza
P-09190;Execução Cível;Juliana Rocha;TechBrasil S.A.
P-09191;Ações hipotecárias;Secretaria de Saúde de Santa Clara;Estado de Santa Aurora
P-09192;Inventário e partilha;Instituto Nacional de Energia Renovável;Juliana Rocha
P-09193;Busca e apreensão;Prefeitura Municipal de Nova Esperança;João da Silva
P-09194;Execução Fiscal;Estado de Santa Aurora;Juliana Rocha
P-09195;Busca e apreensão;Fernanda Costa;João da Silva
P-09196;Execução de alimentos;Carlos Souza;GlobalTech Corp.
P-09197;Execução de título extrajudicial;Estado de Santa Aurora;Ricardo Almeida
P-09198;Inventário e partilha;Prefeitura Municipal de Nova Esperança;GlobalTech Corp.
P-09199;Inventário e partilha;Maria Oliveira;Secretaria de Saúde de Santa Clara
P-09200;Falência e Recuperação Judicial;Instituto Nacional de Energia Renovável;João da Silva
P-09201;Execução Cível;Ana Paula Lima;Estado de Santa Aurora
P-09202;Inventário e partilha;Maria Oliveira;Pedro Henrique Santos
P-09203;Execução de título extrajudicial;Instituto Nacional de Energia Renovável;Prefeitura Municipal de Nova Esperança
P-09204;Busca e apreensão;Juliana Rocha;Maria Oliveira
P-09205;Inventário e partilha;Instituto Nacional de Energia Renovável;TechBrasil S.A.
P-09206;Falência e Recuperação Judicial;Prefeitura Municipal de Nova Esperança;TechBrasil S.A.
P-09207;Execução Fiscal;Instituto Nacional de Energia Renovável;Carlos Souza
P-09208;Execução de título extrajudicial;AgroVale Ltda.;Construtora Nova Era Ltda.
P-09209;Execução de título extrajudicial;Pedro Henrique Santos;Fernanda Costa
P-09210;Execução Cível;Ricardo Almeida;Oficina Mecânica do Zé
P-09211;Inventário e partilha;TechBrasil S.A.;Estado de Santa Aurora
P-09212;Trabalhista;Construtora Nova Era Ltda.;Ana Paula Lima
P-09213;Ações hipotecárias;Carlos Souza;Maria Oliveira
P-09214;Extinção de condomínio;Juliana Rocha;Construtora Nova Era Ltda.
P-09215;Execução Cível;Fernanda Costa;Juliana Rocha
P-09216;Busca e apreensão;Oficina Mecânica do Zé;Ana Paula Lima
P-09217;Falência e Recuperação Judicial;Estado de Santa Aurora;Fernanda Costa
P-09218;Falência e Recuperação Judicial;Estado de Santa Aurora;Pedro Henrique Santos
P-09219;Busca e apreensão;Fernanda Costa;Construtora Nova Era Ltda.
P-09220;Execução de alimentos;Maria Oliveira;Maria Oliveira
P-09221;Execução de título extrajudicial;GlobalTech Corp.;Ana Paula Lima
P-09222;Execução de título extrajudicial;Pedro Henrique Santos;Estado de Santa Aurora
P-09223;Falência e Recuperação Judicial;Prefeitura Municipal de Nova Esperança;Ana Paula Lima
P-09224;Execução de alimentos;Instituto Nacional de Energia Renovável;Oficina Mecânica do Zé
P-09225;Busca e apreensão;Construtora Nova Era Ltda.;Secretaria de Saúde de Santa Clara
P-09226;Execução Fiscal;Prefeitura Municipal de Nova Esperança;Instituto Nacional de Energia Renovável
P-09227;Falência e Recuperação Judicial;Estado de Santa Aurora;Pedro Henrique Santos
P-09228;Trabalhista;Maria Oliveira;Prefeitura Municipal de Nova Esperança
P-09229;Inventário e partilha;Juliana Rocha;Construtora Nova Era Ltda.
P-09230;Execução Cível;Pedro Henrique Santos;GlobalTech Corp.
P-09231;Ações hipotecárias;Carlos Souza;Ricardo Almeida
P-09232;Execução Fiscal;Secretaria de Saúde de Santa Clara;Pedro Henrique Santos
P-09233;Extinção de condomínio;GlobalTech Corp.;Prefeitura Municipal de Nova Esperança
P-09234;Busca e apreensão;TechBrasil S.A.;Carlos Souza
P-09235;Execução Cível;AgroVale Ltda.;Construtora Nova Era Ltda.
P-09236;Busca e apreensão;Estado de Santa Aurora;Carlos Souza
P-09237;Inventário e partilha;Instituto Nacional de Energia Renovável;Maria Oliveira
P-09238;Trabalhista;Maria Oliveira;Fernanda Costa
P-09239;Busca e apreensão;Carlos Souza;GlobalTech Corp.
P-09240;Trabalhista;Pedro Henrique Santos;Maria Oliveira
P-09241;Busca e apreensão;Maria Oliveira;Instituto Nacional de Energia Renovável
P-09242;Inventário e partilha;Ricardo Almeida;João da Silva
P-09243;Extinção de condomínio;Maria Oliveira;Estado de Santa Aurora
P-09244;Trabalhista;Pedro Henrique Santos;AgroVale Ltda.
P-09245;Busca e apreensão;Instituto Nacional de Energia Renovável;Ricardo Almeida
P-09246;Busca e apreensão;AgroVale Ltda.;Maria Oliveira
P-09247;Trabalhista;Construtora Nova Era Ltda.;João da Silva
P-09248;Extinção de condomínio;Pedro Henrique Santos;Carlos Souza
P-09249;Ações hipotecárias;Secretaria de Saúde de Santa Clara;Instituto Nacional de Energia Renovável
P-09250;Busca e apreensão;Carlos Souza;Pedro Henrique Santos
P-09251;Busca e apreensão;Pedro Henrique Santos;João da Silva
P-09252;Execução de título extrajudicial;Ana Paula Lima;Ricardo Almeida
P-09253;Execução de alimentos;Prefeitura Municipal de Nova Esperança;AgroVale Ltda.
P-09254;Ações hipotecárias;Fernanda Costa;Fernanda Costa
P-09255;Execução Fiscal;Instituto Nacional de Energia Renovável;Estado de Santa Aurora
P-09256;Execução Fiscal;Prefeitura Municipal de Nova Esperança;Prefeitura Municipal de Nova Esperança
P-09257;Ações hipotecárias;Carlos Souza;Juliana Rocha
P-09258;Inventário e partilha;Secretaria de Saúde de Santa Clara;Estado de Santa Aurora
P-09259;Inventário e partilha;Ana Paula Lima;Ana Paula Lima
P-09260;Inventário e partilha;GlobalTech Corp.;Secretaria de Saúde de Santa Clara
P-09261;Busca e apreensão;Estado de Santa Aurora;Estado de Santa Aurora
P-09262;Execução de título extrajudicial;Carlos Souza;Secretaria de Saúde de Santa Clara
P-09263;Execução Fiscal;Estado de Santa Aurora;Ricardo Almeida
P-09264;Execução Fiscal;Instituto Nacional de Energia Renovável;Construtora Nova Era Ltda.
P-09265;Execução de título extrajudicial;Estado de Santa Aurora;Juliana Rocha
P-09266;Trabalhista;Oficina Mecânica do Zé;Ricardo Almeida
P-09267;Execução de alimentos;Pedro Henrique Santos;Maria Oliveira
P-09268;Falência e Recuperação Judicial;Estado de Santa Aurora;Prefeitura Municipal de Nova Esperança
P-09269;Trabalhista;Estado de Santa Aurora;Maria Oliveira
P-09270;Busca e apreensão;Pedro Henrique Santos;Carlos Souza
P-09271;Inventário e partilha;Oficina Mecânica do Zé;Juliana Rocha
P-09272;Busca e apreensão;AgroVale Ltda.;Fernanda Costa
P-09273;Ações hipotecárias;João da Silva;Fernanda Costa
P-09274;Execução de alimentos;TechBrasil S.A.;GlobalTech Corp.
P-09275;Execução de título extrajudicial;Ricardo Almeida;Construtora Nova Era Ltda.
P-09276;Trabalhista;Juliana Rocha;TechBrasil S.A.
P-09277;Inventário e partilha;Carlos Souza;Ricardo Almeida
P-09278;Execução de alimentos;Carlos Souza;Instituto Nacional de Energia Renovável
P-09279;Execução Cível;Juliana Rocha;AgroVale Ltda.
P-09280;Execução de alimentos;Ana Paula Lima;Instituto Nacional de Energia Renovável
P-09281;Busca e apreensão;GlobalTech Corp.;Construtora Nova Era Ltda.
P-09282;Trabalhista;Ana Paula Lima;Juliana Rocha
P-09283;Busca e apreensão;Ricardo Almeida;Maria Oliveira
P-09284;Falência e Recuperação Judicial;Prefeitura Municipal de Nova Esperança;João da Silva
P-09285;Falência e Recuperação Judicial;Secretaria de Saúde de Santa Clara;Estado de Santa Aurora
P-09286;Execução Fiscal;Prefeitura Municipal de Nova Esperança;Oficina Mecânica do Zé
P-09287;Execução de título extrajudicial;Secretaria de Saúde de Santa Clara;Oficina Mecânica do Zé
P-09288;Execução Fiscal;Estado de Santa Aurora;GlobalTech Corp.
P-09289;Execução de alimentos;GlobalTech Corp.;Fernanda Costa
P-09290;Ações hipotecárias;Ricardo Almeida;AgroVale Ltda.
P-09291;Execução Fiscal;Secretaria de Saúde de Santa Clara;Secretaria de Saúde de Santa Clara
P-09292;Falência e Recuperação Judicial;Estado de Santa Aurora;GlobalTech Corp.
P-09293;Execução Cível;GlobalTech Corp.;Carlos Souza
P-09294;Execução Cível;Construtora Nova Era Ltda.;Oficina Mecânica do Zé
P-09295;Execução de alimentos;Prefeitura Municipal de Nova Esperança;Prefeitura Municipal de Nova Esperança
P-09296;Falência e Recuperação Judicial;Instituto Nacional de Energia Renovável;Oficina Mecânica do Zé
P-09297;Execução Fiscal;Estado de Santa Aurora;Ricardo Almeida
P-09298;Execução de alimentos;Pedro Henrique Santos;GlobalTech Corp.
P-09299;Ações hipotecárias;Ricardo Almeida;João da Silva
P-09300;Trabalhista;Instituto Nacional de Energia Renovável;Oficina Mecânica do Zé
P-09301;Extinção de condomínio;Maria Oliveira;Fernanda Costa
P-09302;Busca e apreensão;Carlos Souza;Estado de Santa Aurora
P-09303;Execução de alimentos;Ricardo Almeida;Maria Oliveira
P-09304;Extinção de condomínio;Oficina Mecânica do Zé;Instituto Nacional de Energia Renovável
P-09305;Trabalhista;João da Silva;Estado de Santa Aurora
P-09306;Extinção de condomínio;Maria Oliveira;Pedro Henrique Santos
P-09307;Falência e Recuperação Judicial;Estado de Santa Aurora;Juliana Rocha
P-09308;Trabalhista;Instituto Nacional de Energia Renovável;AgroVale Ltda.
P-09309;Busca e apreensão;Construtora Nova Era Ltda.;Carlos Souza
P-09310;Inventário e partilha;GlobalTech Corp.;AgroVale Ltda.
P-09311;Execução de título extrajudicial;Maria Oliveira;AgroVale Ltda.
P-09312;Falência e Recuperação Judicial;Instituto Nacional de Energia Renovável;GlobalTech Corp.
P-09313;Execução de alimentos;Construtora Nova Era Ltda.;TechBrasil S.A.
P-09314;Inventário e partilha;Ricardo Almeida;Fernanda Costa
P-09315;Extinção de condomínio;Ana Paula Lima;Fernanda Costa
P-09316;Execução de título extrajudicial;Secretaria de Saúde de Santa Clara;Ana Paula Lima
P-09317;Execução Cível;João da Silva;Juliana Rocha
P-09318;Ações hipotecárias;Fernanda Costa;GlobalTech Corp.
P-09319;Trabalhista;Instituto Nacional de Energia Renovável;Construtora Nova Era Ltda.
P-09320;Busca e apreensão;Fernanda Costa;Ricardo Almeida
P-09321;Trabalhista;Maria Oliveira;TechBrasil S.A.
P-09322;Execução Cível;Ana Paula Lima;Carlos Souza
P-09323;Execução Cível;GlobalTech Corp.;GlobalTech Corp.
P-09324;Inventário e partilha;GlobalTech Corp.;Ana Paula Lima
P-09325;Execução Fiscal;Estado de Santa Aurora;Maria Oliveira
P-09326;Falência e Recuperação Judicial;Instituto Nacional de Energia Renovável;Ana Paula Lima
P-09327;Trabalhista;Fernanda Costa;Secretaria de Saúde de Santa Clara
P-09328;Execução de título extrajudicial;Juliana Rocha;Juliana Rocha
P-09329;Extinção de condomínio;Pedro Henrique Santos;Oficina Mecânica do Zé
P-09330;Ações hipotecárias;João da Silva;Estado de Santa Aurora
P-09331;Inventário e partilha;João da Silva;Construtora Nova Era Ltda.
P-09332;Execução de alimentos;Oficina Mecânica do Zé;Construtora Nova Era Ltda.
P-09333;Execução de alimentos;TechBrasil S.A.;TechBrasil S.A.
P-09334;Trabalhista;Fernanda Costa;Prefeitura Municipal de Nova Esperança
P-09335;Trabalhista;Prefeitura Municipal de Nova Esperança;Pedro Henrique Santos
P-09336;Falência e Recuperação Judicial;Secretaria de Saúde de Santa Clara;Juliana Rocha
P-09337;Busca e apreensão;Oficina Mecânica do Zé;Maria Oliveira
P-09338;Ações hipotecárias;Maria Oliveira;Carlos Souza
P-09339;Execução de alimentos;Prefeitura Municipal de Nova Esperança;Construtora Nova Era Ltda.
P-09340;Execução Fiscal;Prefeitura Municipal de Nova Esperança;Estado de Santa Aurora
P-09341;Busca e apreensão;Maria Oliveira;AgroVale Ltda.
P-09342;Busca e apreensão;Pedro Henrique Santos;Instituto Nacional de Energia Renovável
P-09343;Extinção de condomínio;Carlos Souza;Juliana Rocha
P-09344;Falência e Recuperação Judicial;Secretaria de Saúde de Santa Clara;João da Silva
P-09345;Execução Cível;Instituto Nacional de Energia Renovável;TechBrasil S.A.
P-09346;Trabalhista;AgroVale Ltda.;GlobalTech Corp.
P-09347;Execução Fiscal;Secretaria de Saúde de Santa Clara;Secretaria de Saúde de Santa Clara
P-09348;Extinção de condomínio;Oficina Mecânica do Zé;Maria Oliveira
P-09349;Ações hipotecárias;Instituto Nacional de Energia Renovável;Maria Oliveira
P-09350;Execução de título extrajudicial;Ricardo Almeida;Maria Oliveira
P-09351;Execução de alimentos;Maria Oliveira;Pedro Henrique Santos
P-09352;Execução de alimentos;AgroVale Ltda.;Instituto Nacional de Energia Renovável
P-09353;Extinção de condomínio;Prefeitura Municipal de Nova Esperança;Ana Paula Lima
P-09354;Trabalhista;Carlos Souza;Ricardo Almeida
P-09355;Trabalhista;Pedro Henrique Santos;TechBrasil S.A.
P-09356;Inventário e partilha;Instituto Nacional de Energia Renovável;Ana Paula Lima
P-09357;Execução de alimentos;Ana Paula Lima;Ricardo Almeida
P-09358;Extinção de condomínio;Maria Oliveira;Juliana Rocha
P-09359;Execução Fiscal;Instituto Nacional de Energia Renovável;Estado de Santa Aurora
P-09360;Execução Fiscal;Instituto Nacional de Energia Renovável;Estado de Santa Aurora
P-09361;Execução de alimentos;Construtora Nova Era Ltda.;Instituto Nacional de Energia Renovável
P-09362;Extinção de condomínio;Instituto Nacional de Energia Renovável;Carlos Souza
P-09363;Inventário e partilha;Prefeitura Municipal de Nova Esperança;Maria Oliveira
P-09364;Inventário e partilha;Ana Paula Lima;Ana Paula Lima
P-09365;Execução de título extrajudicial;Pedro Henrique Santos;Fernanda Costa
P-09366;Execução Cível;Fernanda Costa;Prefeitura Municipal de Nova Esperança
P-09367;Execução de título extrajudicial;TechBrasil S.A.;Estado de Santa Aurora
P-09368;Trabalhista;João da Silva;Oficina Mecânica do Zé
P-09369;Execução Fiscal;Secretaria de Saúde de Santa Clara;Ricardo Almeida
P-09370;Busca e apreensão;Ricardo Almeida;Juliana Rocha
P-09371;Execução Fiscal;Instituto Nacional de Energia Renovável;Maria Oliveira
P-09372;Execução Fiscal;Estado de Santa Aurora;AgroVale Ltda.
P-09373;Busca e apreensão;Carlos Souza;Carlos Souza
P-09374;Falência e Recuperação Judicial;Estado de Santa Aurora;Juliana Rocha
P-09375;Ações hipotecárias;Instituto Nacional de Energia Renovável;Secretaria de Saúde de Santa Clara
P-09376;Execução Cível;João da Silva;Secretaria de Saúde de Santa Clara
P-09377;Busca e apreensão;TechBrasil S.A.;Carlos Souza
P-09378;Execução Cível;João da Silva;Secretaria de Saúde de Santa Clara
P-09379;Falência e Recuperação Judicial;Instituto Nacional de Energia Renovável;Juliana Rocha
P-09380;Execução Fiscal;Instituto Nacional de Energia Renovável;Carlos Souza
P-09381;Inventário e partilha;Secretaria de Saúde de Santa Clara;Construtora Nova Era Ltda.
P-09382;Execução Cível;Construtora Nova Era Ltda.;Fernanda Costa
P-09383;Execução de alimentos;Estado de Santa Aurora;Carlos Souza
P-09384;Trabalhista;Carlos Souza;Instituto Nacional de Energia Renovável
P-09385;Extinção de condomínio;Secretaria de Saúde de Santa Clara;Carlos Souza
P-09386;Execução Cível;Estado de Santa Aurora;Prefeitura Municipal de Nova Esperança
P-09387;Inventário e partilha;AgroVale Ltda.;TechBrasil S.A.
P-09388;Execução de alimentos;Pedro Henrique Santos;Ricardo Almeida
P-09389;Execução Fiscal;Secretaria de Saúde de Santa Clara;Maria Oliveira
P-09390;Extinção de condomínio;Oficina Mecânica do Zé;AgroVale Ltda.
P-09391;Falência e Recuperação Judicial;Secretaria de Saúde de Santa Clara;Ricardo Almeida
P-09392;Execução de título extrajudicial;Estado de Santa Aurora;Ana Paula Lima
P-09393;Ações hipotecárias;Ricardo Almeida;Ricardo Almeida
P-09394;Ações hipotecárias;Oficina Mecânica do Zé;Fernanda Costa
P-09395;Falência e Recuperação Judicial;Prefeitura Municipal de Nova Esperança;Secretaria de Saúde de Santa Clara
P-09396;Execução de título extrajudicial;AgroVale Ltda.;Ana Paula Lima
P-09397;Busca e apreensão;Instituto Nacional de Energia Renovável;GlobalTech Corp.
P-09398;Execução de alimentos;Juliana Rocha;Ana Paula Lima
P-09399;Execução Fiscal;Instituto Nacional de Energia Renovável;João da Silva
P-09400;Execução de alimentos;Estado de Santa Aurora;João da Silva
P-09401;Execução Cível;Fernanda Costa;Fernanda Costa
P-09402;Execução Fiscal;Prefeitura Municipal de Nova Esperança;GlobalTech Corp.
P-09403;Execução Fiscal;Instituto Nacional de Energia Renovável;Carlos Souza
P-09404;Execução de alimentos;Oficina Mecânica do Zé;Oficina Mecânica do Zé
P-09405;Execução Cível;Prefeitura Municipal de Nova Esperança;Oficina Mecânica do Zé
P-09406;Execução de título extrajudicial;Secretaria de Saúde de Santa Clara;AgroVale Ltda.
P-09407;Execução Cível;Prefeitura Municipal de Nova Esperança;Ana Paula Lima
P-09408;Execução Cível;Pedro Henrique Santos;Construtora Nova Era Ltda.
P-09409;Execução Cível;Oficina Mecânica do Zé;Prefeitura Municipal de Nova Esperança
P-09410;Extinção de condomínio;Ricardo Almeida;Construtora Nova Era Ltda.
P-09411;Busca e apreensão;João da Silva;Ricardo Almeida
P-09412;Execução de alimentos;Maria Oliveira;Estado de Santa Aurora
P-09413;Trabalhista;João da Silva;Carlos Souza
P-09414;Execução de título extrajudicial;GlobalTech Corp.;GlobalTech Corp.
P-09415;Inventário e partilha;GlobalTech Corp.;AgroVale Ltda.
P-09416;Execução Fiscal;Secretaria de Saúde de Santa Clara;Prefeitura Municipal de Nova Esperança
P-09417;Busca e apreensão;GlobalTech Corp.;TechBrasil S.A.
P-09418;Execução Fiscal;Secretaria de Saúde de Santa Clara;Prefeitura Municipal de Nova Esperança
P-09419;Extinção de condomínio;Secretaria de Saúde de Santa Clara;Oficina Mecânica do Zé
P-09420;Execução de alimentos;Juliana Rocha;Construtora Nova Era Ltda.
P-09421;Execução Cível;Maria Oliveira;Secretaria de Saúde de Santa Clara
P-09422;Falência e Recuperação Judicial;Secretaria de Saúde de Santa Clara;Construtora Nova Era Ltda.
P-09423;Trabalhista;Pedro Henrique Santos;Pedro Henrique Santos
P-09424;Ações hipotecárias;Juliana Rocha;Secretaria de Saúde de Santa Clara
P-09425;Execução de título extrajudicial;Instituto Nacional de Energia Renovável;Construtora Nova Era Ltda.
P-09426;Ações hipotecárias;AgroVale Ltda.;TechBrasil S.A.
P-09427;Ações hipotecárias;Secretaria de Saúde de Santa Clara;Construtora Nova Era Ltda.
P-09428;Execução Fiscal;Estado de Santa Aurora;Juliana Rocha
P-09429;Extinção de condomínio;Oficina Mecânica do Zé;Oficina Mecânica do Zé
P-09430;Extinção de condomínio;Oficina Mecânica do Zé;Juliana Rocha
P-09431;Extinção de condomínio;Instituto Nacional de Energia Renovável;João da Silva
P-09432;Ações hipotecárias;Prefeitura Municipal de Nova Esperança;Instituto Nacional de Energia Renovável
P-09433;Extinção de condomínio;GlobalTech Corp.;Oficina Mecânica do Zé
P-09434;Execução de título extrajudicial;Construtora Nova Era Ltda.;Instituto Nacional de Energia Renovável
P-09435;Execução Fiscal;Secretaria de Saúde de Santa Clara;Secretaria de Saúde de Santa Clara
P-09436;Falência e Recuperação Judicial;Secretaria de Saúde de Santa Clara;Ricardo Almeida
P-09437;Trabalhista;Construtora Nova Era Ltda.;Pedro Henrique Santos
P-09438;Busca e apreensão;Ana Paula Lima;AgroVale Ltda.
P-09439;Execução Cível;Juliana Rocha;Ana Paula Lima
P-09440;Busca e apreensão;Secretaria de Saúde de Santa Clara;Estado de Santa Aurora
P-09441;Execução Cível;Secretaria de Saúde de Santa Clara;Instituto Nacional de Energia Renovável
P-09442;Extinção de condomínio;Carlos Souza;Carlos Souza
P-09443;Falência e Recuperação Judicial;Prefeitura Municipal de Nova Esperança;Estado de Santa Aurora
P-09444;Ações hipotecárias;Instituto Nacional de Energia Renovável;Fernanda Costa
P-09445;Execução Cível;Instituto Nacional de Energia Renovável;Prefeitura Municipal de Nova Esperança
P-09446;Ações hipotecárias;Secretaria de Saúde de Santa Clara;Estado de Santa Aurora
P-09447;Execução Fiscal;Prefeitura Municipal de Nova Esperança;Oficina Mecânica do Zé
P-09448;Execução Cível;Carlos Souza;Construtora Nova Era Ltda.
P-09449;Ações hipotecárias;Secretaria de Saúde de Santa Clara;Estado de Santa Aurora
P-09450;Ações hipotecárias;Instituto Nacional de Energia Renovável;Ricardo Almeida
P-09451;Extinção de condomínio;GlobalTech Corp.;TechBrasil S.A.
P-09452;Execução de título extrajudicial;Instituto Nacional de Energia Renovável;Fernanda Costa
P-09453;Trabalhista;Estado de Santa Aurora;AgroVale Ltda.
P-09454;Extinção de condomínio;Estado de Santa Aurora;Pedro Henrique Santos
P-09455;Execução de alimentos;Instituto Nacional de Energia Renovável;Juliana Rocha
P-09456;Ações hipotecárias;Estado de Santa Aurora;GlobalTech Corp.
P-09457;Busca e apreensão;João da Silva;João da Silva
P-09458;Busca e apreensão;João da Silva;Fernanda Costa
P-09459;Extinção de condomínio;Oficina Mecânica do Zé;Instituto Nacional de Energia Renovável
P-09460;Ações hipotecárias;Instituto Nacional de Energia Renovável;AgroVale Ltda.
P-09461;Execução de alimentos;TechBrasil S.A.;Construtora Nova Era Ltda.
P-09462;Execução Cível;Instituto Nacional de Energia Renovável;Maria Oliveira
P-09463;Inventário e partilha;Pedro Henrique Santos;TechBrasil S.A.
P-09464;Execução de título extrajudicial;Pedro Henrique Santos;Oficina Mecânica do Zé
P-09465;Execução Cível;Estado de Santa Aurora;Construtora Nova Era Ltda.
P-09466;Inventário e partilha;Oficina Mecânica do Zé;Prefeitura Municipal de Nova Esperança
P-09467;Inventário e partilha;Estado de Santa Aurora;Oficina Mecânica do Zé
P-09468;Execução Fiscal;Prefeitura Municipal de Nova Esperança;TechBrasil S.A.
P-09469;Execução Cível;Juliana Rocha;Instituto Nacional de Energia Renovável
P-09470;Execução de título extrajudicial;Maria Oliveira;Carlos Souza
P-09471;Busca e apreensão;Maria Oliveira;Fernanda Costa
P-09472;Execução de alimentos;Juliana Rocha;Construtora Nova Era Ltda.
P-09473;Execução Cível;TechBrasil S.A.;Maria Oliveira
P-09474;Falência e Recuperação Judicial;Estado de Santa Aurora;Secretaria de Saúde de Santa Clara
P-09475;Busca e apreensão;Pedro Henrique Santos;Ana Paula Lima
P-09476;Inventário e partilha;Construtora Nova Era Ltda.;Ana Paula Lima
P-09477;Extinção de condomínio;Juliana Rocha;Fernanda Costa
P-09478;Inventário e partilha;Juliana Rocha;Secretaria de Saúde de Santa Clara
P-09479;Execução Fiscal;Prefeitura Municipal de Nova Esperança;Construtora Nova Era Ltda.
P-09480;Execução Cível;Instituto Nacional de Energia Renovável;TechBrasil S.A.
P-09481;Execução Cível;Prefeitura Municipal de Nova Esperança;Juliana Rocha
P-09482;Execução de alimentos;Instituto Nacional de Energia Renovável;GlobalTech Corp.
P-09483;Extinção de condomínio;Carlos Souza;Maria Oliveira
P-09484;Execução Fiscal;Prefeitura Municipal de Nova Esperança;Instituto Nacional de Energia Renovável
P-09485;Ações hipotecárias;Secretaria de Saúde de Santa Clara;Maria Oliveira
P-09486;Extinção de condomínio;AgroVale Ltda.;Ana Paula Lima
P-09487;Busca e apreensão;Maria Oliveira;Construtora Nova Era Ltda.
P-09488;Inventário e partilha;Estado de Santa Aurora;Fernanda Costa
P-09489;Inventário e partilha;João da Silva;Maria Oliveira
P-09490;Execução de alimentos;Juliana Rocha;Construtora Nova Era Ltda.
P-09491;Falência e Recuperação Judicial;Instituto Nacional de Energia Renovável;Fernanda Costa
P-09492;Execução Cível;TechBrasil S.A.;Construtora Nova Era Ltda.
P-09493;Execução de título extrajudicial;Ricardo Almeida;Ricardo Almeida
P-09494;Execução Cível;João da Silva;Fernanda Costa
P-09495;Extinção de condomínio;Carlos Souza;TechBrasil S.A.
P-09496;Falência e Recuperação Judicial;Estado de Santa Aurora;Construtora Nova Era Ltda.
P-09497;Busca e apreensão;Pedro Henrique Santos;Ana Paula Lima
P-09498;Execução de alimentos;Juliana Rocha;Juliana Rocha
P-09499;Inventário e partilha;Juliana Rocha;Maria Oliveira
P-09500;Falência e Recuperação Judicial;Prefeitura Municipal de Nova Esperança;Fernanda Costa
P-09501;Inventário e partilha;Prefeitura Municipal de Nova Esperança;Prefeitura Municipal de Nova Esperança
P-09502;Trabalhista;AgroVale Ltda.;João da Silva
P-09503;Execução Cível;Pedro Henrique Santos;Ricardo Almeida
P-09504;Inventário e partilha;Maria Oliveira;Prefeitura Municipal de Nova Esperança
P-09505;Extinção de condomínio;Carlos Souza;Instituto Nacional de Energia Renovável
P-09506;Execução de alimentos;GlobalTech Corp.;Oficina Mecânica do Zé
P-09507;Extinção de condomínio;Oficina Mecânica do Zé;Secretaria de Saúde de Santa Clara
P-09508;Busca e apreensão;Instituto Nacional de Energia Renovável;Prefeitura Municipal de Nova Esperança
P-09509;Execução Cível;Oficina Mecânica do Zé;Maria Oliveira
P-09510;Execução Cível;Ana Paula Lima;TechBrasil S.A.
P-09511;Inventário e partilha;Juliana Rocha;GlobalTech Corp.
P-09512;Falência e Recuperação Judicial;Secretaria de Saúde de Santa Clara;Instituto Nacional de Energia Renovável
P-09513;Execução Cível;Ricardo Almeida;TechBrasil S.A.
P-09514;Execução de alimentos;Juliana Rocha;Oficina Mecânica do Zé
P-09515;Execução Fiscal;Estado de Santa Aurora;Pedro Henrique Santos
P-09516;Extinção de condomínio;Pedro Henrique Santos;Estado de Santa Aurora
P-09517;Execução Cível;Fernanda Costa;Ricardo Almeida
P-09518;Extinção de condomínio;Maria Oliveira;Oficina Mecânica do Zé
P-09519;Execução de alimentos;Ricardo Almeida;Maria Oliveira
P-09520;Ações hipotecárias;AgroVale Ltda.;Ana Paula Lima
P-09521;Execução de título extrajudicial;GlobalTech Corp.;Ricardo Almeida
P-09522;Execução Cível;TechBrasil S.A.;Carlos Souza
P-09523;Execução Cível;Maria Oliveira;GlobalTech Corp.
P-09524;Execução de alimentos;Ana Paula Lima;GlobalTech Corp.
P-09525;Execução Cível;GlobalTech Corp.;Pedro Henrique Santos
P-09526;Ações hipotecárias;TechBrasil S.A.;Ana Paula Lima
P-09527;Execução de título extrajudicial;Fernanda Costa;Ricardo Almeida
P-09528;Busca e apreensão;AgroVale Ltda.;Oficina Mecânica do Zé
P-09529;Inventário e partilha;TechBrasil S.A.;Construtora Nova Era Ltda.
P-09530;Ações hipotecárias;Estado de Santa Aurora;Prefeitura Municipal de Nova Esperança
P-09531;Execução Fiscal;Secretaria de Saúde de Santa Clara;Carlos Souza
P-09532;Execução Cível;Construtora Nova Era Ltda.;Maria Oliveira
P-09533;Busca e apreensão;Ricardo Almeida;AgroVale Ltda.
P-09534;Execução de título extrajudicial;Pedro Henrique Santos;Ricardo Almeida
P-09535;Execução Fiscal;Secretaria de Saúde de Santa Clara;Oficina Mecânica do Zé
P-09536;Execução de título extrajudicial;Secretaria de Saúde de Santa Clara;Oficina Mecânica do Zé
P-09537;Execução Cível;Prefeitura Municipal de Nova Esperança;GlobalTech Corp.
P-09538;Inventário e partilha;Prefeitura Municipal de Nova Esperança;Instituto Nacional de Energia Renovável
P-09539;Ações hipotecárias;Ricardo Almeida;Carlos Souza
P-09540;Trabalhista;Fernanda Costa;Maria Oliveira
P-09541;Inventário e partilha;Maria Oliveira;Construtora Nova Era Ltda.
P-09542;Execução Cível;Prefeitura Municipal de Nova Esperança;Carlos Souza
P-09543;Trabalhista;João da Silva;Secretaria de Saúde de Santa Clara
P-09544;Ações hipotecárias;GlobalTech Corp.;Pedro Henrique Santos
P-09545;Ações hipotecárias;Maria Oliveira;Ricardo Almeida
P-09546;Execução Fiscal;Estado de Santa Aurora;Secretaria de Saúde de Santa Clara
P-09547;Falência e Recuperação Judicial;Prefeitura Municipal de Nova Esperança;Estado de Santa Aurora
P-09548;Falência e Recuperação Judicial;Prefeitura Municipal de Nova Esperança;Secretaria de Saúde de Santa Clara
P-09549;Trabalhista;Instituto Nacional de Energia Renovável;Secretaria de Saúde de Santa Clara
P-09550;Execução Cível;Prefeitura Municipal de Nova Esperança;GlobalTech Corp.
P-09551;Ações hipotecárias;Maria Oliveira;Carlos Souza
P-09552;Execução Cível;Secretaria de Saúde de Santa Clara;TechBrasil S.A.
P-09553;Execução Fiscal;Estado de Santa Aurora;AgroVale Ltda.
P-09554;Falência e Recuperação Judicial;Estado de Santa Aurora;Construtora Nova Era Ltda.
P-09555;Falência e Recuperação Judicial;Secretaria de Saúde de Santa Clara;João da Silva
P-09556;Execução Cível;Maria Oliveira;Estado de Santa Aurora
P-09557;Ações hipotecárias;Estado de Santa Aurora;Ana Paula Lima
P-09558;Inventário e partilha;Construtora Nova Era Ltda.;AgroVale Ltda.
P-09559;Extinção de condomínio;Construtora Nova Era Ltda.;TechBrasil S.A.
P-09560;Execução de título extrajudicial;Maria Oliveira;Maria Oliveira
P-09561;Inventário e partilha;Instituto Nacional de Energia Renovável;Ricardo Almeida
P-09562;Execução Fiscal;Prefeitura Municipal de Nova Esperança;Instituto Nacional de Energia Renovável
P-09563;Execução de título extrajudicial;Secretaria de Saúde de Santa Clara;GlobalTech Corp.
P-09564;Extinção de condomínio;Pedro Henrique Santos;Prefeitura Municipal de Nova Esperança
P-09565;Inventário e partilha;TechBrasil S.A.;Ana Paula Lima
P-09566;Trabalhista;João da Silva;Estado de Santa Aurora
P-09567;Ações hipotecárias;João da Silva;Instituto Nacional de Energia Renovável
P-09568;Ações hipotecárias;GlobalTech Corp.;GlobalTech Corp.
P-09569;Execução de título extrajudicial;Juliana Rocha;AgroVale Ltda.
P-09570;Execução de título extrajudicial;Ricardo Almeida;Oficina Mecânica do Zé
P-09571;Busca e apreensão;Instituto Nacional de Energia Renovável;GlobalTech Corp.
P-09572;Trabalhista;Oficina Mecânica do Zé;Prefeitura Municipal de Nova Esperança
P-09573;Execução de alimentos;Ana Paula Lima;Secretaria de Saúde de Santa Clara
P-09574;Busca e apreensão;Instituto Nacional de Energia Renovável;Juliana Rocha
P-09575;Execução Fiscal;Prefeitura Municipal de Nova Esperança;Fernanda Costa
P-09576;Busca e apreensão;João da Silva;Oficina Mecânica do Zé
P-09577;Execução Fiscal;Estado de Santa Aurora;AgroVale Ltda.
P-09578;Ações hipotecárias;Oficina Mecânica do Zé;Pedro Henrique Santos
P-09579;Execução de alimentos;Construtora Nova Era Ltda.;Construtora Nova Era Ltda.
P-09580;Falência e Recuperação Judicial;Secretaria de Saúde de Santa Clara;Ana Paula Lima
P-09581;Extinção de condomínio;João da Silva;Juliana Rocha
P-09582;Trabalhista;João da Silva;Estado de Santa Aurora
P-09583;Extinção de condomínio;Construtora Nova Era Ltda.;Oficina Mecânica do Zé
P-09584;Execução de alimentos;Juliana Rocha;João da Silva
P-09585;Extinção de condomínio;Carlos Souza;Oficina Mecânica do Zé
P-09586;Inventário e partilha;Fernanda Costa;TechBrasil S.A.
P-09587;Inventário e partilha;TechBrasil S.A.;João da Silva
P-09588;Trabalhista;Juliana Rocha;GlobalTech Corp.
P-09589;Execução Cível;Fernanda Costa;Instituto Nacional de Energia Renovável
P-09590;Trabalhista;Instituto Nacional de Energia Renovável;Estado de Santa Aurora
P-09591;Falência e Recuperação Judicial;Secretaria de Saúde de Santa Clara;Pedro Henrique Santos
P-09592;Ações hipotecárias;TechBrasil S.A.;Maria Oliveira
P-09593;Execução de alimentos;Estado de Santa Aurora;AgroVale Ltda.
P-09594;Execução Cível;GlobalTech Corp.;Ana Paula Lima
P-09595;Extinção de condomínio;Fernanda Costa;Pedro Henrique Santos
P-09596;Execução de título extrajudicial;Fernanda Costa;Ana Paula Lima
P-09597;Busca e apreensão;Ricardo Almeida;Carlos Souza
P-09598;Ações hipotecárias;Construtora Nova Era Ltda.;GlobalTech Corp.
P-09599;Busca e apreensão;Prefeitura Municipal de Nova Esperança;Secretaria de Saúde de Santa Clara
P-09600;Execução Cível;Pedro Henrique Santos;Ricardo Almeida
P-09601;Execução de alimentos;Oficina Mecânica do Zé;Oficina Mecânica do Zé
P-09602;Busca e apreensão;Ana Paula Lima;Ricardo Almeida
P-09603;Execução de alimentos;GlobalTech Corp.;Maria Oliveira
P-09604;Trabalhista;Prefeitura Municipal de Nova Esperança;GlobalTech Corp.
P-09605;Falência e Recuperação Judicial;Secretaria de Saúde de Santa Clara;Ricardo Almeida
P-09606;Ações hipotecárias;Juliana Rocha;AgroVale Ltda.
P-09607;Busca e apreensão;GlobalTech Corp.;João da Silva
P-09608;Ações hipotecárias;GlobalTech Corp.;AgroVale Ltda.
P-09609;Execução de título extrajudicial;Pedro Henrique Santos;GlobalTech Corp.
P-09610;Busca e apreensão;Estado de Santa Aurora;Ricardo Almeida
P-09611;Falência e Recuperação Judicial;Estado de Santa Aurora;Prefeitura Municipal de Nova Esperança
P-09612;Execução de título extrajudicial;AgroVale Ltda.;Instituto Nacional de Energia Renovável
P-09613;Inventário e partilha;Pedro Henrique Santos;Juliana Rocha
P-09614;Execução Fiscal;Secretaria de Saúde de Santa Clara;Carlos Souza
P-09615;Execução de alimentos;Instituto Nacional de Energia Renovável;João da Silva
P-09616;Execução de alimentos;João da Silva;Estado de Santa Aurora
P-09617;Execução de alimentos;Carlos Souza;Oficina Mecânica do Zé
P-09618;Execução Fiscal;Estado de Santa Aurora;Estado de Santa Aurora
P-09619;Falência e Recuperação Judicial;Instituto Nacional de Energia Renovável;Instituto Nacional de Energia Renovável
P-09620;Execução de título extrajudicial;AgroVale Ltda.;Maria Oliveira
P-09621;Extinção de condomínio;Instituto Nacional de Energia Renovável;Prefeitura Municipal de Nova Esperança
P-09622;Execução de alimentos;Ana Paula Lima;Maria Oliveira
P-09623;Trabalhista;Ricardo Almeida;Construtora Nova Era Ltda.
P-09624;Trabalhista;Carlos Souza;Maria Oliveira
P-09625;Execução Cível;Maria Oliveira;João da Silva
P-09626;Inventário e partilha;AgroVale Ltda.;Carlos Souza
P-09627;Ações hipotecárias;Fernanda Costa;João da Silva
P-09628;Busca e apreensão;Maria Oliveira;Ricardo Almeida
P-09629;Inventário e partilha;Estado de Santa Aurora;Prefeitura Municipal de Nova Esperança
P-09630;Execução Cível;Ana Paula Lima;TechBrasil S.A.
P-09631;Extinção de condomínio;Pedro Henrique Santos;Ricardo Almeida
P-09632;Execução de título extrajudicial;Juliana Rocha;Oficina Mecânica do Zé
P-09633;Extinção de condomínio;Maria Oliveira;Secretaria de Saúde de Santa Clara
P-09634;Execução Fiscal;Prefeitura Municipal de Nova Esperança;João da Silva
P-09635;Execução Cível;Carlos Souza;Prefeitura Municipal de Nova Esperança
P-09636;Busca e apreensão;Ana Paula Lima;Pedro Henrique Santos
P-09637;Busca e apreensão;Prefeitura Municipal de Nova Esperança;Maria Oliveira
P-09638;Execução Cível;Prefeitura Municipal de Nova Esperança;Oficina Mecânica do Zé
P-09639;Falência e Recuperação Judicial;Prefeitura Municipal de Nova Esperança;AgroVale Ltda.
P-09640;Execução de título extrajudicial;GlobalTech Corp.;Secretaria de Saúde de Santa Clara
P-09641;Execução Fiscal;Secretaria de Saúde de Santa Clara;GlobalTech Corp.
P-09642;Execução Fiscal;Prefeitura Municipal de Nova Esperança;Secretaria de Saúde de Santa Clara
P-09643;Ações hipotecárias;Maria Oliveira;Construtora Nova Era Ltda.
P-09644;Ações hipotecárias;GlobalTech Corp.;Carlos Souza
P-09645;Ações hipotecárias;Juliana Rocha;Juliana Rocha
P-09646;Execução Fiscal;Secretaria de Saúde de Santa Clara;Carlos Souza
P-09647;Trabalhista;Ricardo Almeida;Construtora Nova Era Ltda.
P-09648;Execução de título extrajudicial;Fernanda Costa;Prefeitura Municipal de Nova Esperança
P-09649;Execução Fiscal;Instituto Nacional de Energia Renovável;Prefeitura Municipal de Nova Esperança
P-09650;Execução Fiscal;Instituto Nacional de Energia Renovável;Prefeitura Municipal de Nova Esperança
P-09651;Trabalhista;Estado de Santa Aurora;Prefeitura Municipal de Nova Esperança
P-09652;Falência e Recuperação Judicial;Estado de Santa Aurora;João da Silva
P-09653;Execução Cível;Fernanda Costa;Instituto Nacional de Energia Renovável
P-09654;Busca e apreensão;Juliana Rocha;Instituto Nacional de Energia Renovável
P-09655;Execução Cível;AgroVale Ltda.;Ricardo Almeida
P-09656;Falência e Recuperação Judicial;Secretaria de Saúde de Santa Clara;Construtora Nova Era Ltda.
P-09657;Execução Fiscal;Instituto Nacional de Energia Renovável;Ana Paula Lima
P-09658;Falência e Recuperação Judicial;Prefeitura Municipal de Nova Esperança;Pedro Henrique Santos
P-09659;Execução Cível;Oficina Mecânica do Zé;Oficina Mecânica do Zé
P-09660;Execução de título extrajudicial;Maria Oliveira;AgroVale Ltda.
P-09661;Extinção de condomínio;Estado de Santa Aurora;Estado de Santa Aurora
P-09662;Execução de título extrajudicial;Oficina Mecânica do Zé;AgroVale Ltda.
P-09663;Inventário e partilha;Pedro Henrique Santos;Ricardo Almeida
P-09664;Ações hipotecárias;TechBrasil S.A.;Construtora Nova Era Ltda.
P-09665;Execução de alimentos;GlobalTech Corp.;Ana Paula Lima
P-09666;Execução Cível;Pedro Henrique Santos;Construtora Nova Era Ltda.
P-09667;Execução Cível;Ricardo Almeida;TechBrasil S.A.
P-09668;Extinção de condomínio;Secretaria de Saúde de Santa Clara;Ana Paula Lima
P-09669;Busca e apreensão;Prefeitura Municipal de Nova Esperança;Secretaria de Saúde de Santa Clara
P-09670;Execução Fiscal;Prefeitura Municipal de Nova Esperança;Ricardo Almeida
P-09671;Falência e Recuperação Judicial;Secretaria de Saúde de Santa Clara;Estado de Santa Aurora
P-09672;Inventário e partilha;Instituto Nacional de Energia Renovável;Construtora Nova Era Ltda.
P-09673;Execução Cível;Estado de Santa Aurora;Maria Oliveira
P-09674;Inventário e partilha;Estado de Santa Aurora;Maria Oliveira
P-09675;Falência e Recuperação Judicial;Secretaria de Saúde de Santa Clara;Construtora Nova Era Ltda.
P-09676;Execução de alimentos;Estado de Santa Aurora;TechBrasil S.A.
P-09677;Execução de título extrajudicial;Prefeitura Municipal de Nova Esperança;João da Silva
P-09678;Falência e Recuperação Judicial;Secretaria de Saúde de Santa Clara;Pedro Henrique Santos
P-09679;Extinção de condomínio;Oficina Mecânica do Zé;Instituto Nacional de Energia Renovável
P-09680;Execução Cível;Secretaria de Saúde de Santa Clara;GlobalTech Corp.
P-09681;Execução de título extrajudicial;Prefeitura Municipal de Nova Esperança;Instituto Nacional de Energia Renovável
P-09682;Ações hipotecárias;Fernanda Costa;Secretaria de Saúde de Santa Clara
P-09683;Falência e Recuperação Judicial;Instituto Nacional de Energia Renovável;Oficina Mecânica do Zé
P-09684;Trabalhista;Fernanda Costa;Oficina Mecânica do Zé
P-09685;Falência e Recuperação Judicial;Instituto Nacional de Energia Renovável;GlobalTech Corp.
P-09686;Extinção de condomínio;Fernanda Costa;Prefeitura Municipal de Nova Esperança
P-09687;Execução Cível;Ana Paula Lima;Construtora Nova Era Ltda.
P-09688;Falência e Recuperação Judicial;Secretaria de Saúde de Santa Clara;Prefeitura Municipal de Nova Esperança
P-09689;Falência e Recuperação Judicial;Estado de Santa Aurora;Secretaria de Saúde de Santa Clara
P-09690;Ações hipotecárias;Construtora Nova Era Ltda.;Construtora Nova Era Ltda.
P-09691;Trabalhista;Maria Oliveira;Ricardo Almeida
P-09692;Extinção de condomínio;Oficina Mecânica do Zé;Estado de Santa Aurora
P-09693;Busca e apreensão;GlobalTech Corp.;Fernanda Costa
P-09694;Execução de alimentos;Ricardo Almeida;Maria Oliveira
P-09695;Inventário e partilha;Construtora Nova Era Ltda.;João da Silva
P-09696;Inventário e partilha;Construtora Nova Era Ltda.;Fernanda Costa
P-09697;Execução Cível;Instituto Nacional de Energia Renovável;Carlos Souza
P-09698;Ações hipotecárias;Prefeitura Municipal de Nova Esperança;Oficina Mecânica do Zé
P-09699;Ações hipotecárias;Instituto Nacional de Energia Renovável;Estado de Santa Aurora
P-09700;Execução de alimentos;Instituto Nacional de Energia Renovável;Fernanda Costa
P-09701;Ações hipotecárias;Estado de Santa Aurora;Ricardo Almeida
P-09702;Execução Cível;Secretaria de Saúde de Santa Clara;AgroVale Ltda.
P-09703;Execução Fiscal;Prefeitura Municipal de Nova Esperança;Instituto Nacional de Energia Renovável
P-09704;Execução Fiscal;Instituto Nacional de Energia Renovável;Carlos Souza
P-09705;Execução Fiscal;Prefeitura Municipal de Nova Esperança;Oficina Mecânica do Zé
P-09706;Execução Cível;Estado de Santa Aurora;AgroVale Ltda.
P-09707;Execução Cível;Estado de Santa Aurora;AgroVale Ltda.
P-09708;Trabalhista;AgroVale Ltda.;Instituto Nacional de Energia Renovável
P-09709;Inventário e partilha;Construtora Nova Era Ltda.;Fernanda Costa
P-09710;Inventário e partilha;Ricardo Almeida;Ana Paula Lima
P-09711;Execução Fiscal;Prefeitura Municipal de Nova Esperança;Pedro Henrique Santos
P-09712;Execução de título extrajudicial;Ricardo Almeida;Secretaria de Saúde de Santa Clara
P-09713;Extinção de condomínio;Maria Oliveira;Ana Paula Lima
P-09714;Extinção de condomínio;Carlos Souza;Fernanda Costa
P-09715;Busca e apreensão;AgroVale Ltda.;Prefeitura Municipal de Nova Esperança
P-09716;Busca e apreensão;Construtora Nova Era Ltda.;Ricardo Almeida
P-09717;Execução Cível;Oficina Mecânica do Zé;Construtora Nova Era Ltda.
P-09718;Execução Cível;Prefeitura Municipal de Nova Esperança;Prefeitura Municipal de Nova Esperança
P-09719;Busca e apreensão;Prefeitura Municipal de Nova Esperança;Fernanda Costa
P-09720;Extinção de condomínio;Instituto Nacional de Energia Renovável;Ana Paula Lima
P-09721;Execução de título extrajudicial;Carlos Souza;Fernanda Costa
P-09722;Extinção de condomínio;Ricardo Almeida;Construtora Nova Era Ltda.
P-09723;Falência e Recuperação Judicial;Secretaria de Saúde de Santa Clara;TechBrasil S.A.
P-09724;Execução de título extrajudicial;João da Silva;Oficina Mecânica do Zé
P-09725;Execução de título extrajudicial;Construtora Nova Era Ltda.;TechBrasil S.A.
P-09726;Execução de título extrajudicial;Juliana Rocha;Maria Oliveira
P-09727;Ações hipotecárias;TechBrasil S.A.;Oficina Mecânica do Zé
P-09728;Extinção de condomínio;Ricardo Almeida;Ana Paula Lima
P-09729;Execução de título extrajudicial;João da Silva;Prefeitura Municipal de Nova Esperança
P-09730;Falência e Recuperação Judicial;Prefeitura Municipal de Nova Esperança;Secretaria de Saúde de Santa Clara
P-09731;Busca e apreensão;Maria Oliveira;Fernanda Costa
P-09732;Execução Cível;AgroVale Ltda.;Instituto Nacional de Energia Renovável
P-09733;Execução Cível;Ricardo Almeida;Estado de Santa Aurora
P-09734;Trabalhista;Oficina Mecânica do Zé;Construtora Nova Era Ltda.
P-09735;Execução Fiscal;Estado de Santa Aurora;Carlos Souza
P-09736;Extinção de condomínio;Juliana Rocha;AgroVale Ltda.
P-09737;Execução Fiscal;Estado de Santa Aurora;Prefeitura Municipal de Nova Esperança
P-09738;Execução de título extrajudicial;Juliana Rocha;Construtora Nova Era Ltda.
P-09739;Ações hipotecárias;Instituto Nacional de Energia Renovável;Fernanda Costa
P-09740;Ações hipotecárias;João da Silva;Oficina Mecânica do Zé
P-09741;Execução de alimentos;João da Silva;Carlos Souza
P-09742;Falência e Recuperação Judicial;Estado de Santa Aurora;Maria Oliveira
P-09743;Execução Cível;Instituto Nacional de Energia Renovável;Maria Oliveira
P-09744;Ações hipotecárias;Prefeitura Municipal de Nova Esperança;GlobalTech Corp.
P-09745;Execução Fiscal;Estado de Santa Aurora;Carlos Souza
P-09746;Execução Cível;Maria Oliveira;AgroVale Ltda.
P-09747;Busca e apreensão;Fernanda Costa;AgroVale Ltda.
P-09748;Inventário e partilha;Pedro Henrique Santos;Secretaria de Saúde de Santa Clara
P-09749;Ações hipotecárias;Ana Paula Lima;Pedro Henrique Santos
P-09750;Execução Fiscal;Secretaria de Saúde de Santa Clara;Maria Oliveira
P-09751;Trabalhista;Juliana Rocha;Ricardo Almeida
P-09752;Execução de título extrajudicial;Juliana Rocha;GlobalTech Corp.
P-09753;Extinção de condomínio;Fernanda Costa;Prefeitura Municipal de Nova Esperança
P-09754;Execução Cível;Maria Oliveira;GlobalTech Corp.
P-09755;Falência e Recuperação Judicial;Estado de Santa Aurora;Carlos Souza
P-09756;Execução de alimentos;Juliana Rocha;Carlos Souza
P-09757;Execução Cível;Estado de Santa Aurora;Secretaria de Saúde de Santa Clara
P-09758;Ações hipotecárias;Juliana Rocha;Oficina Mecânica do Zé
P-09759;Execução Fiscal;Secretaria de Saúde de Santa Clara;Maria Oliveira
P-09760;Execução Cível;Carlos Souza;Maria Oliveira
P-09761;Execução Fiscal;Estado de Santa Aurora;TechBrasil S.A.
P-09762;Execução Cível;Oficina Mecânica do Zé;Juliana Rocha
P-09763;Ações hipotecárias;Ana Paula Lima;Maria Oliveira
P-09764;Trabalhista;Maria Oliveira;Fernanda Costa
P-09765;Extinção de condomínio;Estado de Santa Aurora;Oficina Mecânica do Zé
P-09766;Execução de título extrajudicial;Estado de Santa Aurora;Ana Paula Lima
P-09767;Execução Fiscal;Estado de Santa Aurora;Carlos Souza
P-09768;Ações hipotecárias;Instituto Nacional de Energia Renovável;Fernanda Costa
P-09769;Extinção de condomínio;GlobalTech Corp.;Estado de Santa Aurora
P-09770;Falência e Recuperação Judicial;Estado de Santa Aurora;Fernanda Costa
P-09771;Inventário e partilha;Estado de Santa Aurora;Secretaria de Saúde de Santa Clara
P-09772;Execução de título extrajudicial;Prefeitura Municipal de Nova Esperança;Instituto Nacional de Energia Renovável
P-09773;Falência e Recuperação Judicial;Instituto Nacional de Energia Renovável;Secretaria de Saúde de Santa Clara
P-09774;Execução Fiscal;Secretaria de Saúde de Santa Clara;Ricardo Almeida
P-09775;Execução Fiscal;Prefeitura Municipal de Nova Esperança;Carlos Souza
P-09776;Inventário e partilha;Carlos Souza;Maria Oliveira
P-09777;Extinção de condomínio;Construtora Nova Era Ltda.;GlobalTech Corp.
P-09778;Falência e Recuperação Judicial;Secretaria de Saúde de Santa Clara;João da Silva
P-09779;Inventário e partilha;Construtora Nova Era Ltda.;Prefeitura Municipal de Nova Esperança
P-09780;Ações hipotecárias;Prefeitura Municipal de Nova Esperança;TechBrasil S.A.
P-09781;Falência e Recuperação Judicial;Secretaria de Saúde de Santa Clara;Secretaria de Saúde de Santa Clara
P-09782;Falência e Recuperação Judicial;Prefeitura Municipal de Nova Esperança;TechBrasil S.A.
P-09783;Extinção de condomínio;João da Silva;TechBrasil S.A.
P-09784;Execução de título extrajudicial;Secretaria de Saúde de Santa Clara;AgroVale Ltda.
P-09785;Busca e apreensão;Juliana Rocha;Instituto Nacional de Energia Renovável
P-09786;Busca e apreensão;João da Silva;Fernanda Costa
P-09787;Execução Cível;Estado de Santa Aurora;AgroVale Ltda.
P-09788;Execução de título extrajudicial;Pedro Henrique Santos;Secretaria de Saúde de Santa Clara
P-09789;Extinção de condomínio;GlobalTech Corp.;TechBrasil S.A.
P-09790;Falência e Recuperação Judicial;Estado de Santa Aurora;Instituto Nacional de Energia Renovável
P-09791;Trabalhista;Fernanda Costa;Estado de Santa Aurora
P-09792;Inventário e partilha;TechBrasil S.A.;Ana Paula Lima
P-09793;Execução de título extrajudicial;Instituto Nacional de Energia Renovável;Carlos Souza
P-09794;Execução de alimentos;Oficina Mecânica do Zé;Ricardo Almeida
P-09795;Trabalhista;TechBrasil S.A.;AgroVale Ltda.
P-09796;Execução Fiscal;Prefeitura Municipal de Nova Esperança;Oficina Mecânica do Zé
P-09797;Extinção de condomínio;Maria Oliveira;Instituto Nacional de Energia Renovável
P-09798;Busca e apreensão;GlobalTech Corp.;Instituto Nacional de Energia Renovável
P-09799;Execução de título extrajudicial;Pedro Henrique Santos;Maria Oliveira
P-09800;Execução Cível;GlobalTech Corp.;Ricardo Almeida
P-09801;Inventário e partilha;Instituto Nacional de Energia Renovável;João da Silva
P-09802;Execução de título extrajudicial;Estado de Santa Aurora;Secretaria de Saúde de Santa Clara
P-09803;Extinção de condomínio;Juliana Rocha;Ana Paula Lima
P-09804;Inventário e partilha;Ana Paula Lima;Prefeitura Municipal de Nova Esperança
P-09805;Execução de alimentos;Construtora Nova Era Ltda.;Oficina Mecânica do Zé
P-09806;Trabalhista;Maria Oliveira;João da Silva
P-09807;Trabalhista;Ricardo Almeida;Pedro Henrique Santos
P-09808;Falência e Recuperação Judicial;Instituto Nacional de Energia Renovável;João da Silva
P-09809;Trabalhista;Instituto Nacional de Energia Renovável;Fernanda Costa
P-09810;Inventário e partilha;GlobalTech Corp.;Ricardo Almeida
P-09811;Execução de alimentos;Prefeitura Municipal de Nova Esperança;Pedro Henrique Santos
P-09812;Execução de alimentos;Maria Oliveira;Carlos Souza
P-09813;Extinção de condomínio;Ricardo Almeida;AgroVale Ltda.
P-09814;Extinção de condomínio;Fernanda Costa;Ricardo Almeida
P-09815;Extinção de condomínio;Carlos Souza;AgroVale Ltda.
P-09816;Execução Cível;João da Silva;GlobalTech Corp.
P-09817;Busca e apreensão;Prefeitura Municipal de Nova Esperança;GlobalTech Corp.
P-09818;Inventário e partilha;Secretaria de Saúde de Santa Clara;Estado de Santa Aurora
P-09819;Trabalhista;Juliana Rocha;Fernanda Costa
P-09820;Extinção de condomínio;TechBrasil S.A.;Construtora Nova Era Ltda.
P-09821;Execução de título extrajudicial;Ricardo Almeida;Maria Oliveira
P-09822;Execução de alimentos;João da Silva;João da Silva
P-09823;Execução de alimentos;Ana Paula Lima;Instituto Nacional de Energia Renovável
P-09824;Busca e apreensão;AgroVale Ltda.;Fernanda Costa
P-09825;Execução de alimentos;Juliana Rocha;Oficina Mecânica do Zé
P-09826;Execução Fiscal;Prefeitura Municipal de Nova Esperança;Juliana Rocha
P-09827;Ações hipotecárias;Pedro Henrique Santos;Construtora Nova Era Ltda.
P-09828;Trabalhista;Oficina Mecânica do Zé;TechBrasil S.A.
P-09829;Execução de alimentos;João da Silva;Carlos Souza
P-09830;Execução de alimentos;Estado de Santa Aurora;Pedro Henrique Santos
P-09831;Busca e apreensão;Fernanda Costa;TechBrasil S.A.
P-09832;Execução de título extrajudicial;João da Silva;Oficina Mecânica do Zé
P-09833;Inventário e partilha;Secretaria de Saúde de Santa Clara;Secretaria de Saúde de Santa Clara
P-09834;Falência e Recuperação Judicial;Instituto Nacional de Energia Renovável;Ricardo Almeida
P-09835;Execução de alimentos;AgroVale Ltda.;Instituto Nacional de Energia Renovável
P-09836;Busca e apreensão;João da Silva;Prefeitura Municipal de Nova Esperança
P-09837;Busca e apreensão;Oficina Mecânica do Zé;Carlos Souza
P-09838;Extinção de condomínio;TechBrasil S.A.;Ana Paula Lima
P-09839;Extinção de condomínio;Maria Oliveira;Secretaria de Saúde de Santa Clara
P-09840;Extinção de condomínio;Maria Oliveira;GlobalTech Corp.
P-09841;Ações hipotecárias;Maria Oliveira;Carlos Souza
P-09842;Falência e Recuperação Judicial;Instituto Nacional de Energia Renovável;Juliana Rocha
P-09843;Execução de título extrajudicial;Juliana Rocha;Juliana Rocha
P-09844;Execução de alimentos;Maria Oliveira;Ana Paula Lima
P-09845;Falência e Recuperação Judicial;Estado de Santa Aurora;AgroVale Ltda.
P-09846;Extinção de condomínio;Instituto Nacional de Energia Renovável;Fernanda Costa
P-09847;Busca e apreensão;TechBrasil S.A.;Carlos Souza
P-09848;Ações hipotecárias;Juliana Rocha;TechBrasil S.A.
P-09849;Ações hipotecárias;GlobalTech Corp.;TechBrasil S.A.
P-09850;Busca e apreensão;Estado de Santa Aurora;Secretaria de Saúde de Santa Clara
P-09851;Falência e Recuperação Judicial;Secretaria de Saúde de Santa Clara;Oficina Mecânica do Zé
P-09852;Execução de título extrajudicial;Pedro Henrique Santos;Estado de Santa Aurora
P-09853;Execução Cível;TechBrasil S.A.;TechBrasil S.A.
P-09854;Execução Fiscal;Secretaria de Saúde de Santa Clara;Oficina Mecânica do Zé
P-09855;Busca e apreensão;Construtora Nova Era Ltda.;Juliana Rocha
P-09856;Trabalhista;Construtora Nova Era Ltda.;Pedro Henrique Santos
P-09857;Falência e Recuperação Judicial;Estado de Santa Aurora;Fernanda Costa
P-09858;Extinção de condomínio;Prefeitura Municipal de Nova Esperança;Instituto Nacional de Energia Renovável
P-09859;Inventário e partilha;Juliana Rocha;Estado de Santa Aurora
P-09860;Execução Cível;Carlos Souza;Fernanda Costa
P-09861;Execução Cível;TechBrasil S.A.;Maria Oliveira
P-09862;Execução Fiscal;Instituto Nacional de Energia Renovável;Instituto Nacional de Energia Renovável
P-09863;Execução de alimentos;TechBrasil S.A.;AgroVale Ltda.
P-09864;Inventário e partilha;Estado de Santa Aurora;Carlos Souza
P-09865;Execução de título extrajudicial;Maria Oliveira;Juliana Rocha
P-09866;Execução Fiscal;Prefeitura Municipal de Nova Esperança;Instituto Nacional de Energia Renovável
P-09867;Trabalhista;Oficina Mecânica do Zé;TechBrasil S.A.
P-09868;Busca e apreensão;Pedro Henrique Santos;AgroVale Ltda.
P-09869;Inventário e partilha;Construtora Nova Era Ltda.;Juliana Rocha
P-09870;Execução de título extrajudicial;Prefeitura Municipal de Nova Esperança;Secretaria de Saúde de Santa Clara
P-09871;Execução Fiscal;Estado de Santa Aurora;Instituto Nacional de Energia Renovável
P-09872;Execução Cível;Pedro Henrique Santos;Oficina Mecânica do Zé
P-09873;Extinção de condomínio;Ana Paula Lima;Ricardo Almeida
P-09874;Execução Fiscal;Secretaria de Saúde de Santa Clara;Pedro Henrique Santos
P-09875;Execução Fiscal;Secretaria de Saúde de Santa Clara;Fernanda Costa
P-09876;Inventário e partilha;Carlos Souza;Maria Oliveira
P-09877;Execução Fiscal;Secretaria de Saúde de Santa Clara;João da Silva
P-09878;Ações hipotecárias;Juliana Rocha;Maria Oliveira
P-09879;Execução de título extrajudicial;AgroVale Ltda.;Prefeitura Municipal de Nova Esperança
P-09880;Execução Fiscal;Instituto Nacional de Energia Renovável;GlobalTech Corp.
P-09881;Busca e apreensão;Carlos Souza;Fernanda Costa
P-09882;Execução de alimentos;Ricardo Almeida;Ricardo Almeida
P-09883;Inventário e partilha;Fernanda Costa;Prefeitura Municipal de Nova Esperança
P-09884;Trabalhista;Pedro Henrique Santos;Construtora Nova Era Ltda.
P-09885;Execução de alimentos;AgroVale Ltda.;Pedro Henrique Santos
P-09886;Extinção de condomínio;Juliana Rocha;GlobalTech Corp.
P-09887;Trabalhista;TechBrasil S.A.;Fernanda Costa
P-09888;Falência e Recuperação Judicial;Instituto Nacional de Energia Renovável;Construtora Nova Era Ltda.
P-09889;Falência e Recuperação Judicial;Prefeitura Municipal de Nova Esperança;Carlos Souza
P-09890;Execução Fiscal;Prefeitura Municipal de Nova Esperança;Estado de Santa Aurora
P-09891;Falência e Recuperação Judicial;Secretaria de Saúde de Santa Clara;Construtora Nova Era Ltda.
P-09892;Trabalhista;Ricardo Almeida;Ricardo Almeida
P-09893;Trabalhista;Pedro Henrique Santos;Construtora Nova Era Ltda.
P-09894;Busca e apreensão;Maria Oliveira;Pedro Henrique Santos
P-09895;Ações hipotecárias;GlobalTech Corp.;Estado de Santa Aurora
P-09896;Trabalhista;Instituto Nacional de Energia Renovável;Instituto Nacional de Energia Renovável
P-09897;Busca e apreensão;Oficina Mecânica do Zé;Ana Paula Lima
P-09898;Extinção de condomínio;AgroVale Ltda.;Fernanda Costa
P-09899;Trabalhista;Juliana Rocha;Estado de Santa Aurora
P-09900;Busca e apreensão;Prefeitura Municipal de Nova Esperança;Construtora Nova Era Ltda.
P-09901;Execução de alimentos;Construtora Nova Era Ltda.;Fernanda Costa
P-09902;Execução Fiscal;Prefeitura Municipal de Nova Esperança;Maria Oliveira
P-09903;Falência e Recuperação Judicial;Prefeitura Municipal de Nova Esperança;Ana Paula Lima
P-09904;Extinção de condomínio;Oficina Mecânica do Zé;Fernanda Costa
P-09905;Ações hipotecárias;Secretaria de Saúde de Santa Clara;Ana Paula Lima
P-09906;Extinção de condomínio;AgroVale Ltda.;Ana Paula Lima
P-09907;Trabalhista;Juliana Rocha;Estado de Santa Aurora
P-09908;Execução de título extrajudicial;Secretaria de Saúde de Santa Clara;Ricardo Almeida
P-09909;Execução Cível;Juliana Rocha;Oficina Mecânica do Zé
P-09910;Execução de alimentos;Carlos Souza;TechBrasil S.A.
P-09911;Execução Cível;Fernanda Costa;Pedro Henrique Santos
P-09912;Falência e Recuperação Judicial;Secretaria de Saúde de Santa Clara;Secretaria de Saúde de Santa Clara
P-09913;Trabalhista;João da Silva;Fernanda Costa
P-09914;Trabalhista;Prefeitura Municipal de Nova Esperança;Pedro Henrique Santos
P-09915;Extinção de condomínio;Carlos Souza;Juliana Rocha
P-09916;Execução Fiscal;Instituto Nacional de Energia Renovável;Oficina Mecânica do Zé
P-09917;Busca e apreensão;Estado de Santa Aurora;Ana Paula Lima
P-09918;Trabalhista;Carlos Souza;Maria Oliveira
P-09919;Execução Fiscal;Estado de Santa Aurora;TechBrasil S.A.
P-09920;Falência e Recuperação Judicial;Secretaria de Saúde de Santa Clara;Instituto Nacional de Energia Renovável
P-09921;Falência e Recuperação Judicial;Prefeitura Municipal de Nova Esperança;Secretaria de Saúde de Santa Clara
P-09922;Execução de título extrajudicial;Estado de Santa Aurora;Pedro Henrique Santos
P-09923;Execução de título extrajudicial;Secretaria de Saúde de Santa Clara;Ana Paula Lima
P-09924;Ações hipotecárias;Juliana Rocha;Maria Oliveira
P-09925;Falência e Recuperação Judicial;Secretaria de Saúde de Santa Clara;Pedro Henrique Santos
P-09926;Execução Fiscal;Secretaria de Saúde de Santa Clara;Oficina Mecânica do Zé
P-09927;Ações hipotecárias;João da Silva;Carlos Souza
P-09928;Execução de título extrajudicial;GlobalTech Corp.;Prefeitura Municipal de Nova Esperança
P-09929;Execução Cível;Estado de Santa Aurora;GlobalTech Corp.
P-09930;Inventário e partilha;Estado de Santa Aurora;Carlos Souza
P-09931;Trabalhista;Ana Paula Lima;Juliana Rocha
P-09932;Busca e apreensão;Fernanda Costa;Ana Paula Lima
P-09933;Execução Cível;Pedro Henrique Santos;Maria Oliveira
P-09934;Trabalhista;Instituto Nacional de Energia Renovável;Ana Paula Lima
P-09935;Busca e apreensão;Secretaria de Saúde de Santa Clara;Maria Oliveira
P-09936;Trabalhista;Juliana Rocha;AgroVale Ltda.
P-09937;Execução Cível;Ricardo Almeida;Instituto Nacional de Energia Renovável
P-09938;Ações hipotecárias;Prefeitura Municipal de Nova Esperança;Fernanda Costa
P-09939;Execução Cível;AgroVale Ltda.;TechBrasil S.A.
P-09940;Execução de título extrajudicial;Ana Paula Lima;TechBrasil S.A.
P-09941;Execução Fiscal;Estado de Santa Aurora;Secretaria de Saúde de Santa Clara
P-09942;Ações hipotecárias;João da Silva;Pedro Henrique Santos
P-09943;Execução de alimentos;Secretaria de Saúde de Santa Clara;Secretaria de Saúde de Santa Clara
P-09944;Busca e apreensão;TechBrasil S.A.;TechBrasil S.A.
P-09945;Extinção de condomínio;TechBrasil S.A.;TechBrasil S.A.
P-09946;Extinção de condomínio;João da Silva;Secretaria de Saúde de Santa Clara
P-09947;Extinção de condomínio;AgroVale Ltda.;GlobalTech Corp.
P-09948;Execução Cível;Juliana Rocha;João da Silva
P-09949;Busca e apreensão;AgroVale Ltda.;Juliana Rocha
P-09950;Falência e Recuperação Judicial;Instituto Nacional de Energia Renovável;Juliana Rocha
P-09951;Execução de título extrajudicial;Prefeitura Municipal de Nova Esperança;Oficina Mecânica do Zé
P-09952;Execução Cível;Construtora Nova Era Ltda.;Oficina Mecânica do Zé
P-09953;Execução Fiscal;Estado de Santa Aurora;Estado de Santa Aurora
P-09954;Execução de alimentos;Construtora Nova Era Ltda.;GlobalTech Corp.
P-09955;Trabalhista;Instituto Nacional de Energia Renovável;Pedro Henrique Santos
P-09956;Ações hipotecárias;Fernanda Costa;TechBrasil S.A.
P-09957;Falência e Recuperação Judicial;Instituto Nacional de Energia Renovável;Instituto Nacional de Energia Renovável
P-09958;Trabalhista;TechBrasil S.A.;GlobalTech Corp.
P-09959;Execução de título extrajudicial;Estado de Santa Aurora;Oficina Mecânica do Zé
P-09960;Execução de alimentos;Secretaria de Saúde de Santa Clara;GlobalTech Corp.
P-09961;Falência e Recuperação Judicial;Instituto Nacional de Energia Renovável;AgroVale Ltda.
P-09962;Trabalhista;Pedro Henrique Santos;Oficina Mecânica do Zé
P-09963;Ações hipotecárias;Carlos Souza;Secretaria de Saúde de Santa Clara
P-09964;Execução Fiscal;Estado de Santa Aurora;Ana Paula Lima
P-09965;Execução de título extrajudicial;TechBrasil S.A.;Oficina Mecânica do Zé
P-09966;Execução de título extrajudicial;Pedro Henrique Santos;Pedro Henrique Santos
P-09967;Trabalhista;Fernanda Costa;Juliana Rocha
P-09968;Execução Cível;Prefeitura Municipal de Nova Esperança;GlobalTech Corp.
P-09969;Busca e apreensão;Oficina Mecânica do Zé;Carlos Souza
P-09970;Inventário e partilha;Juliana Rocha;AgroVale Ltda.
P-09971;Falência e Recuperação Judicial;Prefeitura Municipal de Nova Esperança;João da Silva
P-09972;Execução Cível;Instituto Nacional de Energia Renovável;TechBrasil S.A.
P-09973;Busca e apreensão;GlobalTech Corp.;Estado de Santa Aurora
P-09974;Trabalhista;Instituto Nacional de Energia Renovável;Juliana Rocha
P-09975;Extinção de condomínio;GlobalTech Corp.;Instituto Nacional de Energia Renovável
P-09976;Ações hipotecárias;Oficina Mecânica do Zé;AgroVale Ltda.
P-09977;Extinção de condomínio;GlobalTech Corp.;Construtora Nova Era Ltda.
P-09978;Busca e apreensão;Prefeitura Municipal de Nova Esperança;GlobalTech Corp.
P-09979;Execução Fiscal;Instituto Nacional de Energia Renovável;João da Silva
P-09980;Falência e Recuperação Judicial;Instituto Nacional de Energia Renovável;Prefeitura Municipal de Nova Esperança
P-09981;Busca e apreensão;Prefeitura Municipal de Nova Esperança;Instituto Nacional de Energia Renovável
P-09982;Busca e apreensão;Prefeitura Municipal de Nova Esperança;Construtora Nova Era Ltda.
P-09983;Ações hipotecárias;Instituto Nacional de Energia Renovável;Pedro Henrique Santos
P-09984;Execução Cível;TechBrasil S.A.;Secretaria de Saúde de Santa Clara
P-09985;Ações hipotecárias;Instituto Nacional de Energia Renovável;Juliana Rocha
P-09986;Execução Cível;AgroVale Ltda.;Secretaria de Saúde de Santa Clara
P-09987;Busca e apreensão;Instituto Nacional de Energia Renovável;GlobalTech Corp.
P-09988;Inventário e partilha;Secretaria de Saúde de Santa Clara;GlobalTech Corp.
P-09989;Execução Fiscal;Prefeitura Municipal de Nova Esperança;Instituto Nacional de Energia Renovável
P-09990;Ações hipotecárias;Instituto Nacional de Energia Renovável;Prefeitura Municipal de Nova Esperança
P-09991;Falência e Recuperação Judicial;Secretaria de Saúde de Santa Clara;Juliana Rocha
P-09992;Falência e Recuperação Judicial;Instituto Nacional de Energia Renovável;Carlos Souza
P-09993;Trabalhista;Juliana Rocha;AgroVale Ltda.
P-09994;Execução Cível;Carlos Souza;Instituto Nacional de Energia Renovável
P-09995;Trabalhista;Estado de Santa Aurora;Estado de Santa Aurora
P-09996;Inventário e partilha;AgroVale Ltda.;Prefeitura Municipal de Nova Esperança
P-09997;Execução de título extrajudicial;Ana Paula Lima;Maria Oliveira
P-09998;Execução de título extrajudicial;Maria Oliveira;Fernanda Costa
P-09999;Trabalhista;AgroVale Ltda.;Estado de Santa Aurora
P-10000;Execução de alimentos;GlobalTech Corp.;Maria Oliveira
